
> omni-context-brain-server@0.1.1 test
> vitest run


[7m[1m[36m RUN [39m[22m[27m [36mv1.6.1[39m [90m<repo>/brain-server[39m

[90mstdout[2m | tests/temporal-assertions.test.ts[2m > [22m[2mtemporal assertions[2m > [22m[2mdistinguishes current facts from state at a historical point in time[22m[39m
[Database] sqlite-vec 扩展加载成功 ✓

[90mstdout[2m | tests/temporal-assertions.test.ts[2m > [22m[2mtemporal assertions[2m > [22m[2mdistinguishes current facts from state at a historical point in time[22m[39m
Migration applied: unified_graph_schema_v2

[90mstdout[2m | tests/temporal-assertions.test.ts[2m > [22m[2mtemporal assertions[2m > [22m[2mdistinguishes current facts from state at a historical point in time[22m[39m
Migration applied: add_performance_indexes_v2

[90mstdout[2m | tests/temporal-assertions.test.ts[2m > [22m[2mtemporal assertions[2m > [22m[2mdistinguishes current facts from state at a historical point in time[22m[39m
Migration applied: add_memory_tables

[90mstdout[2m | tests/temporal-assertions.test.ts[2m > [22m[2mtemporal assertions[2m > [22m[2mdistinguishes current facts from state at a historical point in time[22m[39m
Migration applied: add_vec0_virtual_table

[90mstdout[2m | tests/temporal-assertions.test.ts[2m > [22m[2mtemporal assertions[2m > [22m[2mdistinguishes current facts from state at a historical point in time[22m[39m
Migration applied: add_fts5_fulltext_search

[90mstdout[2m | tests/temporal-assertions.test.ts[2m > [22m[2mtemporal assertions[2m > [22m[2mdistinguishes current facts from state at a historical point in time[22m[39m
Migration applied: add_notifications_table

[90mstdout[2m | tests/temporal-assertions.test.ts[2m > [22m[2mtemporal assertions[2m > [22m[2mdistinguishes current facts from state at a historical point in time[22m[39m
Migration applied: add_core_memory_summary

[90mstdout[2m | tests/temporal-assertions.test.ts[2m > [22m[2mtemporal assertions[2m > [22m[2mdistinguishes current facts from state at a historical point in time[22m[39m
Migration applied: add_temporal_graph_fields

[90mstdout[2m | tests/temporal-assertions.test.ts[2m > [22m[2mtemporal assertions[2m > [22m[2mdistinguishes current facts from state at a historical point in time[22m[39m
Migration applied: add_invalidation_reason_to_relationships

[90mstdout[2m | tests/temporal-assertions.test.ts[2m > [22m[2mtemporal assertions[2m > [22m[2mdistinguishes current facts from state at a historical point in time[22m[39m
Migration applied: add_app_meta

[90mstdout[2m | tests/temporal-assertions.test.ts[2m > [22m[2mtemporal assertions[2m > [22m[2mdistinguishes current facts from state at a historical point in time[22m[39m
Migration applied: add_discussions_table

[90mstdout[2m | tests/merge-redirect.test.ts[2m > [22m[2mTask 11: confirmMerge redirects graph edges onto canonical entity[2m > [22m[2mredirects relationships.source_id and target_id onto canonical[22m[39m
[Database] sqlite-vec 扩展加载成功 ✓

[90mstdout[2m | tests/temporal-assertions.test.ts[2m > [22m[2mtemporal assertions[2m > [22m[2mdistinguishes current facts from state at a historical point in time[22m[39m
Migration applied: add_mcp_usage_log

[90mstdout[2m | tests/merge-redirect.test.ts[2m > [22m[2mTask 11: confirmMerge redirects graph edges onto canonical entity[2m > [22m[2mredirects relationships.source_id and target_id onto canonical[22m[39m
Migration applied: unified_graph_schema_v2

[90mstdout[2m | tests/temporal-assertions.test.ts[2m > [22m[2mtemporal assertions[2m > [22m[2mdistinguishes current facts from state at a historical point in time[22m[39m
Migration applied: add_scoped_device_tokens

[90mstdout[2m | tests/temporal-assertions.test.ts[2m > [22m[2mtemporal assertions[2m > [22m[2mdistinguishes current facts from state at a historical point in time[22m[39m
Migration applied: enforce_domain_type_constraints

[90mstdout[2m | tests/merge-redirect.test.ts[2m > [22m[2mTask 11: confirmMerge redirects graph edges onto canonical entity[2m > [22m[2mredirects relationships.source_id and target_id onto canonical[22m[39m
Migration applied: add_performance_indexes_v2

[90mstdout[2m | tests/merge-redirect.test.ts[2m > [22m[2mTask 11: confirmMerge redirects graph edges onto canonical entity[2m > [22m[2mredirects relationships.source_id and target_id onto canonical[22m[39m
Migration applied: add_memory_tables

[90mstdout[2m | tests/temporal-assertions.test.ts[2m > [22m[2mtemporal assertions[2m > [22m[2mdistinguishes current facts from state at a historical point in time[22m[39m
Migration applied: add_temporal_assertions

[90mstdout[2m | tests/merge-redirect.test.ts[2m > [22m[2mTask 11: confirmMerge redirects graph edges onto canonical entity[2m > [22m[2mredirects relationships.source_id and target_id onto canonical[22m[39m
Migration applied: add_vec0_virtual_table

[90mstdout[2m | tests/merge-redirect.test.ts[2m > [22m[2mTask 11: confirmMerge redirects graph edges onto canonical entity[2m > [22m[2mredirects relationships.source_id and target_id onto canonical[22m[39m
Migration applied: add_fts5_fulltext_search

[90mstdout[2m | tests/temporal-assertions.test.ts[2m > [22m[2mtemporal assertions[2m > [22m[2mdistinguishes current facts from state at a historical point in time[22m[39m
Migration applied: add_ingestion_documents_and_chunks

[90mstdout[2m | tests/temporal-assertions.test.ts[2m > [22m[2mtemporal assertions[2m > [22m[2mdistinguishes current facts from state at a historical point in time[22m[39m
Migration applied: add_entity_resolution_review_queue

[90mstdout[2m | tests/merge-redirect.test.ts[2m > [22m[2mTask 11: confirmMerge redirects graph edges onto canonical entity[2m > [22m[2mredirects relationships.source_id and target_id onto canonical[22m[39m
Migration applied: add_notifications_table

[90mstdout[2m | tests/merge-redirect.test.ts[2m > [22m[2mTask 11: confirmMerge redirects graph edges onto canonical entity[2m > [22m[2mredirects relationships.source_id and target_id onto canonical[22m[39m
Migration applied: add_core_memory_summary

[90mstdout[2m | tests/schema-contract.test.ts[2m > [22m[2mdomain constraint migration[2m > [22m[2mrejects invalid entity, relationship and notification types at the database boundary[22m[39m
[Database] sqlite-vec 扩展加载成功 ✓

[90mstdout[2m | tests/temporal-assertions.test.ts[2m > [22m[2mtemporal assertions[2m > [22m[2mdistinguishes current facts from state at a historical point in time[22m[39m
Migration applied: add_assertion_conflict_audit

[90mstdout[2m | tests/merge-redirect.test.ts[2m > [22m[2mTask 11: confirmMerge redirects graph edges onto canonical entity[2m > [22m[2mredirects relationships.source_id and target_id onto canonical[22m[39m
Migration applied: add_temporal_graph_fields

[90mstdout[2m | tests/schema-contract.test.ts[2m > [22m[2mdomain constraint migration[2m > [22m[2mrejects invalid entity, relationship and notification types at the database boundary[22m[39m
Migration applied: unified_graph_schema_v2

[90mstdout[2m | tests/merge-redirect.test.ts[2m > [22m[2mTask 11: confirmMerge redirects graph edges onto canonical entity[2m > [22m[2mredirects relationships.source_id and target_id onto canonical[22m[39m
Migration applied: add_invalidation_reason_to_relationships
Migration applied: add_app_meta

[90mstdout[2m | tests/merge-redirect.test.ts[2m > [22m[2mTask 11: confirmMerge redirects graph edges onto canonical entity[2m > [22m[2mredirects relationships.source_id and target_id onto canonical[22m[39m
Migration applied: add_discussions_table

[90mstdout[2m | tests/merge-redirect.test.ts[2m > [22m[2mTask 11: confirmMerge redirects graph edges onto canonical entity[2m > [22m[2mredirects relationships.source_id and target_id onto canonical[22m[39m
Migration applied: add_mcp_usage_log

[90mstdout[2m | tests/merge-redirect.test.ts[2m > [22m[2mTask 11: confirmMerge redirects graph edges onto canonical entity[2m > [22m[2mredirects relationships.source_id and target_id onto canonical[22m[39m
Migration applied: add_scoped_device_tokens

[90mstdout[2m | tests/schema-contract.test.ts[2m > [22m[2mdomain constraint migration[2m > [22m[2mrejects invalid entity, relationship and notification types at the database boundary[22m[39m
Migration applied: add_performance_indexes_v2

[90mstdout[2m | tests/schema-contract.test.ts[2m > [22m[2mdomain constraint migration[2m > [22m[2mrejects invalid entity, relationship and notification types at the database boundary[22m[39m
Migration applied: add_memory_tables

[90mstdout[2m | tests/temporal-assertions.test.ts[2m > [22m[2mtemporal assertions[2m > [22m[2mdistinguishes current facts from state at a historical point in time[22m[39m
Migration applied: add_incremental_relationship_decay

[90mstdout[2m | tests/schema-contract.test.ts[2m > [22m[2mdomain constraint migration[2m > [22m[2mrejects invalid entity, relationship and notification types at the database boundary[22m[39m
Migration applied: add_vec0_virtual_table

[90mstdout[2m | tests/schema-contract.test.ts[2m > [22m[2mdomain constraint migration[2m > [22m[2mrejects invalid entity, relationship and notification types at the database boundary[22m[39m
Migration applied: add_fts5_fulltext_search

[90mstdout[2m | tests/temporal-assertions.test.ts[2m > [22m[2mtemporal assertions[2m > [22m[2mdistinguishes current facts from state at a historical point in time[22m[39m
Migration applied: add_behavior_events_and_proactive_insights

[90mstdout[2m | tests/schema-contract.test.ts[2m > [22m[2mdomain constraint migration[2m > [22m[2mrejects invalid entity, relationship and notification types at the database boundary[22m[39m
Migration applied: add_notifications_table

[90mstdout[2m | tests/merge-redirect.test.ts[2m > [22m[2mTask 11: confirmMerge redirects graph edges onto canonical entity[2m > [22m[2mredirects relationships.source_id and target_id onto canonical[22m[39m
Migration applied: enforce_domain_type_constraints

[90mstdout[2m | tests/schema-contract.test.ts[2m > [22m[2mdomain constraint migration[2m > [22m[2mrejects invalid entity, relationship and notification types at the database boundary[22m[39m
Migration applied: add_core_memory_summary

[90mstdout[2m | tests/schema-contract.test.ts[2m > [22m[2mdomain constraint migration[2m > [22m[2mrejects invalid entity, relationship and notification types at the database boundary[22m[39m
Migration applied: add_temporal_graph_fields

[90mstdout[2m | tests/schema-contract.test.ts[2m > [22m[2mdomain constraint migration[2m > [22m[2mrejects invalid entity, relationship and notification types at the database boundary[22m[39m
Migration applied: add_invalidation_reason_to_relationships

[90mstdout[2m | tests/schema-contract.test.ts[2m > [22m[2mdomain constraint migration[2m > [22m[2mrejects invalid entity, relationship and notification types at the database boundary[22m[39m
Migration applied: add_app_meta

[90mstdout[2m | tests/schema-contract.test.ts[2m > [22m[2mdomain constraint migration[2m > [22m[2mrejects invalid entity, relationship and notification types at the database boundary[22m[39m
Migration applied: add_discussions_table

[90mstdout[2m | tests/merge-redirect.test.ts[2m > [22m[2mTask 11: confirmMerge redirects graph edges onto canonical entity[2m > [22m[2mredirects relationships.source_id and target_id onto canonical[22m[39m
Migration applied: add_temporal_assertions

[90mstdout[2m | tests/schema-contract.test.ts[2m > [22m[2mdomain constraint migration[2m > [22m[2mrejects invalid entity, relationship and notification types at the database boundary[22m[39m
Migration applied: add_mcp_usage_log

[90mstdout[2m | tests/merge-redirect.test.ts[2m > [22m[2mTask 11: confirmMerge redirects graph edges onto canonical entity[2m > [22m[2mredirects relationships.source_id and target_id onto canonical[22m[39m
Migration applied: add_ingestion_documents_and_chunks

[90mstdout[2m | tests/temporal-assertions.test.ts[2m > [22m[2mtemporal assertions[2m > [22m[2mdistinguishes current facts from state at a historical point in time[22m[39m
Migration applied: add_assertion_literal_type_versioning_fts

[90mstdout[2m | tests/schema-contract.test.ts[2m > [22m[2mdomain constraint migration[2m > [22m[2mrejects invalid entity, relationship and notification types at the database boundary[22m[39m
Migration applied: add_scoped_device_tokens

[90mstdout[2m | tests/schema-contract.test.ts[2m > [22m[2mdomain constraint migration[2m > [22m[2mrejects invalid entity, relationship and notification types at the database boundary[22m[39m
Migration applied: enforce_domain_type_constraints

[90mstdout[2m | tests/merge-redirect.test.ts[2m > [22m[2mTask 11: confirmMerge redirects graph edges onto canonical entity[2m > [22m[2mredirects relationships.source_id and target_id onto canonical[22m[39m
Migration applied: add_entity_resolution_review_queue

[90mstdout[2m | tests/merge-redirect.test.ts[2m > [22m[2mTask 11: confirmMerge redirects graph edges onto canonical entity[2m > [22m[2mredirects relationships.source_id and target_id onto canonical[22m[39m
Migration applied: add_assertion_conflict_audit

[90mstdout[2m | tests/temporal-assertions.test.ts[2m > [22m[2mtemporal assertions[2m > [22m[2mdistinguishes current facts from state at a historical point in time[22m[39m
Migration applied: extend_entity_merge_audit_with_redirect_summary

[90mstdout[2m | tests/merge-redirect.test.ts[2m > [22m[2mTask 11: confirmMerge redirects graph edges onto canonical entity[2m > [22m[2mredirects relationships.source_id and target_id onto canonical[22m[39m
Migration applied: add_incremental_relationship_decay

[90mstdout[2m | tests/merge-redirect.test.ts[2m > [22m[2mTask 11: confirmMerge redirects graph edges onto canonical entity[2m > [22m[2mredirects relationships.source_id and target_id onto canonical[22m[39m
Migration applied: add_behavior_events_and_proactive_insights

[90mstdout[2m | tests/merge-redirect.test.ts[2m > [22m[2mTask 11: confirmMerge redirects graph edges onto canonical entity[2m > [22m[2mredirects relationships.source_id and target_id onto canonical[22m[39m
Migration applied: add_assertion_literal_type_versioning_fts

[90mstdout[2m | tests/merge-redirect.test.ts[2m > [22m[2mTask 11: confirmMerge redirects graph edges onto canonical entity[2m > [22m[2mredirects relationships.source_id and target_id onto canonical[22m[39m
Migration applied: extend_entity_merge_audit_with_redirect_summary

[90mstdout[2m | tests/merge-redirect.test.ts[2m > [22m[2mTask 11: confirmMerge redirects graph edges onto canonical entity[2m > [22m[2mredirects relationships.source_id and target_id onto canonical[22m[39m
Migration applied: add_failed_tasks_and_ingestion_provenance

[90mstdout[2m | tests/merge-redirect.test.ts[2m > [22m[2mTask 11: confirmMerge redirects graph edges onto canonical entity[2m > [22m[2mredirects assertions.subject_id and object_id onto canonical[22m[39m
[Database] sqlite-vec 扩展加载成功 ✓

[90mstdout[2m | tests/schema-contract.test.ts[2m > [22m[2mdomain constraint migration[2m > [22m[2mrejects invalid entity, relationship and notification types at the database boundary[22m[39m
Migration applied: add_temporal_assertions

[90mstdout[2m | tests/schema-contract.test.ts[2m > [22m[2mdomain constraint migration[2m > [22m[2mrejects invalid entity, relationship and notification types at the database boundary[22m[39m
Migration applied: add_ingestion_documents_and_chunks

[90mstdout[2m | tests/schema-contract.test.ts[2m > [22m[2mdomain constraint migration[2m > [22m[2mrejects invalid entity, relationship and notification types at the database boundary[22m[39m
Migration applied: add_entity_resolution_review_queue

[90mstdout[2m | tests/schema-contract.test.ts[2m > [22m[2mdomain constraint migration[2m > [22m[2mrejects invalid entity, relationship and notification types at the database boundary[22m[39m
Migration applied: add_assertion_conflict_audit

[90mstdout[2m | tests/schema-contract.test.ts[2m > [22m[2mdomain constraint migration[2m > [22m[2mrejects invalid entity, relationship and notification types at the database boundary[22m[39m
Migration applied: add_incremental_relationship_decay

[90mstdout[2m | tests/schema-contract.test.ts[2m > [22m[2mdomain constraint migration[2m > [22m[2mrejects invalid entity, relationship and notification types at the database boundary[22m[39m
Migration applied: add_behavior_events_and_proactive_insights

[90mstdout[2m | tests/schema-contract.test.ts[2m > [22m[2mdomain constraint migration[2m > [22m[2mrejects invalid entity, relationship and notification types at the database boundary[22m[39m
Migration applied: add_assertion_literal_type_versioning_fts

[90mstdout[2m | tests/schema-contract.test.ts[2m > [22m[2mdomain constraint migration[2m > [22m[2mrejects invalid entity, relationship and notification types at the database boundary[22m[39m
Migration applied: extend_entity_merge_audit_with_redirect_summary

[90mstdout[2m | tests/schema-contract.test.ts[2m > [22m[2mdomain constraint migration[2m > [22m[2mrejects invalid entity, relationship and notification types at the database boundary[22m[39m
Migration applied: add_failed_tasks_and_ingestion_provenance

[90mstdout[2m | tests/temporal-assertions.test.ts[2m > [22m[2mtemporal assertions[2m > [22m[2mdistinguishes current facts from state at a historical point in time[22m[39m
Migration applied: add_failed_tasks_and_ingestion_provenance

[90mstdout[2m | tests/temporal-assertions.test.ts[2m > [22m[2mtemporal assertions[2m > [22m[2minvalidates without deleting history and rejects malformed facts[22m[39m
[Database] sqlite-vec 扩展加载成功 ✓

[90mstdout[2m | tests/temporal-assertions.test.ts[2m > [22m[2mtemporal assertions[2m > [22m[2minvalidates without deleting history and rejects malformed facts[22m[39m
Migration applied: unified_graph_schema_v2

[90mstdout[2m | tests/temporal-assertions.test.ts[2m > [22m[2mtemporal assertions[2m > [22m[2minvalidates without deleting history and rejects malformed facts[22m[39m
Migration applied: add_performance_indexes_v2

[90mstdout[2m | tests/temporal-assertions.test.ts[2m > [22m[2mtemporal assertions[2m > [22m[2minvalidates without deleting history and rejects malformed facts[22m[39m
Migration applied: add_memory_tables

[90mstdout[2m | tests/temporal-assertions.test.ts[2m > [22m[2mtemporal assertions[2m > [22m[2minvalidates without deleting history and rejects malformed facts[22m[39m
Migration applied: add_vec0_virtual_table

[90mstdout[2m | tests/temporal-assertions.test.ts[2m > [22m[2mtemporal assertions[2m > [22m[2minvalidates without deleting history and rejects malformed facts[22m[39m
Migration applied: add_fts5_fulltext_search

[90mstdout[2m | tests/temporal-assertions.test.ts[2m > [22m[2mtemporal assertions[2m > [22m[2minvalidates without deleting history and rejects malformed facts[22m[39m
Migration applied: add_notifications_table

[90mstdout[2m | tests/temporal-assertions.test.ts[2m > [22m[2mtemporal assertions[2m > [22m[2minvalidates without deleting history and rejects malformed facts[22m[39m
Migration applied: add_core_memory_summary

[90mstdout[2m | tests/temporal-assertions.test.ts[2m > [22m[2mtemporal assertions[2m > [22m[2minvalidates without deleting history and rejects malformed facts[22m[39m
Migration applied: add_temporal_graph_fields

[90mstdout[2m | tests/temporal-assertions.test.ts[2m > [22m[2mtemporal assertions[2m > [22m[2minvalidates without deleting history and rejects malformed facts[22m[39m
Migration applied: add_invalidation_reason_to_relationships
Migration applied: add_app_meta

[90mstdout[2m | tests/temporal-assertions.test.ts[2m > [22m[2mtemporal assertions[2m > [22m[2minvalidates without deleting history and rejects malformed facts[22m[39m
Migration applied: add_discussions_table

[90mstdout[2m | tests/temporal-assertions.test.ts[2m > [22m[2mtemporal assertions[2m > [22m[2minvalidates without deleting history and rejects malformed facts[22m[39m
Migration applied: add_mcp_usage_log

[90mstdout[2m | tests/temporal-assertions.test.ts[2m > [22m[2mtemporal assertions[2m > [22m[2minvalidates without deleting history and rejects malformed facts[22m[39m
Migration applied: add_scoped_device_tokens

[90mstdout[2m | tests/temporal-assertions.test.ts[2m > [22m[2mtemporal assertions[2m > [22m[2minvalidates without deleting history and rejects malformed facts[22m[39m
Migration applied: enforce_domain_type_constraints

[90mstdout[2m | tests/temporal-assertions.test.ts[2m > [22m[2mtemporal assertions[2m > [22m[2minvalidates without deleting history and rejects malformed facts[22m[39m
Migration applied: add_temporal_assertions

[90mstdout[2m | tests/temporal-assertions.test.ts[2m > [22m[2mtemporal assertions[2m > [22m[2minvalidates without deleting history and rejects malformed facts[22m[39m
Migration applied: add_ingestion_documents_and_chunks

[90mstdout[2m | tests/merge-redirect.test.ts[2m > [22m[2mTask 11: confirmMerge redirects graph edges onto canonical entity[2m > [22m[2mredirects assertions.subject_id and object_id onto canonical[22m[39m
Migration applied: unified_graph_schema_v2

[90mstdout[2m | tests/merge-redirect.test.ts[2m > [22m[2mTask 11: confirmMerge redirects graph edges onto canonical entity[2m > [22m[2mredirects assertions.subject_id and object_id onto canonical[22m[39m
Migration applied: add_performance_indexes_v2

[90mstdout[2m | tests/merge-redirect.test.ts[2m > [22m[2mTask 11: confirmMerge redirects graph edges onto canonical entity[2m > [22m[2mredirects assertions.subject_id and object_id onto canonical[22m[39m
Migration applied: add_memory_tables

[90mstdout[2m | tests/merge-redirect.test.ts[2m > [22m[2mTask 11: confirmMerge redirects graph edges onto canonical entity[2m > [22m[2mredirects assertions.subject_id and object_id onto canonical[22m[39m
Migration applied: add_vec0_virtual_table

[90mstdout[2m | tests/merge-redirect.test.ts[2m > [22m[2mTask 11: confirmMerge redirects graph edges onto canonical entity[2m > [22m[2mredirects assertions.subject_id and object_id onto canonical[22m[39m
Migration applied: add_fts5_fulltext_search

[90mstdout[2m | tests/merge-redirect.test.ts[2m > [22m[2mTask 11: confirmMerge redirects graph edges onto canonical entity[2m > [22m[2mredirects assertions.subject_id and object_id onto canonical[22m[39m
Migration applied: add_notifications_table

[90mstdout[2m | tests/merge-redirect.test.ts[2m > [22m[2mTask 11: confirmMerge redirects graph edges onto canonical entity[2m > [22m[2mredirects assertions.subject_id and object_id onto canonical[22m[39m
Migration applied: add_core_memory_summary

[90mstdout[2m | tests/merge-redirect.test.ts[2m > [22m[2mTask 11: confirmMerge redirects graph edges onto canonical entity[2m > [22m[2mredirects assertions.subject_id and object_id onto canonical[22m[39m
Migration applied: add_temporal_graph_fields
Migration applied: add_invalidation_reason_to_relationships
Migration applied: add_app_meta

[90mstdout[2m | tests/merge-redirect.test.ts[2m > [22m[2mTask 11: confirmMerge redirects graph edges onto canonical entity[2m > [22m[2mredirects assertions.subject_id and object_id onto canonical[22m[39m
Migration applied: add_discussions_table

[90mstdout[2m | tests/merge-redirect.test.ts[2m > [22m[2mTask 11: confirmMerge redirects graph edges onto canonical entity[2m > [22m[2mredirects assertions.subject_id and object_id onto canonical[22m[39m
Migration applied: add_mcp_usage_log

[90mstdout[2m | tests/merge-redirect.test.ts[2m > [22m[2mTask 11: confirmMerge redirects graph edges onto canonical entity[2m > [22m[2mredirects assertions.subject_id and object_id onto canonical[22m[39m
Migration applied: add_scoped_device_tokens

[90mstdout[2m | tests/temporal-assertions.test.ts[2m > [22m[2mtemporal assertions[2m > [22m[2minvalidates without deleting history and rejects malformed facts[22m[39m
Migration applied: add_entity_resolution_review_queue

[90mstdout[2m | tests/temporal-assertions.test.ts[2m > [22m[2mtemporal assertions[2m > [22m[2minvalidates without deleting history and rejects malformed facts[22m[39m
Migration applied: add_assertion_conflict_audit

[90mstdout[2m | tests/temporal-assertions.test.ts[2m > [22m[2mtemporal assertions[2m > [22m[2minvalidates without deleting history and rejects malformed facts[22m[39m
Migration applied: add_incremental_relationship_decay

[90mstdout[2m | tests/temporal-assertions.test.ts[2m > [22m[2mtemporal assertions[2m > [22m[2minvalidates without deleting history and rejects malformed facts[22m[39m
Migration applied: add_behavior_events_and_proactive_insights

[90mstdout[2m | tests/schema-contract.test.ts[2m > [22m[2mdomain constraint migration[2m > [22m[2mupgrades a database with all migrations through v13[22m[39m
[Database] sqlite-vec 扩展加载成功 ✓

[90mstdout[2m | tests/merge-redirect.test.ts[2m > [22m[2mTask 11: confirmMerge redirects graph edges onto canonical entity[2m > [22m[2mredirects assertions.subject_id and object_id onto canonical[22m[39m
Migration applied: enforce_domain_type_constraints

[90mstdout[2m | tests/temporal-assertions.test.ts[2m > [22m[2mtemporal assertions[2m > [22m[2minvalidates without deleting history and rejects malformed facts[22m[39m
Migration applied: add_assertion_literal_type_versioning_fts

[90mstdout[2m | tests/merge-redirect.test.ts[2m > [22m[2mTask 11: confirmMerge redirects graph edges onto canonical entity[2m > [22m[2mredirects assertions.subject_id and object_id onto canonical[22m[39m
Migration applied: add_temporal_assertions

[90mstdout[2m | tests/merge-redirect.test.ts[2m > [22m[2mTask 11: confirmMerge redirects graph edges onto canonical entity[2m > [22m[2mredirects assertions.subject_id and object_id onto canonical[22m[39m
Migration applied: add_ingestion_documents_and_chunks

[90mstdout[2m | tests/merge-redirect.test.ts[2m > [22m[2mTask 11: confirmMerge redirects graph edges onto canonical entity[2m > [22m[2mredirects assertions.subject_id and object_id onto canonical[22m[39m
Migration applied: add_entity_resolution_review_queue

[90mstdout[2m | tests/temporal-assertions.test.ts[2m > [22m[2mtemporal assertions[2m > [22m[2minvalidates without deleting history and rejects malformed facts[22m[39m
Migration applied: extend_entity_merge_audit_with_redirect_summary

[90mstdout[2m | tests/temporal-assertions.test.ts[2m > [22m[2mtemporal assertions[2m > [22m[2minvalidates without deleting history and rejects malformed facts[22m[39m
Migration applied: add_failed_tasks_and_ingestion_provenance

[90mstdout[2m | tests/merge-redirect.test.ts[2m > [22m[2mTask 11: confirmMerge redirects graph edges onto canonical entity[2m > [22m[2mredirects assertions.subject_id and object_id onto canonical[22m[39m
Migration applied: add_assertion_conflict_audit

[90mstdout[2m | tests/merge-redirect.test.ts[2m > [22m[2mTask 11: confirmMerge redirects graph edges onto canonical entity[2m > [22m[2mredirects assertions.subject_id and object_id onto canonical[22m[39m
Migration applied: add_incremental_relationship_decay

[90mstdout[2m | tests/merge-redirect.test.ts[2m > [22m[2mTask 11: confirmMerge redirects graph edges onto canonical entity[2m > [22m[2mredirects assertions.subject_id and object_id onto canonical[22m[39m
Migration applied: add_behavior_events_and_proactive_insights

[90mstdout[2m | tests/merge-redirect.test.ts[2m > [22m[2mTask 11: confirmMerge redirects graph edges onto canonical entity[2m > [22m[2mredirects assertions.subject_id and object_id onto canonical[22m[39m
Migration applied: add_assertion_literal_type_versioning_fts

[90mstdout[2m | tests/temporal-assertions.test.ts[2m > [22m[2mtemporal assertions[2m > [22m[2mwrites new relationships through to provenance-linked assertions[22m[39m
[Database] sqlite-vec 扩展加载成功 ✓

[90mstdout[2m | tests/temporal-assertions.test.ts[2m > [22m[2mtemporal assertions[2m > [22m[2mwrites new relationships through to provenance-linked assertions[22m[39m
Migration applied: unified_graph_schema_v2

[90mstdout[2m | tests/temporal-assertions.test.ts[2m > [22m[2mtemporal assertions[2m > [22m[2mwrites new relationships through to provenance-linked assertions[22m[39m
Migration applied: add_performance_indexes_v2

[90mstdout[2m | tests/temporal-assertions.test.ts[2m > [22m[2mtemporal assertions[2m > [22m[2mwrites new relationships through to provenance-linked assertions[22m[39m
Migration applied: add_memory_tables

[90mstdout[2m | tests/temporal-assertions.test.ts[2m > [22m[2mtemporal assertions[2m > [22m[2mwrites new relationships through to provenance-linked assertions[22m[39m
Migration applied: add_vec0_virtual_table

[90mstdout[2m | tests/temporal-assertions.test.ts[2m > [22m[2mtemporal assertions[2m > [22m[2mwrites new relationships through to provenance-linked assertions[22m[39m
Migration applied: add_fts5_fulltext_search

[90mstdout[2m | tests/temporal-assertions.test.ts[2m > [22m[2mtemporal assertions[2m > [22m[2mwrites new relationships through to provenance-linked assertions[22m[39m
Migration applied: add_notifications_table

[90mstdout[2m | tests/temporal-assertions.test.ts[2m > [22m[2mtemporal assertions[2m > [22m[2mwrites new relationships through to provenance-linked assertions[22m[39m
Migration applied: add_core_memory_summary

[90mstdout[2m | tests/temporal-assertions.test.ts[2m > [22m[2mtemporal assertions[2m > [22m[2mwrites new relationships through to provenance-linked assertions[22m[39m
Migration applied: add_temporal_graph_fields

[90mstdout[2m | tests/temporal-assertions.test.ts[2m > [22m[2mtemporal assertions[2m > [22m[2mwrites new relationships through to provenance-linked assertions[22m[39m
Migration applied: add_invalidation_reason_to_relationships

[90mstdout[2m | tests/temporal-assertions.test.ts[2m > [22m[2mtemporal assertions[2m > [22m[2mwrites new relationships through to provenance-linked assertions[22m[39m
Migration applied: add_app_meta

[90mstdout[2m | tests/temporal-assertions.test.ts[2m > [22m[2mtemporal assertions[2m > [22m[2mwrites new relationships through to provenance-linked assertions[22m[39m
Migration applied: add_discussions_table

[90mstdout[2m | tests/temporal-assertions.test.ts[2m > [22m[2mtemporal assertions[2m > [22m[2mwrites new relationships through to provenance-linked assertions[22m[39m
Migration applied: add_mcp_usage_log

[90mstdout[2m | tests/temporal-assertions.test.ts[2m > [22m[2mtemporal assertions[2m > [22m[2mwrites new relationships through to provenance-linked assertions[22m[39m
Migration applied: add_scoped_device_tokens

[90mstdout[2m | tests/temporal-assertions.test.ts[2m > [22m[2mtemporal assertions[2m > [22m[2mwrites new relationships through to provenance-linked assertions[22m[39m
Migration applied: enforce_domain_type_constraints

[90mstdout[2m | tests/temporal-assertions.test.ts[2m > [22m[2mtemporal assertions[2m > [22m[2mwrites new relationships through to provenance-linked assertions[22m[39m
Migration applied: add_temporal_assertions

[90mstdout[2m | tests/merge-redirect.test.ts[2m > [22m[2mTask 11: confirmMerge redirects graph edges onto canonical entity[2m > [22m[2mredirects assertions.subject_id and object_id onto canonical[22m[39m
Migration applied: extend_entity_merge_audit_with_redirect_summary

[90mstdout[2m | tests/merge-redirect.test.ts[2m > [22m[2mTask 11: confirmMerge redirects graph edges onto canonical entity[2m > [22m[2mredirects assertions.subject_id and object_id onto canonical[22m[39m
Migration applied: add_failed_tasks_and_ingestion_provenance

[90mstdout[2m | tests/merge-redirect.test.ts[2m > [22m[2mTask 11: confirmMerge redirects graph edges onto canonical entity[2m > [22m[2mdrops the alias FTS and vec rows[22m[39m
[Database] sqlite-vec 扩展加载成功 ✓

[90mstdout[2m | tests/schema-contract.test.ts[2m > [22m[2mdomain constraint migration[2m > [22m[2mupgrades a database with all migrations through v13[22m[39m
Migration applied: unified_graph_schema_v2

[90mstdout[2m | tests/temporal-assertions.test.ts[2m > [22m[2mtemporal assertions[2m > [22m[2mwrites new relationships through to provenance-linked assertions[22m[39m
Migration applied: add_ingestion_documents_and_chunks

[90mstdout[2m | tests/temporal-assertions.test.ts[2m > [22m[2mtemporal assertions[2m > [22m[2mwrites new relationships through to provenance-linked assertions[22m[39m
Migration applied: add_entity_resolution_review_queue

[90mstdout[2m | tests/temporal-assertions.test.ts[2m > [22m[2mtemporal assertions[2m > [22m[2mwrites new relationships through to provenance-linked assertions[22m[39m
Migration applied: add_assertion_conflict_audit

[90mstdout[2m | tests/merge-redirect.test.ts[2m > [22m[2mTask 11: confirmMerge redirects graph edges onto canonical entity[2m > [22m[2mdrops the alias FTS and vec rows[22m[39m
Migration applied: unified_graph_schema_v2

[90mstdout[2m | tests/merge-redirect.test.ts[2m > [22m[2mTask 11: confirmMerge redirects graph edges onto canonical entity[2m > [22m[2mdrops the alias FTS and vec rows[22m[39m
Migration applied: add_performance_indexes_v2

[90mstdout[2m | tests/merge-redirect.test.ts[2m > [22m[2mTask 11: confirmMerge redirects graph edges onto canonical entity[2m > [22m[2mdrops the alias FTS and vec rows[22m[39m
Migration applied: add_memory_tables

[90mstdout[2m | tests/schema-contract.test.ts[2m > [22m[2mdomain constraint migration[2m > [22m[2mupgrades a database with all migrations through v13[22m[39m
Migration applied: add_performance_indexes_v2

[90mstdout[2m | tests/temporal-assertions.test.ts[2m > [22m[2mtemporal assertions[2m > [22m[2mwrites new relationships through to provenance-linked assertions[22m[39m
Migration applied: add_incremental_relationship_decay

[90mstdout[2m | tests/temporal-assertions.test.ts[2m > [22m[2mtemporal assertions[2m > [22m[2mwrites new relationships through to provenance-linked assertions[22m[39m
Migration applied: add_behavior_events_and_proactive_insights

[90mstdout[2m | tests/merge-redirect.test.ts[2m > [22m[2mTask 11: confirmMerge redirects graph edges onto canonical entity[2m > [22m[2mdrops the alias FTS and vec rows[22m[39m
Migration applied: add_vec0_virtual_table

[90mstdout[2m | tests/merge-redirect.test.ts[2m > [22m[2mTask 11: confirmMerge redirects graph edges onto canonical entity[2m > [22m[2mdrops the alias FTS and vec rows[22m[39m
Migration applied: add_fts5_fulltext_search

[90mstdout[2m | tests/merge-redirect.test.ts[2m > [22m[2mTask 11: confirmMerge redirects graph edges onto canonical entity[2m > [22m[2mdrops the alias FTS and vec rows[22m[39m
Migration applied: add_notifications_table

[90mstdout[2m | tests/merge-redirect.test.ts[2m > [22m[2mTask 11: confirmMerge redirects graph edges onto canonical entity[2m > [22m[2mdrops the alias FTS and vec rows[22m[39m
Migration applied: add_core_memory_summary

[90mstdout[2m | tests/merge-redirect.test.ts[2m > [22m[2mTask 11: confirmMerge redirects graph edges onto canonical entity[2m > [22m[2mdrops the alias FTS and vec rows[22m[39m
Migration applied: add_temporal_graph_fields

[90mstdout[2m | tests/temporal-assertions.test.ts[2m > [22m[2mtemporal assertions[2m > [22m[2mwrites new relationships through to provenance-linked assertions[22m[39m
Migration applied: add_assertion_literal_type_versioning_fts

[90mstdout[2m | tests/merge-redirect.test.ts[2m > [22m[2mTask 11: confirmMerge redirects graph edges onto canonical entity[2m > [22m[2mdrops the alias FTS and vec rows[22m[39m
Migration applied: add_invalidation_reason_to_relationships
Migration applied: add_app_meta

[90mstdout[2m | tests/merge-redirect.test.ts[2m > [22m[2mTask 11: confirmMerge redirects graph edges onto canonical entity[2m > [22m[2mdrops the alias FTS and vec rows[22m[39m
Migration applied: add_discussions_table

[90mstdout[2m | tests/merge-redirect.test.ts[2m > [22m[2mTask 11: confirmMerge redirects graph edges onto canonical entity[2m > [22m[2mdrops the alias FTS and vec rows[22m[39m
Migration applied: add_mcp_usage_log

[90mstdout[2m | tests/merge-redirect.test.ts[2m > [22m[2mTask 11: confirmMerge redirects graph edges onto canonical entity[2m > [22m[2mdrops the alias FTS and vec rows[22m[39m
Migration applied: add_scoped_device_tokens

[90mstdout[2m | tests/merge-redirect.test.ts[2m > [22m[2mTask 11: confirmMerge redirects graph edges onto canonical entity[2m > [22m[2mdrops the alias FTS and vec rows[22m[39m
Migration applied: enforce_domain_type_constraints

[90mstdout[2m | tests/schema-contract.test.ts[2m > [22m[2mdomain constraint migration[2m > [22m[2mupgrades a database with all migrations through v13[22m[39m
Migration applied: add_memory_tables

[90mstdout[2m | tests/temporal-assertions.test.ts[2m > [22m[2mtemporal assertions[2m > [22m[2mwrites new relationships through to provenance-linked assertions[22m[39m
Migration applied: extend_entity_merge_audit_with_redirect_summary

[90mstdout[2m | tests/temporal-assertions.test.ts[2m > [22m[2mtemporal assertions[2m > [22m[2mwrites new relationships through to provenance-linked assertions[22m[39m
Migration applied: add_failed_tasks_and_ingestion_provenance

[90mstdout[2m | tests/merge-redirect.test.ts[2m > [22m[2mTask 11: confirmMerge redirects graph edges onto canonical entity[2m > [22m[2mdrops the alias FTS and vec rows[22m[39m
Migration applied: add_temporal_assertions

[90mstdout[2m | tests/merge-redirect.test.ts[2m > [22m[2mTask 11: confirmMerge redirects graph edges onto canonical entity[2m > [22m[2mdrops the alias FTS and vec rows[22m[39m
Migration applied: add_ingestion_documents_and_chunks

[90mstdout[2m | tests/merge-redirect.test.ts[2m > [22m[2mTask 11: confirmMerge redirects graph edges onto canonical entity[2m > [22m[2mdrops the alias FTS and vec rows[22m[39m
Migration applied: add_entity_resolution_review_queue

[90mstdout[2m | tests/temporal-assertions.test.ts[2m > [22m[2mtemporal assertions[2m > [22m[2mupgrades a persisted v14 database without deleting legacy relationships[22m[39m
[Database] sqlite-vec 扩展加载成功 ✓

[90mstdout[2m | tests/merge-redirect.test.ts[2m > [22m[2mTask 11: confirmMerge redirects graph edges onto canonical entity[2m > [22m[2mdrops the alias FTS and vec rows[22m[39m
Migration applied: add_assertion_conflict_audit

[90mstdout[2m | tests/schema-contract.test.ts[2m > [22m[2mdomain constraint migration[2m > [22m[2mupgrades a database with all migrations through v13[22m[39m
Migration applied: add_vec0_virtual_table

[90mstdout[2m | tests/merge-redirect.test.ts[2m > [22m[2mTask 11: confirmMerge redirects graph edges onto canonical entity[2m > [22m[2mdrops the alias FTS and vec rows[22m[39m
Migration applied: add_incremental_relationship_decay

[90mstdout[2m | tests/merge-redirect.test.ts[2m > [22m[2mTask 11: confirmMerge redirects graph edges onto canonical entity[2m > [22m[2mdrops the alias FTS and vec rows[22m[39m
Migration applied: add_behavior_events_and_proactive_insights

[90mstdout[2m | tests/merge-redirect.test.ts[2m > [22m[2mTask 11: confirmMerge redirects graph edges onto canonical entity[2m > [22m[2mdrops the alias FTS and vec rows[22m[39m
Migration applied: add_assertion_literal_type_versioning_fts

[90mstdout[2m | tests/merge-redirect.test.ts[2m > [22m[2mTask 11: confirmMerge redirects graph edges onto canonical entity[2m > [22m[2mdrops the alias FTS and vec rows[22m[39m
Migration applied: extend_entity_merge_audit_with_redirect_summary

[90mstdout[2m | tests/merge-redirect.test.ts[2m > [22m[2mTask 11: confirmMerge redirects graph edges onto canonical entity[2m > [22m[2mdrops the alias FTS and vec rows[22m[39m
Migration applied: add_failed_tasks_and_ingestion_provenance

[90mstdout[2m | tests/schema-contract.test.ts[2m > [22m[2mdomain constraint migration[2m > [22m[2mupgrades a database with all migrations through v13[22m[39m
Migration applied: add_fts5_fulltext_search

[90mstdout[2m | tests/merge-redirect.test.ts[2m > [22m[2mTask 11: confirmMerge redirects graph edges onto canonical entity[2m > [22m[2msoft-hides the alias entity (metadata.merged_into set)[22m[39m
[Database] sqlite-vec 扩展加载成功 ✓

[90mstdout[2m | tests/merge-redirect.test.ts[2m > [22m[2mTask 11: confirmMerge redirects graph edges onto canonical entity[2m > [22m[2msoft-hides the alias entity (metadata.merged_into set)[22m[39m
Migration applied: unified_graph_schema_v2

[90mstdout[2m | tests/merge-redirect.test.ts[2m > [22m[2mTask 11: confirmMerge redirects graph edges onto canonical entity[2m > [22m[2msoft-hides the alias entity (metadata.merged_into set)[22m[39m
Migration applied: add_performance_indexes_v2

[90mstdout[2m | tests/merge-redirect.test.ts[2m > [22m[2mTask 11: confirmMerge redirects graph edges onto canonical entity[2m > [22m[2msoft-hides the alias entity (metadata.merged_into set)[22m[39m
Migration applied: add_memory_tables

[90mstdout[2m | tests/merge-redirect.test.ts[2m > [22m[2mTask 11: confirmMerge redirects graph edges onto canonical entity[2m > [22m[2msoft-hides the alias entity (metadata.merged_into set)[22m[39m
Migration applied: add_vec0_virtual_table

[90mstdout[2m | tests/merge-redirect.test.ts[2m > [22m[2mTask 11: confirmMerge redirects graph edges onto canonical entity[2m > [22m[2msoft-hides the alias entity (metadata.merged_into set)[22m[39m
Migration applied: add_fts5_fulltext_search

[90mstdout[2m | tests/merge-redirect.test.ts[2m > [22m[2mTask 11: confirmMerge redirects graph edges onto canonical entity[2m > [22m[2msoft-hides the alias entity (metadata.merged_into set)[22m[39m
Migration applied: add_notifications_table

[90mstdout[2m | tests/merge-redirect.test.ts[2m > [22m[2mTask 11: confirmMerge redirects graph edges onto canonical entity[2m > [22m[2msoft-hides the alias entity (metadata.merged_into set)[22m[39m
Migration applied: add_core_memory_summary

[90mstdout[2m | tests/temporal-assertions.test.ts[2m > [22m[2mtemporal assertions[2m > [22m[2mupgrades a persisted v14 database without deleting legacy relationships[22m[39m
Migration applied: unified_graph_schema_v2

[90mstdout[2m | tests/schema-contract.test.ts[2m > [22m[2mdomain constraint migration[2m > [22m[2mupgrades a database with all migrations through v13[22m[39m
Migration applied: add_notifications_table

[90mstdout[2m | tests/merge-redirect.test.ts[2m > [22m[2mTask 11: confirmMerge redirects graph edges onto canonical entity[2m > [22m[2msoft-hides the alias entity (metadata.merged_into set)[22m[39m
Migration applied: add_temporal_graph_fields

[90mstdout[2m | tests/merge-redirect.test.ts[2m > [22m[2mTask 11: confirmMerge redirects graph edges onto canonical entity[2m > [22m[2msoft-hides the alias entity (metadata.merged_into set)[22m[39m
Migration applied: add_invalidation_reason_to_relationships

[90mstdout[2m | tests/merge-redirect.test.ts[2m > [22m[2mTask 11: confirmMerge redirects graph edges onto canonical entity[2m > [22m[2msoft-hides the alias entity (metadata.merged_into set)[22m[39m
Migration applied: add_app_meta

[90mstdout[2m | tests/merge-redirect.test.ts[2m > [22m[2mTask 11: confirmMerge redirects graph edges onto canonical entity[2m > [22m[2msoft-hides the alias entity (metadata.merged_into set)[22m[39m
Migration applied: add_discussions_table

[90mstdout[2m | tests/merge-redirect.test.ts[2m > [22m[2mTask 11: confirmMerge redirects graph edges onto canonical entity[2m > [22m[2msoft-hides the alias entity (metadata.merged_into set)[22m[39m
Migration applied: add_mcp_usage_log

[90mstdout[2m | tests/merge-redirect.test.ts[2m > [22m[2mTask 11: confirmMerge redirects graph edges onto canonical entity[2m > [22m[2msoft-hides the alias entity (metadata.merged_into set)[22m[39m
Migration applied: add_scoped_device_tokens

[90mstdout[2m | tests/merge-redirect.test.ts[2m > [22m[2mTask 11: confirmMerge redirects graph edges onto canonical entity[2m > [22m[2msoft-hides the alias entity (metadata.merged_into set)[22m[39m
Migration applied: enforce_domain_type_constraints

[90mstdout[2m | tests/merge-redirect.test.ts[2m > [22m[2mTask 11: confirmMerge redirects graph edges onto canonical entity[2m > [22m[2msoft-hides the alias entity (metadata.merged_into set)[22m[39m
Migration applied: add_temporal_assertions

[90mstdout[2m | tests/merge-redirect.test.ts[2m > [22m[2mTask 11: confirmMerge redirects graph edges onto canonical entity[2m > [22m[2msoft-hides the alias entity (metadata.merged_into set)[22m[39m
Migration applied: add_ingestion_documents_and_chunks

[90mstdout[2m | tests/merge-redirect.test.ts[2m > [22m[2mTask 11: confirmMerge redirects graph edges onto canonical entity[2m > [22m[2msoft-hides the alias entity (metadata.merged_into set)[22m[39m
Migration applied: add_entity_resolution_review_queue

[90mstdout[2m | tests/merge-redirect.test.ts[2m > [22m[2mTask 11: confirmMerge redirects graph edges onto canonical entity[2m > [22m[2msoft-hides the alias entity (metadata.merged_into set)[22m[39m
Migration applied: add_assertion_conflict_audit

[90mstdout[2m | tests/temporal-assertions.test.ts[2m > [22m[2mtemporal assertions[2m > [22m[2mupgrades a persisted v14 database without deleting legacy relationships[22m[39m
Migration applied: add_performance_indexes_v2

[90mstdout[2m | tests/merge-redirect.test.ts[2m > [22m[2mTask 11: confirmMerge redirects graph edges onto canonical entity[2m > [22m[2msoft-hides the alias entity (metadata.merged_into set)[22m[39m
Migration applied: add_incremental_relationship_decay

[90mstdout[2m | tests/schema-contract.test.ts[2m > [22m[2mdomain constraint migration[2m > [22m[2mupgrades a database with all migrations through v13[22m[39m
Migration applied: add_core_memory_summary

[90mstdout[2m | tests/merge-redirect.test.ts[2m > [22m[2mTask 11: confirmMerge redirects graph edges onto canonical entity[2m > [22m[2msoft-hides the alias entity (metadata.merged_into set)[22m[39m
Migration applied: add_behavior_events_and_proactive_insights

[90mstdout[2m | tests/merge-redirect.test.ts[2m > [22m[2mTask 11: confirmMerge redirects graph edges onto canonical entity[2m > [22m[2msoft-hides the alias entity (metadata.merged_into set)[22m[39m
Migration applied: add_assertion_literal_type_versioning_fts

[90mstdout[2m | tests/merge-redirect.test.ts[2m > [22m[2mTask 11: confirmMerge redirects graph edges onto canonical entity[2m > [22m[2msoft-hides the alias entity (metadata.merged_into set)[22m[39m
Migration applied: extend_entity_merge_audit_with_redirect_summary

[90mstdout[2m | tests/merge-redirect.test.ts[2m > [22m[2mTask 11: confirmMerge redirects graph edges onto canonical entity[2m > [22m[2msoft-hides the alias entity (metadata.merged_into set)[22m[39m
Migration applied: add_failed_tasks_and_ingestion_provenance

[90mstdout[2m | tests/schema-contract.test.ts[2m > [22m[2mdomain constraint migration[2m > [22m[2mupgrades a database with all migrations through v13[22m[39m
Migration applied: add_temporal_graph_fields

[90mstdout[2m | tests/temporal-assertions.test.ts[2m > [22m[2mtemporal assertions[2m > [22m[2mupgrades a persisted v14 database without deleting legacy relationships[22m[39m
Migration applied: add_memory_tables

[90mstdout[2m | tests/merge-redirect.test.ts[2m > [22m[2mTask 11: confirmMerge redirects graph edges onto canonical entity[2m > [22m[2mwrites audit row with stable id and 4 redirect counts[22m[39m
[Database] sqlite-vec 扩展加载成功 ✓

[90mstdout[2m | tests/merge-redirect.test.ts[2m > [22m[2mTask 11: confirmMerge redirects graph edges onto canonical entity[2m > [22m[2mwrites audit row with stable id and 4 redirect counts[22m[39m
Migration applied: unified_graph_schema_v2

[90mstdout[2m | tests/merge-redirect.test.ts[2m > [22m[2mTask 11: confirmMerge redirects graph edges onto canonical entity[2m > [22m[2mwrites audit row with stable id and 4 redirect counts[22m[39m
Migration applied: add_performance_indexes_v2

[90mstdout[2m | tests/merge-redirect.test.ts[2m > [22m[2mTask 11: confirmMerge redirects graph edges onto canonical entity[2m > [22m[2mwrites audit row with stable id and 4 redirect counts[22m[39m
Migration applied: add_memory_tables

[90mstdout[2m | tests/merge-redirect.test.ts[2m > [22m[2mTask 11: confirmMerge redirects graph edges onto canonical entity[2m > [22m[2mwrites audit row with stable id and 4 redirect counts[22m[39m
Migration applied: add_vec0_virtual_table

[90mstdout[2m | tests/merge-redirect.test.ts[2m > [22m[2mTask 11: confirmMerge redirects graph edges onto canonical entity[2m > [22m[2mwrites audit row with stable id and 4 redirect counts[22m[39m
Migration applied: add_fts5_fulltext_search

[90mstdout[2m | tests/merge-redirect.test.ts[2m > [22m[2mTask 11: confirmMerge redirects graph edges onto canonical entity[2m > [22m[2mwrites audit row with stable id and 4 redirect counts[22m[39m
Migration applied: add_notifications_table

[90mstdout[2m | tests/merge-redirect.test.ts[2m > [22m[2mTask 11: confirmMerge redirects graph edges onto canonical entity[2m > [22m[2mwrites audit row with stable id and 4 redirect counts[22m[39m
Migration applied: add_core_memory_summary

[90mstdout[2m | tests/merge-redirect.test.ts[2m > [22m[2mTask 11: confirmMerge redirects graph edges onto canonical entity[2m > [22m[2mwrites audit row with stable id and 4 redirect counts[22m[39m
Migration applied: add_temporal_graph_fields

[90mstdout[2m | tests/merge-redirect.test.ts[2m > [22m[2mTask 11: confirmMerge redirects graph edges onto canonical entity[2m > [22m[2mwrites audit row with stable id and 4 redirect counts[22m[39m
Migration applied: add_invalidation_reason_to_relationships

[90mstdout[2m | tests/merge-redirect.test.ts[2m > [22m[2mTask 11: confirmMerge redirects graph edges onto canonical entity[2m > [22m[2mwrites audit row with stable id and 4 redirect counts[22m[39m
Migration applied: add_app_meta

[90mstdout[2m | tests/merge-redirect.test.ts[2m > [22m[2mTask 11: confirmMerge redirects graph edges onto canonical entity[2m > [22m[2mwrites audit row with stable id and 4 redirect counts[22m[39m
Migration applied: add_discussions_table

[90mstdout[2m | tests/merge-redirect.test.ts[2m > [22m[2mTask 11: confirmMerge redirects graph edges onto canonical entity[2m > [22m[2mwrites audit row with stable id and 4 redirect counts[22m[39m
Migration applied: add_mcp_usage_log

[90mstdout[2m | tests/merge-redirect.test.ts[2m > [22m[2mTask 11: confirmMerge redirects graph edges onto canonical entity[2m > [22m[2mwrites audit row with stable id and 4 redirect counts[22m[39m
Migration applied: add_scoped_device_tokens

[90mstdout[2m | tests/schema-contract.test.ts[2m > [22m[2mdomain constraint migration[2m > [22m[2mupgrades a database with all migrations through v13[22m[39m
Migration applied: add_invalidation_reason_to_relationships

[90mstdout[2m | tests/temporal-assertions.test.ts[2m > [22m[2mtemporal assertions[2m > [22m[2mupgrades a persisted v14 database without deleting legacy relationships[22m[39m
Migration applied: add_vec0_virtual_table

[90mstdout[2m | tests/merge-redirect.test.ts[2m > [22m[2mTask 11: confirmMerge redirects graph edges onto canonical entity[2m > [22m[2mwrites audit row with stable id and 4 redirect counts[22m[39m
Migration applied: enforce_domain_type_constraints

[90mstdout[2m | tests/merge-redirect.test.ts[2m > [22m[2mTask 11: confirmMerge redirects graph edges onto canonical entity[2m > [22m[2mwrites audit row with stable id and 4 redirect counts[22m[39m
Migration applied: add_temporal_assertions

[90mstdout[2m | tests/merge-redirect.test.ts[2m > [22m[2mTask 11: confirmMerge redirects graph edges onto canonical entity[2m > [22m[2mwrites audit row with stable id and 4 redirect counts[22m[39m
Migration applied: add_ingestion_documents_and_chunks

[90mstdout[2m | tests/merge-redirect.test.ts[2m > [22m[2mTask 11: confirmMerge redirects graph edges onto canonical entity[2m > [22m[2mwrites audit row with stable id and 4 redirect counts[22m[39m
Migration applied: add_entity_resolution_review_queue

[90mstdout[2m | tests/merge-redirect.test.ts[2m > [22m[2mTask 11: confirmMerge redirects graph edges onto canonical entity[2m > [22m[2mwrites audit row with stable id and 4 redirect counts[22m[39m
Migration applied: add_assertion_conflict_audit

[90mstdout[2m | tests/merge-redirect.test.ts[2m > [22m[2mTask 11: confirmMerge redirects graph edges onto canonical entity[2m > [22m[2mwrites audit row with stable id and 4 redirect counts[22m[39m
Migration applied: add_incremental_relationship_decay

[90mstdout[2m | tests/merge-redirect.test.ts[2m > [22m[2mTask 11: confirmMerge redirects graph edges onto canonical entity[2m > [22m[2mwrites audit row with stable id and 4 redirect counts[22m[39m
Migration applied: add_behavior_events_and_proactive_insights

[90mstdout[2m | tests/temporal-assertions.test.ts[2m > [22m[2mtemporal assertions[2m > [22m[2mupgrades a persisted v14 database without deleting legacy relationships[22m[39m
Migration applied: add_fts5_fulltext_search

[90mstdout[2m | tests/schema-contract.test.ts[2m > [22m[2mdomain constraint migration[2m > [22m[2mupgrades a database with all migrations through v13[22m[39m
Migration applied: add_app_meta

[90mstdout[2m | tests/merge-redirect.test.ts[2m > [22m[2mTask 11: confirmMerge redirects graph edges onto canonical entity[2m > [22m[2mwrites audit row with stable id and 4 redirect counts[22m[39m
Migration applied: add_assertion_literal_type_versioning_fts

[90mstdout[2m | tests/merge-redirect.test.ts[2m > [22m[2mTask 11: confirmMerge redirects graph edges onto canonical entity[2m > [22m[2mwrites audit row with stable id and 4 redirect counts[22m[39m
Migration applied: extend_entity_merge_audit_with_redirect_summary

[90mstdout[2m | tests/merge-redirect.test.ts[2m > [22m[2mTask 11: confirmMerge redirects graph edges onto canonical entity[2m > [22m[2mwrites audit row with stable id and 4 redirect counts[22m[39m
Migration applied: add_failed_tasks_and_ingestion_provenance

 [32m✓[39m tests/injection.test.ts [2m ([22m[2m4 tests[22m[2m)[22m[90m 32[2mms[22m[39m
[90mstdout[2m | tests/temporal-assertions.test.ts[2m > [22m[2mtemporal assertions[2m > [22m[2mupgrades a persisted v14 database without deleting legacy relationships[22m[39m
Migration applied: add_notifications_table

[90mstdout[2m | tests/schema-contract.test.ts[2m > [22m[2mdomain constraint migration[2m > [22m[2mupgrades a database with all migrations through v13[22m[39m
Migration applied: add_discussions_table

[90mstdout[2m | tests/merge-redirect.test.ts[2m > [22m[2mTask 11: confirmMerge redirects graph edges onto canonical entity[2m > [22m[2mrecords confirmed_at and reviewed_at on the candidate row[22m[39m
[Database] sqlite-vec 扩展加载成功 ✓

[90mstdout[2m | tests/merge-redirect.test.ts[2m > [22m[2mTask 11: confirmMerge redirects graph edges onto canonical entity[2m > [22m[2mrecords confirmed_at and reviewed_at on the candidate row[22m[39m
Migration applied: unified_graph_schema_v2

[90mstdout[2m | tests/temporal-assertions.test.ts[2m > [22m[2mtemporal assertions[2m > [22m[2mupgrades a persisted v14 database without deleting legacy relationships[22m[39m
Migration applied: add_core_memory_summary

[90mstdout[2m | tests/schema-contract.test.ts[2m > [22m[2mdomain constraint migration[2m > [22m[2mupgrades a database with all migrations through v13[22m[39m
Migration applied: add_mcp_usage_log

[90mstdout[2m | tests/merge-redirect.test.ts[2m > [22m[2mTask 11: confirmMerge redirects graph edges onto canonical entity[2m > [22m[2mrecords confirmed_at and reviewed_at on the candidate row[22m[39m
Migration applied: add_performance_indexes_v2

[90mstdout[2m | tests/merge-redirect.test.ts[2m > [22m[2mTask 11: confirmMerge redirects graph edges onto canonical entity[2m > [22m[2mrecords confirmed_at and reviewed_at on the candidate row[22m[39m
Migration applied: add_memory_tables

[90mstdout[2m | tests/merge-redirect.test.ts[2m > [22m[2mTask 11: confirmMerge redirects graph edges onto canonical entity[2m > [22m[2mrecords confirmed_at and reviewed_at on the candidate row[22m[39m
Migration applied: add_vec0_virtual_table

[90mstdout[2m | tests/merge-redirect.test.ts[2m > [22m[2mTask 11: confirmMerge redirects graph edges onto canonical entity[2m > [22m[2mrecords confirmed_at and reviewed_at on the candidate row[22m[39m
Migration applied: add_fts5_fulltext_search

[90mstdout[2m | tests/merge-redirect.test.ts[2m > [22m[2mTask 11: confirmMerge redirects graph edges onto canonical entity[2m > [22m[2mrecords confirmed_at and reviewed_at on the candidate row[22m[39m
Migration applied: add_notifications_table

[90mstdout[2m | tests/merge-redirect.test.ts[2m > [22m[2mTask 11: confirmMerge redirects graph edges onto canonical entity[2m > [22m[2mrecords confirmed_at and reviewed_at on the candidate row[22m[39m
Migration applied: add_core_memory_summary

[90mstdout[2m | tests/merge-redirect.test.ts[2m > [22m[2mTask 11: confirmMerge redirects graph edges onto canonical entity[2m > [22m[2mrecords confirmed_at and reviewed_at on the candidate row[22m[39m
Migration applied: add_temporal_graph_fields

[90mstdout[2m | tests/temporal-assertions.test.ts[2m > [22m[2mtemporal assertions[2m > [22m[2mupgrades a persisted v14 database without deleting legacy relationships[22m[39m
Migration applied: add_temporal_graph_fields

[90mstdout[2m | tests/merge-redirect.test.ts[2m > [22m[2mTask 11: confirmMerge redirects graph edges onto canonical entity[2m > [22m[2mrecords confirmed_at and reviewed_at on the candidate row[22m[39m
Migration applied: add_invalidation_reason_to_relationships

[90mstdout[2m | tests/schema-contract.test.ts[2m > [22m[2mdomain constraint migration[2m > [22m[2mupgrades a database with all migrations through v13[22m[39m
Migration applied: add_scoped_device_tokens

[90mstdout[2m | tests/merge-redirect.test.ts[2m > [22m[2mTask 11: confirmMerge redirects graph edges onto canonical entity[2m > [22m[2mrecords confirmed_at and reviewed_at on the candidate row[22m[39m
Migration applied: add_app_meta

[90mstdout[2m | tests/merge-redirect.test.ts[2m > [22m[2mTask 11: confirmMerge redirects graph edges onto canonical entity[2m > [22m[2mrecords confirmed_at and reviewed_at on the candidate row[22m[39m
Migration applied: add_discussions_table

[90mstdout[2m | tests/merge-redirect.test.ts[2m > [22m[2mTask 11: confirmMerge redirects graph edges onto canonical entity[2m > [22m[2mrecords confirmed_at and reviewed_at on the candidate row[22m[39m
Migration applied: add_mcp_usage_log

[90mstdout[2m | tests/merge-redirect.test.ts[2m > [22m[2mTask 11: confirmMerge redirects graph edges onto canonical entity[2m > [22m[2mrecords confirmed_at and reviewed_at on the candidate row[22m[39m
Migration applied: add_scoped_device_tokens

[90mstdout[2m | tests/merge-redirect.test.ts[2m > [22m[2mTask 11: confirmMerge redirects graph edges onto canonical entity[2m > [22m[2mrecords confirmed_at and reviewed_at on the candidate row[22m[39m
Migration applied: enforce_domain_type_constraints

[90mstdout[2m | tests/merge-redirect.test.ts[2m > [22m[2mTask 11: confirmMerge redirects graph edges onto canonical entity[2m > [22m[2mrecords confirmed_at and reviewed_at on the candidate row[22m[39m
Migration applied: add_temporal_assertions

[90mstdout[2m | tests/merge-redirect.test.ts[2m > [22m[2mTask 11: confirmMerge redirects graph edges onto canonical entity[2m > [22m[2mrecords confirmed_at and reviewed_at on the candidate row[22m[39m
Migration applied: add_ingestion_documents_and_chunks

[90mstdout[2m | tests/merge-redirect.test.ts[2m > [22m[2mTask 11: confirmMerge redirects graph edges onto canonical entity[2m > [22m[2mrecords confirmed_at and reviewed_at on the candidate row[22m[39m
Migration applied: add_entity_resolution_review_queue

[90mstdout[2m | tests/temporal-assertions.test.ts[2m > [22m[2mtemporal assertions[2m > [22m[2mupgrades a persisted v14 database without deleting legacy relationships[22m[39m
Migration applied: add_invalidation_reason_to_relationships

[90mstdout[2m | tests/schema-contract.test.ts[2m > [22m[2mdomain constraint migration[2m > [22m[2mupgrades a database with all migrations through v13[22m[39m
Migration applied: enforce_domain_type_constraints

[90mstdout[2m | tests/merge-redirect.test.ts[2m > [22m[2mTask 11: confirmMerge redirects graph edges onto canonical entity[2m > [22m[2mrecords confirmed_at and reviewed_at on the candidate row[22m[39m
Migration applied: add_assertion_conflict_audit

[90mstdout[2m | tests/merge-redirect.test.ts[2m > [22m[2mTask 11: confirmMerge redirects graph edges onto canonical entity[2m > [22m[2mrecords confirmed_at and reviewed_at on the candidate row[22m[39m
Migration applied: add_incremental_relationship_decay

[90mstdout[2m | tests/merge-redirect.test.ts[2m > [22m[2mTask 11: confirmMerge redirects graph edges onto canonical entity[2m > [22m[2mrecords confirmed_at and reviewed_at on the candidate row[22m[39m
Migration applied: add_behavior_events_and_proactive_insights

[90mstdout[2m | tests/temporal-assertions.test.ts[2m > [22m[2mtemporal assertions[2m > [22m[2mupgrades a persisted v14 database without deleting legacy relationships[22m[39m
Migration applied: add_app_meta

[90mstdout[2m | tests/temporal-assertions.test.ts[2m > [22m[2mtemporal assertions[2m > [22m[2mupgrades a persisted v14 database without deleting legacy relationships[22m[39m
Migration applied: add_discussions_table

[90mstdout[2m | tests/merge-redirect.test.ts[2m > [22m[2mTask 11: confirmMerge redirects graph edges onto canonical entity[2m > [22m[2mrecords confirmed_at and reviewed_at on the candidate row[22m[39m
Migration applied: add_assertion_literal_type_versioning_fts

[90mstdout[2m | tests/merge-redirect.test.ts[2m > [22m[2mTask 11: confirmMerge redirects graph edges onto canonical entity[2m > [22m[2mrecords confirmed_at and reviewed_at on the candidate row[22m[39m
Migration applied: extend_entity_merge_audit_with_redirect_summary

[90mstdout[2m | tests/merge-redirect.test.ts[2m > [22m[2mTask 11: confirmMerge redirects graph edges onto canonical entity[2m > [22m[2mrecords confirmed_at and reviewed_at on the candidate row[22m[39m
Migration applied: add_failed_tasks_and_ingestion_provenance

[90mstdout[2m | tests/merge-redirect.test.ts[2m > [22m[2mTask 11: confirmMerge redirects graph edges onto canonical entity[2m > [22m[2mthrows when confirming an already-processed candidate[22m[39m
[Database] sqlite-vec 扩展加载成功 ✓

[90mstdout[2m | tests/schema-contract.test.ts[2m > [22m[2mdomain constraint migration[2m > [22m[2mupgrades a database with all migrations through v13[22m[39m
Migration applied: add_temporal_assertions

[90mstdout[2m | tests/schema-contract.test.ts[2m > [22m[2mdomain constraint migration[2m > [22m[2mupgrades a database with all migrations through v13[22m[39m
Migration applied: add_ingestion_documents_and_chunks

[90mstdout[2m | tests/merge-redirect.test.ts[2m > [22m[2mTask 11: confirmMerge redirects graph edges onto canonical entity[2m > [22m[2mthrows when confirming an already-processed candidate[22m[39m
Migration applied: unified_graph_schema_v2

[90mstdout[2m | tests/merge-redirect.test.ts[2m > [22m[2mTask 11: confirmMerge redirects graph edges onto canonical entity[2m > [22m[2mthrows when confirming an already-processed candidate[22m[39m
Migration applied: add_performance_indexes_v2

[90mstdout[2m | tests/merge-redirect.test.ts[2m > [22m[2mTask 11: confirmMerge redirects graph edges onto canonical entity[2m > [22m[2mthrows when confirming an already-processed candidate[22m[39m
Migration applied: add_memory_tables

[90mstdout[2m | tests/merge-redirect.test.ts[2m > [22m[2mTask 11: confirmMerge redirects graph edges onto canonical entity[2m > [22m[2mthrows when confirming an already-processed candidate[22m[39m
Migration applied: add_vec0_virtual_table

[90mstdout[2m | tests/merge-redirect.test.ts[2m > [22m[2mTask 11: confirmMerge redirects graph edges onto canonical entity[2m > [22m[2mthrows when confirming an already-processed candidate[22m[39m
Migration applied: add_fts5_fulltext_search

[90mstdout[2m | tests/merge-redirect.test.ts[2m > [22m[2mTask 11: confirmMerge redirects graph edges onto canonical entity[2m > [22m[2mthrows when confirming an already-processed candidate[22m[39m
Migration applied: add_notifications_table

[90mstdout[2m | tests/merge-redirect.test.ts[2m > [22m[2mTask 11: confirmMerge redirects graph edges onto canonical entity[2m > [22m[2mthrows when confirming an already-processed candidate[22m[39m
Migration applied: add_core_memory_summary

[90mstdout[2m | tests/merge-redirect.test.ts[2m > [22m[2mTask 11: confirmMerge redirects graph edges onto canonical entity[2m > [22m[2mthrows when confirming an already-processed candidate[22m[39m
Migration applied: add_temporal_graph_fields

[90mstdout[2m | tests/merge-redirect.test.ts[2m > [22m[2mTask 11: confirmMerge redirects graph edges onto canonical entity[2m > [22m[2mthrows when confirming an already-processed candidate[22m[39m
Migration applied: add_invalidation_reason_to_relationships
Migration applied: add_app_meta

[90mstdout[2m | tests/merge-redirect.test.ts[2m > [22m[2mTask 11: confirmMerge redirects graph edges onto canonical entity[2m > [22m[2mthrows when confirming an already-processed candidate[22m[39m
Migration applied: add_discussions_table

[90mstdout[2m | tests/merge-redirect.test.ts[2m > [22m[2mTask 11: confirmMerge redirects graph edges onto canonical entity[2m > [22m[2mthrows when confirming an already-processed candidate[22m[39m
Migration applied: add_mcp_usage_log

[90mstdout[2m | tests/merge-redirect.test.ts[2m > [22m[2mTask 11: confirmMerge redirects graph edges onto canonical entity[2m > [22m[2mthrows when confirming an already-processed candidate[22m[39m
Migration applied: add_scoped_device_tokens

[90mstdout[2m | tests/merge-redirect.test.ts[2m > [22m[2mTask 11: confirmMerge redirects graph edges onto canonical entity[2m > [22m[2mthrows when confirming an already-processed candidate[22m[39m
Migration applied: enforce_domain_type_constraints

[90mstdout[2m | tests/temporal-assertions.test.ts[2m > [22m[2mtemporal assertions[2m > [22m[2mupgrades a persisted v14 database without deleting legacy relationships[22m[39m
Migration applied: add_mcp_usage_log

[90mstdout[2m | tests/temporal-assertions.test.ts[2m > [22m[2mtemporal assertions[2m > [22m[2mupgrades a persisted v14 database without deleting legacy relationships[22m[39m
Migration applied: add_scoped_device_tokens

[90mstdout[2m | tests/schema-contract.test.ts[2m > [22m[2mdomain constraint migration[2m > [22m[2mupgrades a database with all migrations through v13[22m[39m
Migration applied: add_entity_resolution_review_queue

[90mstdout[2m | tests/merge-redirect.test.ts[2m > [22m[2mTask 11: confirmMerge redirects graph edges onto canonical entity[2m > [22m[2mthrows when confirming an already-processed candidate[22m[39m
Migration applied: add_temporal_assertions

[90mstdout[2m | tests/merge-redirect.test.ts[2m > [22m[2mTask 11: confirmMerge redirects graph edges onto canonical entity[2m > [22m[2mthrows when confirming an already-processed candidate[22m[39m
Migration applied: add_ingestion_documents_and_chunks

[90mstdout[2m | tests/merge-redirect.test.ts[2m > [22m[2mTask 11: confirmMerge redirects graph edges onto canonical entity[2m > [22m[2mthrows when confirming an already-processed candidate[22m[39m
Migration applied: add_entity_resolution_review_queue

[90mstdout[2m | tests/merge-redirect.test.ts[2m > [22m[2mTask 11: confirmMerge redirects graph edges onto canonical entity[2m > [22m[2mthrows when confirming an already-processed candidate[22m[39m
Migration applied: add_assertion_conflict_audit

[90mstdout[2m | tests/temporal-layer.test.ts[2m > [22m[2mtemporal retrieval layer[22m[39m
[Database] sqlite-vec 扩展加载成功 ✓

[90mstdout[2m | tests/temporal-layer.test.ts[2m > [22m[2mtemporal retrieval layer[22m[39m
Migration applied: unified_graph_schema_v2

[90mstdout[2m | tests/temporal-layer.test.ts[2m > [22m[2mtemporal retrieval layer[22m[39m
Migration applied: add_performance_indexes_v2

[90mstdout[2m | tests/merge-redirect.test.ts[2m > [22m[2mTask 11: confirmMerge redirects graph edges onto canonical entity[2m > [22m[2mthrows when confirming an already-processed candidate[22m[39m
Migration applied: add_incremental_relationship_decay

[90mstdout[2m | tests/temporal-layer.test.ts[2m > [22m[2mtemporal retrieval layer[22m[39m
Migration applied: add_memory_tables

[90mstdout[2m | tests/temporal-layer.test.ts[2m > [22m[2mtemporal retrieval layer[22m[39m
Migration applied: add_vec0_virtual_table

[90mstdout[2m | tests/merge-redirect.test.ts[2m > [22m[2mTask 11: confirmMerge redirects graph edges onto canonical entity[2m > [22m[2mthrows when confirming an already-processed candidate[22m[39m
Migration applied: add_behavior_events_and_proactive_insights

[90mstdout[2m | tests/merge-redirect.test.ts[2m > [22m[2mTask 11: confirmMerge redirects graph edges onto canonical entity[2m > [22m[2mthrows when confirming an already-processed candidate[22m[39m
Migration applied: add_assertion_literal_type_versioning_fts

[90mstdout[2m | tests/temporal-layer.test.ts[2m > [22m[2mtemporal retrieval layer[22m[39m
Migration applied: add_fts5_fulltext_search

[90mstdout[2m | tests/temporal-layer.test.ts[2m > [22m[2mtemporal retrieval layer[22m[39m
Migration applied: add_notifications_table

[90mstdout[2m | tests/temporal-layer.test.ts[2m > [22m[2mtemporal retrieval layer[22m[39m
Migration applied: add_core_memory_summary

[90mstdout[2m | tests/temporal-layer.test.ts[2m > [22m[2mtemporal retrieval layer[22m[39m
Migration applied: add_temporal_graph_fields

[90mstdout[2m | tests/incremental-decay.test.ts[2m > [22m[2mincremental relationship decay[2m > [22m[2mdecays only elapsed time since last_decay_at and does not compound the same interval twice[22m[39m
[Database] sqlite-vec 扩展加载成功 ✓

[90mstdout[2m | tests/schema-contract.test.ts[2m > [22m[2mdomain constraint migration[2m > [22m[2mupgrades a database with all migrations through v13[22m[39m
Migration applied: add_assertion_conflict_audit

[90mstdout[2m | tests/incremental-decay.test.ts[2m > [22m[2mincremental relationship decay[2m > [22m[2mdecays only elapsed time since last_decay_at and does not compound the same interval twice[22m[39m
Migration applied: unified_graph_schema_v2

[90mstdout[2m | tests/merge-redirect.test.ts[2m > [22m[2mTask 11: confirmMerge redirects graph edges onto canonical entity[2m > [22m[2mthrows when confirming an already-processed candidate[22m[39m
Migration applied: extend_entity_merge_audit_with_redirect_summary

[90mstdout[2m | tests/temporal-layer.test.ts[2m > [22m[2mtemporal retrieval layer[22m[39m
Migration applied: add_invalidation_reason_to_relationships

[90mstdout[2m | tests/temporal-layer.test.ts[2m > [22m[2mtemporal retrieval layer[22m[39m
Migration applied: add_app_meta

[90mstdout[2m | tests/temporal-layer.test.ts[2m > [22m[2mtemporal retrieval layer[22m[39m
Migration applied: add_discussions_table

[90mstdout[2m | tests/temporal-layer.test.ts[2m > [22m[2mtemporal retrieval layer[22m[39m
Migration applied: add_mcp_usage_log

[90mstdout[2m | tests/temporal-assertions.test.ts[2m > [22m[2mtemporal assertions[2m > [22m[2mupgrades a persisted v14 database without deleting legacy relationships[22m[39m
Migration applied: enforce_domain_type_constraints

[90mstdout[2m | tests/incremental-decay.test.ts[2m > [22m[2mincremental relationship decay[2m > [22m[2mdecays only elapsed time since last_decay_at and does not compound the same interval twice[22m[39m
Migration applied: add_performance_indexes_v2

[90mstdout[2m | tests/merge-redirect.test.ts[2m > [22m[2mTask 11: confirmMerge redirects graph edges onto canonical entity[2m > [22m[2mthrows when confirming an already-processed candidate[22m[39m
Migration applied: add_failed_tasks_and_ingestion_provenance

[90mstdout[2m | tests/temporal-layer.test.ts[2m > [22m[2mtemporal retrieval layer[22m[39m
Migration applied: add_scoped_device_tokens

[90mstdout[2m | tests/incremental-decay.test.ts[2m > [22m[2mincremental relationship decay[2m > [22m[2mdecays only elapsed time since last_decay_at and does not compound the same interval twice[22m[39m
Migration applied: add_memory_tables

[90mstdout[2m | tests/temporal-layer.test.ts[2m > [22m[2mtemporal retrieval layer[22m[39m
Migration applied: enforce_domain_type_constraints

[90mstdout[2m | tests/incremental-decay.test.ts[2m > [22m[2mincremental relationship decay[2m > [22m[2mdecays only elapsed time since last_decay_at and does not compound the same interval twice[22m[39m
Migration applied: add_vec0_virtual_table

[90mstdout[2m | tests/temporal-layer.test.ts[2m > [22m[2mtemporal retrieval layer[22m[39m
Migration applied: add_temporal_assertions

[90mstdout[2m | tests/temporal-layer.test.ts[2m > [22m[2mtemporal retrieval layer[22m[39m
Migration applied: add_ingestion_documents_and_chunks

[90mstdout[2m | tests/incremental-decay.test.ts[2m > [22m[2mincremental relationship decay[2m > [22m[2mdecays only elapsed time since last_decay_at and does not compound the same interval twice[22m[39m
Migration applied: add_fts5_fulltext_search

[90mstdout[2m | tests/merge-redirect.test.ts[2m > [22m[2mTask 11: confirmMerge redirects graph edges onto canonical entity[2m > [22m[2mthrows when confirming a non-existent mergeId[22m[39m
[Database] sqlite-vec 扩展加载成功 ✓

[90mstdout[2m | tests/temporal-layer.test.ts[2m > [22m[2mtemporal retrieval layer[22m[39m
Migration applied: add_entity_resolution_review_queue

[90mstdout[2m | tests/temporal-layer.test.ts[2m > [22m[2mtemporal retrieval layer[22m[39m
Migration applied: add_assertion_conflict_audit

[90mstdout[2m | tests/merge-redirect.test.ts[2m > [22m[2mTask 11: confirmMerge redirects graph edges onto canonical entity[2m > [22m[2mthrows when confirming a non-existent mergeId[22m[39m
Migration applied: unified_graph_schema_v2

[90mstdout[2m | tests/merge-redirect.test.ts[2m > [22m[2mTask 11: confirmMerge redirects graph edges onto canonical entity[2m > [22m[2mthrows when confirming a non-existent mergeId[22m[39m
Migration applied: add_performance_indexes_v2

[90mstdout[2m | tests/merge-redirect.test.ts[2m > [22m[2mTask 11: confirmMerge redirects graph edges onto canonical entity[2m > [22m[2mthrows when confirming a non-existent mergeId[22m[39m
Migration applied: add_memory_tables

[90mstdout[2m | tests/merge-redirect.test.ts[2m > [22m[2mTask 11: confirmMerge redirects graph edges onto canonical entity[2m > [22m[2mthrows when confirming a non-existent mergeId[22m[39m
Migration applied: add_vec0_virtual_table

[90mstdout[2m | tests/merge-redirect.test.ts[2m > [22m[2mTask 11: confirmMerge redirects graph edges onto canonical entity[2m > [22m[2mthrows when confirming a non-existent mergeId[22m[39m
Migration applied: add_fts5_fulltext_search

[90mstdout[2m | tests/incremental-decay.test.ts[2m > [22m[2mincremental relationship decay[2m > [22m[2mdecays only elapsed time since last_decay_at and does not compound the same interval twice[22m[39m
Migration applied: add_notifications_table

[90mstdout[2m | tests/incremental-decay.test.ts[2m > [22m[2mincremental relationship decay[2m > [22m[2mdecays only elapsed time since last_decay_at and does not compound the same interval twice[22m[39m
Migration applied: add_core_memory_summary

[90mstdout[2m | tests/incremental-decay.test.ts[2m > [22m[2mincremental relationship decay[2m > [22m[2mdecays only elapsed time since last_decay_at and does not compound the same interval twice[22m[39m
Migration applied: add_temporal_graph_fields

[90mstdout[2m | tests/merge-redirect.test.ts[2m > [22m[2mTask 11: confirmMerge redirects graph edges onto canonical entity[2m > [22m[2mthrows when confirming a non-existent mergeId[22m[39m
Migration applied: add_notifications_table

[90mstdout[2m | tests/merge-redirect.test.ts[2m > [22m[2mTask 11: confirmMerge redirects graph edges onto canonical entity[2m > [22m[2mthrows when confirming a non-existent mergeId[22m[39m
Migration applied: add_core_memory_summary

[90mstdout[2m | tests/merge-redirect.test.ts[2m > [22m[2mTask 11: confirmMerge redirects graph edges onto canonical entity[2m > [22m[2mthrows when confirming a non-existent mergeId[22m[39m
Migration applied: add_temporal_graph_fields

[90mstdout[2m | tests/merge-redirect.test.ts[2m > [22m[2mTask 11: confirmMerge redirects graph edges onto canonical entity[2m > [22m[2mthrows when confirming a non-existent mergeId[22m[39m
Migration applied: add_invalidation_reason_to_relationships

[90mstdout[2m | tests/merge-redirect.test.ts[2m > [22m[2mTask 11: confirmMerge redirects graph edges onto canonical entity[2m > [22m[2mthrows when confirming a non-existent mergeId[22m[39m
Migration applied: add_app_meta

[90mstdout[2m | tests/merge-redirect.test.ts[2m > [22m[2mTask 11: confirmMerge redirects graph edges onto canonical entity[2m > [22m[2mthrows when confirming a non-existent mergeId[22m[39m
Migration applied: add_discussions_table

[90mstdout[2m | tests/incremental-decay.test.ts[2m > [22m[2mincremental relationship decay[2m > [22m[2mdecays only elapsed time since last_decay_at and does not compound the same interval twice[22m[39m
Migration applied: add_invalidation_reason_to_relationships

[90mstdout[2m | tests/incremental-decay.test.ts[2m > [22m[2mincremental relationship decay[2m > [22m[2mdecays only elapsed time since last_decay_at and does not compound the same interval twice[22m[39m
Migration applied: add_app_meta

[90mstdout[2m | tests/schema-contract.test.ts[2m > [22m[2mdomain constraint migration[2m > [22m[2mupgrades a database with all migrations through v13[22m[39m
Migration applied: add_incremental_relationship_decay

[90mstdout[2m | tests/temporal-layer.test.ts[2m > [22m[2mtemporal retrieval layer[22m[39m
Migration applied: add_incremental_relationship_decay

[90mstdout[2m | tests/temporal-layer.test.ts[2m > [22m[2mtemporal retrieval layer[22m[39m
Migration applied: add_behavior_events_and_proactive_insights

[90mstdout[2m | tests/temporal-layer.test.ts[2m > [22m[2mtemporal retrieval layer[22m[39m
Migration applied: add_assertion_literal_type_versioning_fts

[90mstdout[2m | tests/temporal-assertions.test.ts[2m > [22m[2mtemporal assertions[2m > [22m[2mupgrades a persisted v14 database without deleting legacy relationships[22m[39m
Migration applied: add_temporal_assertions

[90mstdout[2m | tests/merge-redirect.test.ts[2m > [22m[2mTask 11: confirmMerge redirects graph edges onto canonical entity[2m > [22m[2mthrows when confirming a non-existent mergeId[22m[39m
Migration applied: add_mcp_usage_log

[90mstdout[2m | tests/merge-redirect.test.ts[2m > [22m[2mTask 11: confirmMerge redirects graph edges onto canonical entity[2m > [22m[2mthrows when confirming a non-existent mergeId[22m[39m
Migration applied: add_scoped_device_tokens

[90mstdout[2m | tests/merge-redirect.test.ts[2m > [22m[2mTask 11: confirmMerge redirects graph edges onto canonical entity[2m > [22m[2mthrows when confirming a non-existent mergeId[22m[39m
Migration applied: enforce_domain_type_constraints

[90mstdout[2m | tests/incremental-decay.test.ts[2m > [22m[2mincremental relationship decay[2m > [22m[2mdecays only elapsed time since last_decay_at and does not compound the same interval twice[22m[39m
Migration applied: add_discussions_table

[90mstdout[2m | tests/incremental-decay.test.ts[2m > [22m[2mincremental relationship decay[2m > [22m[2mdecays only elapsed time since last_decay_at and does not compound the same interval twice[22m[39m
Migration applied: add_mcp_usage_log

[90mstdout[2m | tests/incremental-decay.test.ts[2m > [22m[2mincremental relationship decay[2m > [22m[2mdecays only elapsed time since last_decay_at and does not compound the same interval twice[22m[39m
Migration applied: add_scoped_device_tokens

[90mstdout[2m | tests/incremental-decay.test.ts[2m > [22m[2mincremental relationship decay[2m > [22m[2mdecays only elapsed time since last_decay_at and does not compound the same interval twice[22m[39m
Migration applied: enforce_domain_type_constraints

[90mstdout[2m | tests/merge-redirect.test.ts[2m > [22m[2mTask 11: confirmMerge redirects graph edges onto canonical entity[2m > [22m[2mthrows when confirming a non-existent mergeId[22m[39m
Migration applied: add_temporal_assertions

[90mstdout[2m | tests/merge-redirect.test.ts[2m > [22m[2mTask 11: confirmMerge redirects graph edges onto canonical entity[2m > [22m[2mthrows when confirming a non-existent mergeId[22m[39m
Migration applied: add_ingestion_documents_and_chunks

[90mstdout[2m | tests/merge-redirect.test.ts[2m > [22m[2mTask 11: confirmMerge redirects graph edges onto canonical entity[2m > [22m[2mthrows when confirming a non-existent mergeId[22m[39m
Migration applied: add_entity_resolution_review_queue

[90mstdout[2m | tests/merge-redirect.test.ts[2m > [22m[2mTask 11: confirmMerge redirects graph edges onto canonical entity[2m > [22m[2mthrows when confirming a non-existent mergeId[22m[39m
Migration applied: add_assertion_conflict_audit

[90mstdout[2m | tests/temporal-layer.test.ts[2m > [22m[2mtemporal retrieval layer[22m[39m
Migration applied: extend_entity_merge_audit_with_redirect_summary

[90mstdout[2m | tests/temporal-layer.test.ts[2m > [22m[2mtemporal retrieval layer[22m[39m
Migration applied: add_failed_tasks_and_ingestion_provenance

[90mstdout[2m | tests/merge-redirect.test.ts[2m > [22m[2mTask 11: confirmMerge redirects graph edges onto canonical entity[2m > [22m[2mthrows when confirming a non-existent mergeId[22m[39m
Migration applied: add_incremental_relationship_decay

stderr | tests/extraction-diagnostics.test.ts > formal evaluation extraction diagnostics > marks max-token truncation as a formal failure even when the partial JSON parses
[LLMExtractor] LLM 输出被 max_tokens 截断，抽取结果可能不完整

[90mstdout[2m | tests/incremental-decay.test.ts[2m > [22m[2mincremental relationship decay[2m > [22m[2mdecays only elapsed time since last_decay_at and does not compound the same interval twice[22m[39m
Migration applied: add_temporal_assertions

[90mstdout[2m | tests/incremental-decay.test.ts[2m > [22m[2mincremental relationship decay[2m > [22m[2mdecays only elapsed time since last_decay_at and does not compound the same interval twice[22m[39m
Migration applied: add_ingestion_documents_and_chunks

[90mstdout[2m | tests/incremental-decay.test.ts[2m > [22m[2mincremental relationship decay[2m > [22m[2mdecays only elapsed time since last_decay_at and does not compound the same interval twice[22m[39m
Migration applied: add_entity_resolution_review_queue

[90mstdout[2m | tests/schema-contract.test.ts[2m > [22m[2mdomain constraint migration[2m > [22m[2mupgrades a database with all migrations through v13[22m[39m
Migration applied: add_behavior_events_and_proactive_insights

[90mstdout[2m | tests/temporal-assertions.test.ts[2m > [22m[2mtemporal assertions[2m > [22m[2mupgrades a persisted v14 database without deleting legacy relationships[22m[39m
Migration applied: add_ingestion_documents_and_chunks

[90mstdout[2m | tests/merge-redirect.test.ts[2m > [22m[2mTask 11: confirmMerge redirects graph edges onto canonical entity[2m > [22m[2mthrows when confirming a non-existent mergeId[22m[39m
Migration applied: add_behavior_events_and_proactive_insights

[90mstdout[2m | tests/merge-redirect.test.ts[2m > [22m[2mTask 11: confirmMerge redirects graph edges onto canonical entity[2m > [22m[2mthrows when confirming a non-existent mergeId[22m[39m
Migration applied: add_assertion_literal_type_versioning_fts

[90mstdout[2m | tests/assertion-fact-layer.test.ts[2m > [22m[2mAssertion fact layer — literal types, versioning, FTS, consistency scan[2m > [22m[2mstores literal assertions with all 11 literal types[22m[39m
[Database] sqlite-vec 扩展加载成功 ✓

 [32m✓[39m tests/extraction-diagnostics.test.ts [2m ([22m[2m4 tests[22m[2m)[22m[90m 45[2mms[22m[39m
[90mstdout[2m | tests/incremental-decay.test.ts[2m > [22m[2mincremental relationship decay[2m > [22m[2mdecays only elapsed time since last_decay_at and does not compound the same interval twice[22m[39m
Migration applied: add_assertion_conflict_audit

[90mstdout[2m | tests/merge-redirect.test.ts[2m > [22m[2mTask 11: confirmMerge redirects graph edges onto canonical entity[2m > [22m[2mthrows when confirming a non-existent mergeId[22m[39m
Migration applied: extend_entity_merge_audit_with_redirect_summary

[90mstdout[2m | tests/assertion-fact-layer.test.ts[2m > [22m[2mAssertion fact layer — literal types, versioning, FTS, consistency scan[2m > [22m[2mstores literal assertions with all 11 literal types[22m[39m
Migration applied: unified_graph_schema_v2

[90mstdout[2m | tests/merge-redirect.test.ts[2m > [22m[2mTask 11: confirmMerge redirects graph edges onto canonical entity[2m > [22m[2mthrows when confirming a non-existent mergeId[22m[39m
Migration applied: add_failed_tasks_and_ingestion_provenance

[90mstdout[2m | tests/merge-redirect.test.ts[2m > [22m[2mTask 11: confirmMerge redirects graph edges onto canonical entity[2m > [22m[2mthrows when candidate_entity_id is null[22m[39m
[Database] sqlite-vec 扩展加载成功 ✓

[90mstdout[2m | tests/incremental-decay.test.ts[2m > [22m[2mincremental relationship decay[2m > [22m[2mdecays only elapsed time since last_decay_at and does not compound the same interval twice[22m[39m
Migration applied: add_incremental_relationship_decay

[90mstdout[2m | tests/assertion-fact-layer.test.ts[2m > [22m[2mAssertion fact layer — literal types, versioning, FTS, consistency scan[2m > [22m[2mstores literal assertions with all 11 literal types[22m[39m
Migration applied: add_performance_indexes_v2

[90mstdout[2m | tests/assertion-fact-layer.test.ts[2m > [22m[2mAssertion fact layer — literal types, versioning, FTS, consistency scan[2m > [22m[2mstores literal assertions with all 11 literal types[22m[39m
Migration applied: add_memory_tables

[90mstdout[2m | tests/assertion-fact-layer.test.ts[2m > [22m[2mAssertion fact layer — literal types, versioning, FTS, consistency scan[2m > [22m[2mstores literal assertions with all 11 literal types[22m[39m
Migration applied: add_vec0_virtual_table

[90mstdout[2m | tests/incremental-decay.test.ts[2m > [22m[2mincremental relationship decay[2m > [22m[2mdecays only elapsed time since last_decay_at and does not compound the same interval twice[22m[39m
Migration applied: add_behavior_events_and_proactive_insights

[90mstdout[2m | tests/merge-redirect.test.ts[2m > [22m[2mTask 11: confirmMerge redirects graph edges onto canonical entity[2m > [22m[2mthrows when candidate_entity_id is null[22m[39m
Migration applied: unified_graph_schema_v2

[90mstdout[2m | tests/merge-redirect.test.ts[2m > [22m[2mTask 11: confirmMerge redirects graph edges onto canonical entity[2m > [22m[2mthrows when candidate_entity_id is null[22m[39m
Migration applied: add_performance_indexes_v2

[90mstdout[2m | tests/merge-redirect.test.ts[2m > [22m[2mTask 11: confirmMerge redirects graph edges onto canonical entity[2m > [22m[2mthrows when candidate_entity_id is null[22m[39m
Migration applied: add_memory_tables

[90mstdout[2m | tests/merge-redirect.test.ts[2m > [22m[2mTask 11: confirmMerge redirects graph edges onto canonical entity[2m > [22m[2mthrows when candidate_entity_id is null[22m[39m
Migration applied: add_vec0_virtual_table

[90mstdout[2m | tests/temporal-assertions.test.ts[2m > [22m[2mtemporal assertions[2m > [22m[2mupgrades a persisted v14 database without deleting legacy relationships[22m[39m
Migration applied: add_entity_resolution_review_queue

[90mstdout[2m | tests/incremental-decay.test.ts[2m > [22m[2mincremental relationship decay[2m > [22m[2mdecays only elapsed time since last_decay_at and does not compound the same interval twice[22m[39m
Migration applied: add_assertion_literal_type_versioning_fts

[90mstdout[2m | tests/merge-redirect.test.ts[2m > [22m[2mTask 11: confirmMerge redirects graph edges onto canonical entity[2m > [22m[2mthrows when candidate_entity_id is null[22m[39m
Migration applied: add_fts5_fulltext_search

[90mstdout[2m | tests/assertion-fact-layer.test.ts[2m > [22m[2mAssertion fact layer — literal types, versioning, FTS, consistency scan[2m > [22m[2mstores literal assertions with all 11 literal types[22m[39m
Migration applied: add_fts5_fulltext_search

[90mstdout[2m | tests/merge-redirect.test.ts[2m > [22m[2mTask 11: confirmMerge redirects graph edges onto canonical entity[2m > [22m[2mthrows when candidate_entity_id is null[22m[39m
Migration applied: add_notifications_table

[90mstdout[2m | tests/merge-redirect.test.ts[2m > [22m[2mTask 11: confirmMerge redirects graph edges onto canonical entity[2m > [22m[2mthrows when candidate_entity_id is null[22m[39m
Migration applied: add_core_memory_summary

[90mstdout[2m | tests/schema-contract.test.ts[2m > [22m[2mdomain constraint migration[2m > [22m[2mupgrades a database with all migrations through v13[22m[39m
Migration applied: add_assertion_literal_type_versioning_fts

 [32m✓[39m tests/temporal-layer.test.ts [2m ([22m[2m7 tests[22m[2m)[22m[90m 134[2mms[22m[39m
[90mstdout[2m | tests/assertion-fact-layer.test.ts[2m > [22m[2mAssertion fact layer — literal types, versioning, FTS, consistency scan[2m > [22m[2mstores literal assertions with all 11 literal types[22m[39m
Migration applied: add_notifications_table

[90mstdout[2m | tests/merge-redirect.test.ts[2m > [22m[2mTask 11: confirmMerge redirects graph edges onto canonical entity[2m > [22m[2mthrows when candidate_entity_id is null[22m[39m
Migration applied: add_temporal_graph_fields

[90mstdout[2m | tests/incremental-decay.test.ts[2m > [22m[2mincremental relationship decay[2m > [22m[2mdecays only elapsed time since last_decay_at and does not compound the same interval twice[22m[39m
Migration applied: extend_entity_merge_audit_with_redirect_summary

[90mstdout[2m | tests/merge-redirect.test.ts[2m > [22m[2mTask 11: confirmMerge redirects graph edges onto canonical entity[2m > [22m[2mthrows when candidate_entity_id is null[22m[39m
Migration applied: add_invalidation_reason_to_relationships

[90mstdout[2m | tests/assertion-fact-layer.test.ts[2m > [22m[2mAssertion fact layer — literal types, versioning, FTS, consistency scan[2m > [22m[2mstores literal assertions with all 11 literal types[22m[39m
Migration applied: add_core_memory_summary

[90mstdout[2m | tests/assertion-fact-layer.test.ts[2m > [22m[2mAssertion fact layer — literal types, versioning, FTS, consistency scan[2m > [22m[2mstores literal assertions with all 11 literal types[22m[39m
Migration applied: add_temporal_graph_fields

[90mstdout[2m | tests/merge-redirect.test.ts[2m > [22m[2mTask 11: confirmMerge redirects graph edges onto canonical entity[2m > [22m[2mthrows when candidate_entity_id is null[22m[39m
Migration applied: add_app_meta

[90mstdout[2m | tests/assertion-fact-layer.test.ts[2m > [22m[2mAssertion fact layer — literal types, versioning, FTS, consistency scan[2m > [22m[2mstores literal assertions with all 11 literal types[22m[39m
Migration applied: add_invalidation_reason_to_relationships

[90mstdout[2m | tests/merge-redirect.test.ts[2m > [22m[2mTask 11: confirmMerge redirects graph edges onto canonical entity[2m > [22m[2mthrows when candidate_entity_id is null[22m[39m
Migration applied: add_discussions_table

[90mstdout[2m | tests/merge-redirect.test.ts[2m > [22m[2mTask 11: confirmMerge redirects graph edges onto canonical entity[2m > [22m[2mthrows when candidate_entity_id is null[22m[39m
Migration applied: add_mcp_usage_log

[90mstdout[2m | tests/entity-resolution-policy.test.ts[2m > [22m[2mtype-specific entity resolution policy[2m > [22m[2mdoes not auto-merge a same-name person without compatible context[22m[39m
[Database] sqlite-vec 扩展加载成功 ✓

[90mstdout[2m | tests/merge-redirect.test.ts[2m > [22m[2mTask 11: confirmMerge redirects graph edges onto canonical entity[2m > [22m[2mthrows when candidate_entity_id is null[22m[39m
Migration applied: add_scoped_device_tokens

[90mstdout[2m | tests/assertion-fact-layer.test.ts[2m > [22m[2mAssertion fact layer — literal types, versioning, FTS, consistency scan[2m > [22m[2mstores literal assertions with all 11 literal types[22m[39m
Migration applied: add_app_meta

[90mstdout[2m | tests/incremental-decay.test.ts[2m > [22m[2mincremental relationship decay[2m > [22m[2mdecays only elapsed time since last_decay_at and does not compound the same interval twice[22m[39m
Migration applied: add_failed_tasks_and_ingestion_provenance

[90mstdout[2m | tests/merge-redirect.test.ts[2m > [22m[2mTask 11: confirmMerge redirects graph edges onto canonical entity[2m > [22m[2mthrows when candidate_entity_id is null[22m[39m
Migration applied: enforce_domain_type_constraints

[90mstdout[2m | tests/assertion-fact-layer.test.ts[2m > [22m[2mAssertion fact layer — literal types, versioning, FTS, consistency scan[2m > [22m[2mstores literal assertions with all 11 literal types[22m[39m
Migration applied: add_discussions_table

[90mstdout[2m | tests/assertion-fact-layer.test.ts[2m > [22m[2mAssertion fact layer — literal types, versioning, FTS, consistency scan[2m > [22m[2mstores literal assertions with all 11 literal types[22m[39m
Migration applied: add_mcp_usage_log

[90mstdout[2m | tests/entity-resolution-policy.test.ts[2m > [22m[2mtype-specific entity resolution policy[2m > [22m[2mdoes not auto-merge a same-name person without compatible context[22m[39m
Migration applied: unified_graph_schema_v2

[90mstdout[2m | tests/merge-redirect.test.ts[2m > [22m[2mTask 11: confirmMerge redirects graph edges onto canonical entity[2m > [22m[2mthrows when candidate_entity_id is null[22m[39m
Migration applied: add_temporal_assertions

[90mstdout[2m | tests/merge-redirect.test.ts[2m > [22m[2mTask 11: confirmMerge redirects graph edges onto canonical entity[2m > [22m[2mthrows when candidate_entity_id is null[22m[39m
Migration applied: add_ingestion_documents_and_chunks

[90mstdout[2m | tests/assertion-fact-layer.test.ts[2m > [22m[2mAssertion fact layer — literal types, versioning, FTS, consistency scan[2m > [22m[2mstores literal assertions with all 11 literal types[22m[39m
Migration applied: add_scoped_device_tokens

[90mstdout[2m | tests/assertion-fact-layer.test.ts[2m > [22m[2mAssertion fact layer — literal types, versioning, FTS, consistency scan[2m > [22m[2mstores literal assertions with all 11 literal types[22m[39m
Migration applied: enforce_domain_type_constraints

[90mstdout[2m | tests/entity-resolution-policy.test.ts[2m > [22m[2mtype-specific entity resolution policy[2m > [22m[2mdoes not auto-merge a same-name person without compatible context[22m[39m
Migration applied: add_performance_indexes_v2

[90mstdout[2m | tests/merge-redirect.test.ts[2m > [22m[2mTask 11: confirmMerge redirects graph edges onto canonical entity[2m > [22m[2mthrows when candidate_entity_id is null[22m[39m
Migration applied: add_entity_resolution_review_queue

[90mstdout[2m | tests/schema-contract.test.ts[2m > [22m[2mdomain constraint migration[2m > [22m[2mupgrades a database with all migrations through v13[22m[39m
Migration applied: extend_entity_merge_audit_with_redirect_summary

[90mstdout[2m | tests/entity-resolution-policy.test.ts[2m > [22m[2mtype-specific entity resolution policy[2m > [22m[2mdoes not auto-merge a same-name person without compatible context[22m[39m
Migration applied: add_memory_tables

[90mstdout[2m | tests/assertion-fact-layer.test.ts[2m > [22m[2mAssertion fact layer — literal types, versioning, FTS, consistency scan[2m > [22m[2mstores literal assertions with all 11 literal types[22m[39m
Migration applied: add_temporal_assertions

[90mstdout[2m | tests/merge-redirect.test.ts[2m > [22m[2mTask 11: confirmMerge redirects graph edges onto canonical entity[2m > [22m[2mthrows when candidate_entity_id is null[22m[39m
Migration applied: add_assertion_conflict_audit

[90mstdout[2m | tests/temporal-assertions.test.ts[2m > [22m[2mtemporal assertions[2m > [22m[2mupgrades a persisted v14 database without deleting legacy relationships[22m[39m
Migration applied: add_assertion_conflict_audit

[90mstdout[2m | tests/assertion-fact-layer.test.ts[2m > [22m[2mAssertion fact layer — literal types, versioning, FTS, consistency scan[2m > [22m[2mstores literal assertions with all 11 literal types[22m[39m
Migration applied: add_ingestion_documents_and_chunks

[90mstdout[2m | tests/incremental-decay.test.ts[2m > [22m[2mincremental relationship decay[2m > [22m[2mreinforces once per new activation event[22m[39m
[Database] sqlite-vec 扩展加载成功 ✓

[90mstdout[2m | tests/entity-resolution-policy.test.ts[2m > [22m[2mtype-specific entity resolution policy[2m > [22m[2mdoes not auto-merge a same-name person without compatible context[22m[39m
Migration applied: add_vec0_virtual_table

[90mstdout[2m | tests/assertion-fact-layer.test.ts[2m > [22m[2mAssertion fact layer — literal types, versioning, FTS, consistency scan[2m > [22m[2mstores literal assertions with all 11 literal types[22m[39m
Migration applied: add_entity_resolution_review_queue

[90mstdout[2m | tests/merge-redirect.test.ts[2m > [22m[2mTask 11: confirmMerge redirects graph edges onto canonical entity[2m > [22m[2mthrows when candidate_entity_id is null[22m[39m
Migration applied: add_incremental_relationship_decay

[90mstdout[2m | tests/incremental-decay.test.ts[2m > [22m[2mincremental relationship decay[2m > [22m[2mreinforces once per new activation event[22m[39m
Migration applied: unified_graph_schema_v2

[90mstdout[2m | tests/merge-redirect.test.ts[2m > [22m[2mTask 11: confirmMerge redirects graph edges onto canonical entity[2m > [22m[2mthrows when candidate_entity_id is null[22m[39m
Migration applied: add_behavior_events_and_proactive_insights

[90mstdout[2m | tests/assertion-fact-layer.test.ts[2m > [22m[2mAssertion fact layer — literal types, versioning, FTS, consistency scan[2m > [22m[2mstores literal assertions with all 11 literal types[22m[39m
Migration applied: add_assertion_conflict_audit

[90mstdout[2m | tests/conflict-transactions.test.ts[2m > [22m[2massertion conflict transactions[2m > [22m[2mserializes concurrent transaction scopes on the shared sqlite connection[22m[39m
[Database] sqlite-vec 扩展加载成功 ✓

[90mstdout[2m | tests/incremental-decay.test.ts[2m > [22m[2mincremental relationship decay[2m > [22m[2mreinforces once per new activation event[22m[39m
Migration applied: add_performance_indexes_v2

[90mstdout[2m | tests/entity-resolution-policy.test.ts[2m > [22m[2mtype-specific entity resolution policy[2m > [22m[2mdoes not auto-merge a same-name person without compatible context[22m[39m
Migration applied: add_fts5_fulltext_search

[90mstdout[2m | tests/incremental-decay.test.ts[2m > [22m[2mincremental relationship decay[2m > [22m[2mreinforces once per new activation event[22m[39m
Migration applied: add_memory_tables

[90mstdout[2m | tests/incremental-decay.test.ts[2m > [22m[2mincremental relationship decay[2m > [22m[2mreinforces once per new activation event[22m[39m
Migration applied: add_vec0_virtual_table

[90mstdout[2m | tests/assertion-fact-layer.test.ts[2m > [22m[2mAssertion fact layer — literal types, versioning, FTS, consistency scan[2m > [22m[2mstores literal assertions with all 11 literal types[22m[39m
Migration applied: add_incremental_relationship_decay

[90mstdout[2m | tests/incremental-decay.test.ts[2m > [22m[2mincremental relationship decay[2m > [22m[2mreinforces once per new activation event[22m[39m
Migration applied: add_fts5_fulltext_search

[90mstdout[2m | tests/assertion-fact-layer.test.ts[2m > [22m[2mAssertion fact layer — literal types, versioning, FTS, consistency scan[2m > [22m[2mstores literal assertions with all 11 literal types[22m[39m
Migration applied: add_behavior_events_and_proactive_insights

[90mstdout[2m | tests/conflict-transactions.test.ts[2m > [22m[2massertion conflict transactions[2m > [22m[2mserializes concurrent transaction scopes on the shared sqlite connection[22m[39m
Migration applied: unified_graph_schema_v2

[90mstdout[2m | tests/merge-redirect.test.ts[2m > [22m[2mTask 11: confirmMerge redirects graph edges onto canonical entity[2m > [22m[2mthrows when candidate_entity_id is null[22m[39m
Migration applied: add_assertion_literal_type_versioning_fts

[90mstdout[2m | tests/schema-contract.test.ts[2m > [22m[2mdomain constraint migration[2m > [22m[2mupgrades a database with all migrations through v13[22m[39m
Migration applied: add_failed_tasks_and_ingestion_provenance

[90mstdout[2m | tests/incremental-decay.test.ts[2m > [22m[2mincremental relationship decay[2m > [22m[2mreinforces once per new activation event[22m[39m
Migration applied: add_notifications_table

[90mstdout[2m | tests/incremental-decay.test.ts[2m > [22m[2mincremental relationship decay[2m > [22m[2mreinforces once per new activation event[22m[39m
Migration applied: add_core_memory_summary

[90mstdout[2m | tests/incremental-decay.test.ts[2m > [22m[2mincremental relationship decay[2m > [22m[2mreinforces once per new activation event[22m[39m
Migration applied: add_temporal_graph_fields

[90mstdout[2m | tests/assertion-fact-layer.test.ts[2m > [22m[2mAssertion fact layer — literal types, versioning, FTS, consistency scan[2m > [22m[2mstores literal assertions with all 11 literal types[22m[39m
Migration applied: add_assertion_literal_type_versioning_fts

[90mstdout[2m | tests/temporal-assertions.test.ts[2m > [22m[2mtemporal assertions[2m > [22m[2mupgrades a persisted v14 database without deleting legacy relationships[22m[39m
Migration applied: add_incremental_relationship_decay

[90mstdout[2m | tests/conflict-transactions.test.ts[2m > [22m[2massertion conflict transactions[2m > [22m[2mserializes concurrent transaction scopes on the shared sqlite connection[22m[39m
Migration applied: add_performance_indexes_v2

[90mstdout[2m | tests/merge-redirect.test.ts[2m > [22m[2mTask 11: confirmMerge redirects graph edges onto canonical entity[2m > [22m[2mthrows when candidate_entity_id is null[22m[39m
Migration applied: extend_entity_merge_audit_with_redirect_summary

[90mstdout[2m | tests/entity-resolution-policy.test.ts[2m > [22m[2mtype-specific entity resolution policy[2m > [22m[2mdoes not auto-merge a same-name person without compatible context[22m[39m
Migration applied: add_notifications_table

[90mstdout[2m | tests/conflict-transactions.test.ts[2m > [22m[2massertion conflict transactions[2m > [22m[2mserializes concurrent transaction scopes on the shared sqlite connection[22m[39m
Migration applied: add_memory_tables

[90mstdout[2m | tests/entity-resolution-policy.test.ts[2m > [22m[2mtype-specific entity resolution policy[2m > [22m[2mdoes not auto-merge a same-name person without compatible context[22m[39m
Migration applied: add_core_memory_summary

[90mstdout[2m | tests/incremental-decay.test.ts[2m > [22m[2mincremental relationship decay[2m > [22m[2mreinforces once per new activation event[22m[39m
Migration applied: add_invalidation_reason_to_relationships

[90mstdout[2m | tests/incremental-decay.test.ts[2m > [22m[2mincremental relationship decay[2m > [22m[2mreinforces once per new activation event[22m[39m
Migration applied: add_app_meta

[90mstdout[2m | tests/incremental-decay.test.ts[2m > [22m[2mincremental relationship decay[2m > [22m[2mreinforces once per new activation event[22m[39m
Migration applied: add_discussions_table

[90mstdout[2m | tests/incremental-decay.test.ts[2m > [22m[2mincremental relationship decay[2m > [22m[2mreinforces once per new activation event[22m[39m
Migration applied: add_mcp_usage_log

[90mstdout[2m | tests/merge-redirect.test.ts[2m > [22m[2mTask 11: confirmMerge redirects graph edges onto canonical entity[2m > [22m[2mthrows when candidate_entity_id is null[22m[39m
Migration applied: add_failed_tasks_and_ingestion_provenance

[90mstdout[2m | tests/assertion-fact-layer.test.ts[2m > [22m[2mAssertion fact layer — literal types, versioning, FTS, consistency scan[2m > [22m[2mstores literal assertions with all 11 literal types[22m[39m
Migration applied: extend_entity_merge_audit_with_redirect_summary

[90mstdout[2m | tests/conflict-transactions.test.ts[2m > [22m[2massertion conflict transactions[2m > [22m[2mserializes concurrent transaction scopes on the shared sqlite connection[22m[39m
Migration applied: add_vec0_virtual_table

[90mstdout[2m | tests/conflict-transactions.test.ts[2m > [22m[2massertion conflict transactions[2m > [22m[2mserializes concurrent transaction scopes on the shared sqlite connection[22m[39m
Migration applied: add_fts5_fulltext_search

[90mstdout[2m | tests/incremental-decay.test.ts[2m > [22m[2mincremental relationship decay[2m > [22m[2mreinforces once per new activation event[22m[39m
Migration applied: add_scoped_device_tokens

[90mstdout[2m | tests/conflict-transactions.test.ts[2m > [22m[2massertion conflict transactions[2m > [22m[2mserializes concurrent transaction scopes on the shared sqlite connection[22m[39m
Migration applied: add_notifications_table

[90mstdout[2m | tests/entity-resolution-policy.test.ts[2m > [22m[2mtype-specific entity resolution policy[2m > [22m[2mdoes not auto-merge a same-name person without compatible context[22m[39m
Migration applied: add_temporal_graph_fields

[90mstdout[2m | tests/incremental-decay.test.ts[2m > [22m[2mincremental relationship decay[2m > [22m[2mreinforces once per new activation event[22m[39m
Migration applied: enforce_domain_type_constraints

[90mstdout[2m | tests/conflict-transactions.test.ts[2m > [22m[2massertion conflict transactions[2m > [22m[2mserializes concurrent transaction scopes on the shared sqlite connection[22m[39m
Migration applied: add_core_memory_summary

[90mstdout[2m | tests/temporal-assertions.test.ts[2m > [22m[2mtemporal assertions[2m > [22m[2mupgrades a persisted v14 database without deleting legacy relationships[22m[39m
Migration applied: add_behavior_events_and_proactive_insights

[90mstdout[2m | tests/assertion-fact-layer.test.ts[2m > [22m[2mAssertion fact layer — literal types, versioning, FTS, consistency scan[2m > [22m[2mstores literal assertions with all 11 literal types[22m[39m
Migration applied: add_failed_tasks_and_ingestion_provenance

[90mstdout[2m | tests/merge-redirect.test.ts[2m > [22m[2mTask 11: confirmMerge redirects graph edges onto canonical entity[2m > [22m[2mthrows when merging an entity into itself[22m[39m
[Database] sqlite-vec 扩展加载成功 ✓

[90mstdout[2m | tests/incremental-decay.test.ts[2m > [22m[2mincremental relationship decay[2m > [22m[2mreinforces once per new activation event[22m[39m
Migration applied: add_temporal_assertions

[90mstdout[2m | tests/incremental-decay.test.ts[2m > [22m[2mincremental relationship decay[2m > [22m[2mreinforces once per new activation event[22m[39m
Migration applied: add_ingestion_documents_and_chunks

[90mstdout[2m | tests/conflict-transactions.test.ts[2m > [22m[2massertion conflict transactions[2m > [22m[2mserializes concurrent transaction scopes on the shared sqlite connection[22m[39m
Migration applied: add_temporal_graph_fields

[90mstdout[2m | tests/merge-redirect.test.ts[2m > [22m[2mTask 11: confirmMerge redirects graph edges onto canonical entity[2m > [22m[2mthrows when merging an entity into itself[22m[39m
Migration applied: unified_graph_schema_v2

[90mstdout[2m | tests/entity-resolution-policy.test.ts[2m > [22m[2mtype-specific entity resolution policy[2m > [22m[2mdoes not auto-merge a same-name person without compatible context[22m[39m
Migration applied: add_invalidation_reason_to_relationships

[90mstdout[2m | tests/merge-redirect.test.ts[2m > [22m[2mTask 11: confirmMerge redirects graph edges onto canonical entity[2m > [22m[2mthrows when merging an entity into itself[22m[39m
Migration applied: add_performance_indexes_v2

[90mstdout[2m | tests/incremental-decay.test.ts[2m > [22m[2mincremental relationship decay[2m > [22m[2mreinforces once per new activation event[22m[39m
Migration applied: add_entity_resolution_review_queue

[90mstdout[2m | tests/incremental-decay.test.ts[2m > [22m[2mincremental relationship decay[2m > [22m[2mreinforces once per new activation event[22m[39m
Migration applied: add_assertion_conflict_audit

[90mstdout[2m | tests/merge-redirect.test.ts[2m > [22m[2mTask 11: confirmMerge redirects graph edges onto canonical entity[2m > [22m[2mthrows when merging an entity into itself[22m[39m
Migration applied: add_memory_tables

[90mstdout[2m | tests/merge-redirect.test.ts[2m > [22m[2mTask 11: confirmMerge redirects graph edges onto canonical entity[2m > [22m[2mthrows when merging an entity into itself[22m[39m
Migration applied: add_vec0_virtual_table

[90mstdout[2m | tests/conflict-transactions.test.ts[2m > [22m[2massertion conflict transactions[2m > [22m[2mserializes concurrent transaction scopes on the shared sqlite connection[22m[39m
Migration applied: add_invalidation_reason_to_relationships

[90mstdout[2m | tests/agent-loop-abort-dedup.test.ts[2m > [22m[2mTask 12: AgentLoop cycle-level AbortController[2m > [22m[2mexposes a cycleAbort field that is null when no cycle is running[22m[39m
[Database] sqlite-vec 扩展加载成功 ✓

[90mstdout[2m | tests/merge-redirect.test.ts[2m > [22m[2mTask 11: confirmMerge redirects graph edges onto canonical entity[2m > [22m[2mthrows when merging an entity into itself[22m[39m
Migration applied: add_fts5_fulltext_search

[90mstdout[2m | tests/entity-resolution-policy.test.ts[2m > [22m[2mtype-specific entity resolution policy[2m > [22m[2mdoes not auto-merge a same-name person without compatible context[22m[39m
Migration applied: add_app_meta

[90mstdout[2m | tests/merge-redirect.test.ts[2m > [22m[2mTask 11: confirmMerge redirects graph edges onto canonical entity[2m > [22m[2mthrows when merging an entity into itself[22m[39m
Migration applied: add_notifications_table

[90mstdout[2m | tests/conflict-transactions.test.ts[2m > [22m[2massertion conflict transactions[2m > [22m[2mserializes concurrent transaction scopes on the shared sqlite connection[22m[39m
Migration applied: add_app_meta

[90mstdout[2m | tests/merge-redirect.test.ts[2m > [22m[2mTask 11: confirmMerge redirects graph edges onto canonical entity[2m > [22m[2mthrows when merging an entity into itself[22m[39m
Migration applied: add_core_memory_summary

[90mstdout[2m | tests/incremental-decay.test.ts[2m > [22m[2mincremental relationship decay[2m > [22m[2mreinforces once per new activation event[22m[39m
Migration applied: add_incremental_relationship_decay

[90mstdout[2m | tests/conflict-transactions.test.ts[2m > [22m[2massertion conflict transactions[2m > [22m[2mserializes concurrent transaction scopes on the shared sqlite connection[22m[39m
Migration applied: add_discussions_table

[90mstdout[2m | tests/merge-redirect.test.ts[2m > [22m[2mTask 11: confirmMerge redirects graph edges onto canonical entity[2m > [22m[2mthrows when merging an entity into itself[22m[39m
Migration applied: add_temporal_graph_fields

[90mstdout[2m | tests/incremental-decay.test.ts[2m > [22m[2mincremental relationship decay[2m > [22m[2mreinforces once per new activation event[22m[39m
Migration applied: add_behavior_events_and_proactive_insights

[90mstdout[2m | tests/agent-loop-abort-dedup.test.ts[2m > [22m[2mTask 12: AgentLoop cycle-level AbortController[2m > [22m[2mexposes a cycleAbort field that is null when no cycle is running[22m[39m
Migration applied: unified_graph_schema_v2

[90mstdout[2m | tests/merge-redirect.test.ts[2m > [22m[2mTask 11: confirmMerge redirects graph edges onto canonical entity[2m > [22m[2mthrows when merging an entity into itself[22m[39m
Migration applied: add_invalidation_reason_to_relationships

[90mstdout[2m | tests/conflict-transactions.test.ts[2m > [22m[2massertion conflict transactions[2m > [22m[2mserializes concurrent transaction scopes on the shared sqlite connection[22m[39m
Migration applied: add_mcp_usage_log

[90mstdout[2m | tests/entity-resolution-policy.test.ts[2m > [22m[2mtype-specific entity resolution policy[2m > [22m[2mdoes not auto-merge a same-name person without compatible context[22m[39m
Migration applied: add_discussions_table

[90mstdout[2m | tests/agent-loop-abort-dedup.test.ts[2m > [22m[2mTask 12: AgentLoop cycle-level AbortController[2m > [22m[2mexposes a cycleAbort field that is null when no cycle is running[22m[39m
Migration applied: add_performance_indexes_v2

[90mstdout[2m | tests/merge-redirect.test.ts[2m > [22m[2mTask 11: confirmMerge redirects graph edges onto canonical entity[2m > [22m[2mthrows when merging an entity into itself[22m[39m
Migration applied: add_app_meta

[90mstdout[2m | tests/merge-redirect.test.ts[2m > [22m[2mTask 11: confirmMerge redirects graph edges onto canonical entity[2m > [22m[2mthrows when merging an entity into itself[22m[39m
Migration applied: add_discussions_table

[90mstdout[2m | tests/entity-resolution-policy.test.ts[2m > [22m[2mtype-specific entity resolution policy[2m > [22m[2mdoes not auto-merge a same-name person without compatible context[22m[39m
Migration applied: add_mcp_usage_log

[90mstdout[2m | tests/merge-redirect.test.ts[2m > [22m[2mTask 11: confirmMerge redirects graph edges onto canonical entity[2m > [22m[2mthrows when merging an entity into itself[22m[39m
Migration applied: add_mcp_usage_log

[90mstdout[2m | tests/conflict-transactions.test.ts[2m > [22m[2massertion conflict transactions[2m > [22m[2mserializes concurrent transaction scopes on the shared sqlite connection[22m[39m
Migration applied: add_scoped_device_tokens

[90mstdout[2m | tests/agent-loop-abort-dedup.test.ts[2m > [22m[2mTask 12: AgentLoop cycle-level AbortController[2m > [22m[2mexposes a cycleAbort field that is null when no cycle is running[22m[39m
Migration applied: add_memory_tables

[90mstdout[2m | tests/merge-redirect.test.ts[2m > [22m[2mTask 11: confirmMerge redirects graph edges onto canonical entity[2m > [22m[2mthrows when merging an entity into itself[22m[39m
Migration applied: add_scoped_device_tokens

[90mstdout[2m | tests/incremental-decay.test.ts[2m > [22m[2mincremental relationship decay[2m > [22m[2mreinforces once per new activation event[22m[39m
Migration applied: add_assertion_literal_type_versioning_fts

[90mstdout[2m | tests/incremental-decay.test.ts[2m > [22m[2mincremental relationship decay[2m > [22m[2mreinforces once per new activation event[22m[39m
Migration applied: extend_entity_merge_audit_with_redirect_summary

[90mstdout[2m | tests/merge-redirect.test.ts[2m > [22m[2mTask 11: confirmMerge redirects graph edges onto canonical entity[2m > [22m[2mthrows when merging an entity into itself[22m[39m
Migration applied: enforce_domain_type_constraints

[90mstdout[2m | tests/entity-resolution-policy.test.ts[2m > [22m[2mtype-specific entity resolution policy[2m > [22m[2mdoes not auto-merge a same-name person without compatible context[22m[39m
Migration applied: add_scoped_device_tokens

[90mstdout[2m | tests/temporal-assertions.test.ts[2m > [22m[2mtemporal assertions[2m > [22m[2mupgrades a persisted v14 database without deleting legacy relationships[22m[39m
Migration applied: add_assertion_literal_type_versioning_fts

[90mstdout[2m | tests/merge-redirect.test.ts[2m > [22m[2mTask 11: confirmMerge redirects graph edges onto canonical entity[2m > [22m[2mthrows when merging an entity into itself[22m[39m
Migration applied: add_temporal_assertions

[90mstdout[2m | tests/agent-loop-abort-dedup.test.ts[2m > [22m[2mTask 12: AgentLoop cycle-level AbortController[2m > [22m[2mexposes a cycleAbort field that is null when no cycle is running[22m[39m
Migration applied: add_vec0_virtual_table

[90mstdout[2m | tests/assertion-fact-layer.test.ts[2m > [22m[2mAssertion fact layer — literal types, versioning, FTS, consistency scan[2m > [22m[2mstores entity-object assertions alongside literal assertions[22m[39m
[Database] sqlite-vec 扩展加载成功 ✓

[90mstdout[2m | tests/incremental-decay.test.ts[2m > [22m[2mincremental relationship decay[2m > [22m[2mreinforces once per new activation event[22m[39m
Migration applied: add_failed_tasks_and_ingestion_provenance

[90mstdout[2m | tests/merge-redirect.test.ts[2m > [22m[2mTask 11: confirmMerge redirects graph edges onto canonical entity[2m > [22m[2mthrows when merging an entity into itself[22m[39m
Migration applied: add_ingestion_documents_and_chunks

[90mstdout[2m | tests/assertion-fact-layer.test.ts[2m > [22m[2mAssertion fact layer — literal types, versioning, FTS, consistency scan[2m > [22m[2mstores entity-object assertions alongside literal assertions[22m[39m
Migration applied: unified_graph_schema_v2

[90mstdout[2m | tests/conflict-transactions.test.ts[2m > [22m[2massertion conflict transactions[2m > [22m[2mserializes concurrent transaction scopes on the shared sqlite connection[22m[39m
Migration applied: enforce_domain_type_constraints

[90mstdout[2m | tests/agent-loop-abort-dedup.test.ts[2m > [22m[2mTask 12: AgentLoop cycle-level AbortController[2m > [22m[2mexposes a cycleAbort field that is null when no cycle is running[22m[39m
Migration applied: add_fts5_fulltext_search

[90mstdout[2m | tests/merge-redirect.test.ts[2m > [22m[2mTask 11: confirmMerge redirects graph edges onto canonical entity[2m > [22m[2mthrows when merging an entity into itself[22m[39m
Migration applied: add_entity_resolution_review_queue

[90mstdout[2m | tests/assertion-fact-layer.test.ts[2m > [22m[2mAssertion fact layer — literal types, versioning, FTS, consistency scan[2m > [22m[2mstores entity-object assertions alongside literal assertions[22m[39m
Migration applied: add_performance_indexes_v2

[90mstdout[2m | tests/entity-resolution-policy.test.ts[2m > [22m[2mtype-specific entity resolution policy[2m > [22m[2mdoes not auto-merge a same-name person without compatible context[22m[39m
Migration applied: enforce_domain_type_constraints

[90mstdout[2m | tests/merge-redirect.test.ts[2m > [22m[2mTask 11: confirmMerge redirects graph edges onto canonical entity[2m > [22m[2mthrows when merging an entity into itself[22m[39m
Migration applied: add_assertion_conflict_audit

[90mstdout[2m | tests/agent-loop-abort-dedup.test.ts[2m > [22m[2mTask 12: AgentLoop cycle-level AbortController[2m > [22m[2mexposes a cycleAbort field that is null when no cycle is running[22m[39m
Migration applied: add_notifications_table

[90mstdout[2m | tests/conflict-transactions.test.ts[2m > [22m[2massertion conflict transactions[2m > [22m[2mserializes concurrent transaction scopes on the shared sqlite connection[22m[39m
Migration applied: add_temporal_assertions

[90mstdout[2m | tests/assertion-fact-layer.test.ts[2m > [22m[2mAssertion fact layer — literal types, versioning, FTS, consistency scan[2m > [22m[2mstores entity-object assertions alongside literal assertions[22m[39m
Migration applied: add_memory_tables

[90mstdout[2m | tests/entity-resolution-policy.test.ts[2m > [22m[2mtype-specific entity resolution policy[2m > [22m[2mdoes not auto-merge a same-name person without compatible context[22m[39m
Migration applied: add_temporal_assertions

[90mstdout[2m | tests/agent-loop-abort-dedup.test.ts[2m > [22m[2mTask 12: AgentLoop cycle-level AbortController[2m > [22m[2mexposes a cycleAbort field that is null when no cycle is running[22m[39m
Migration applied: add_core_memory_summary

[90mstdout[2m | tests/entity-resolution-policy.test.ts[2m > [22m[2mtype-specific entity resolution policy[2m > [22m[2mdoes not auto-merge a same-name person without compatible context[22m[39m
Migration applied: add_ingestion_documents_and_chunks

[90mstdout[2m | tests/agent-loop-abort-dedup.test.ts[2m > [22m[2mTask 12: AgentLoop cycle-level AbortController[2m > [22m[2mexposes a cycleAbort field that is null when no cycle is running[22m[39m
Migration applied: add_temporal_graph_fields

[90mstdout[2m | tests/assertion-fact-layer.test.ts[2m > [22m[2mAssertion fact layer — literal types, versioning, FTS, consistency scan[2m > [22m[2mstores entity-object assertions alongside literal assertions[22m[39m
Migration applied: add_vec0_virtual_table

[90mstdout[2m | tests/merge-redirect.test.ts[2m > [22m[2mTask 11: confirmMerge redirects graph edges onto canonical entity[2m > [22m[2mthrows when merging an entity into itself[22m[39m
Migration applied: add_incremental_relationship_decay

[90mstdout[2m | tests/assertion-fact-layer.test.ts[2m > [22m[2mAssertion fact layer — literal types, versioning, FTS, consistency scan[2m > [22m[2mstores entity-object assertions alongside literal assertions[22m[39m
Migration applied: add_fts5_fulltext_search

[90mstdout[2m | tests/agent-loop-abort-dedup.test.ts[2m > [22m[2mTask 12: AgentLoop cycle-level AbortController[2m > [22m[2mexposes a cycleAbort field that is null when no cycle is running[22m[39m
Migration applied: add_invalidation_reason_to_relationships

[90mstdout[2m | tests/entity-resolution-policy.test.ts[2m > [22m[2mtype-specific entity resolution policy[2m > [22m[2mdoes not auto-merge a same-name person without compatible context[22m[39m
Migration applied: add_entity_resolution_review_queue

[90mstdout[2m | tests/assertion-fact-layer.test.ts[2m > [22m[2mAssertion fact layer — literal types, versioning, FTS, consistency scan[2m > [22m[2mstores entity-object assertions alongside literal assertions[22m[39m
Migration applied: add_notifications_table

[90mstdout[2m | tests/conflict-transactions.test.ts[2m > [22m[2massertion conflict transactions[2m > [22m[2mserializes concurrent transaction scopes on the shared sqlite connection[22m[39m
Migration applied: add_ingestion_documents_and_chunks

[90mstdout[2m | tests/agent-loop-abort-dedup.test.ts[2m > [22m[2mTask 12: AgentLoop cycle-level AbortController[2m > [22m[2mexposes a cycleAbort field that is null when no cycle is running[22m[39m
Migration applied: add_app_meta

[90mstdout[2m | tests/assertion-fact-layer.test.ts[2m > [22m[2mAssertion fact layer — literal types, versioning, FTS, consistency scan[2m > [22m[2mstores entity-object assertions alongside literal assertions[22m[39m
Migration applied: add_core_memory_summary

[90mstdout[2m | tests/entity-resolution-policy.test.ts[2m > [22m[2mtype-specific entity resolution policy[2m > [22m[2mdoes not auto-merge a same-name person without compatible context[22m[39m
Migration applied: add_assertion_conflict_audit

[90mstdout[2m | tests/merge-redirect.test.ts[2m > [22m[2mTask 11: confirmMerge redirects graph edges onto canonical entity[2m > [22m[2mthrows when merging an entity into itself[22m[39m
Migration applied: add_behavior_events_and_proactive_insights

[90mstdout[2m | tests/assertion-fact-layer.test.ts[2m > [22m[2mAssertion fact layer — literal types, versioning, FTS, consistency scan[2m > [22m[2mstores entity-object assertions alongside literal assertions[22m[39m
Migration applied: add_temporal_graph_fields

[90mstdout[2m | tests/agent-loop-abort-dedup.test.ts[2m > [22m[2mTask 12: AgentLoop cycle-level AbortController[2m > [22m[2mexposes a cycleAbort field that is null when no cycle is running[22m[39m
Migration applied: add_discussions_table

[90mstdout[2m | tests/assertion-fact-layer.test.ts[2m > [22m[2mAssertion fact layer — literal types, versioning, FTS, consistency scan[2m > [22m[2mstores entity-object assertions alongside literal assertions[22m[39m
Migration applied: add_invalidation_reason_to_relationships

[90mstdout[2m | tests/incremental-decay.test.ts[2m > [22m[2mincremental relationship decay[2m > [22m[2mupgrades a persisted v18 database and initializes decay baselines[22m[39m
[Database] sqlite-vec 扩展加载成功 ✓

[90mstdout[2m | tests/assertion-fact-layer.test.ts[2m > [22m[2mAssertion fact layer — literal types, versioning, FTS, consistency scan[2m > [22m[2mstores entity-object assertions alongside literal assertions[22m[39m
Migration applied: add_app_meta

[90mstdout[2m | tests/merge-redirect.test.ts[2m > [22m[2mTask 11: confirmMerge redirects graph edges onto canonical entity[2m > [22m[2mthrows when merging an entity into itself[22m[39m
Migration applied: add_assertion_literal_type_versioning_fts

[90mstdout[2m | tests/assertion-fact-layer.test.ts[2m > [22m[2mAssertion fact layer — literal types, versioning, FTS, consistency scan[2m > [22m[2mstores entity-object assertions alongside literal assertions[22m[39m
Migration applied: add_discussions_table

[90mstdout[2m | tests/assertion-fact-layer.test.ts[2m > [22m[2mAssertion fact layer — literal types, versioning, FTS, consistency scan[2m > [22m[2mstores entity-object assertions alongside literal assertions[22m[39m
Migration applied: add_mcp_usage_log

[90mstdout[2m | tests/agent-loop-abort-dedup.test.ts[2m > [22m[2mTask 12: AgentLoop cycle-level AbortController[2m > [22m[2mexposes a cycleAbort field that is null when no cycle is running[22m[39m
Migration applied: add_mcp_usage_log

[90mstdout[2m | tests/temporal-assertions.test.ts[2m > [22m[2mtemporal assertions[2m > [22m[2mupgrades a persisted v14 database without deleting legacy relationships[22m[39m
Migration applied: extend_entity_merge_audit_with_redirect_summary

[90mstdout[2m | tests/assertion-fact-layer.test.ts[2m > [22m[2mAssertion fact layer — literal types, versioning, FTS, consistency scan[2m > [22m[2mstores entity-object assertions alongside literal assertions[22m[39m
Migration applied: add_scoped_device_tokens

[90mstdout[2m | tests/conflict-transactions.test.ts[2m > [22m[2massertion conflict transactions[2m > [22m[2mserializes concurrent transaction scopes on the shared sqlite connection[22m[39m
Migration applied: add_entity_resolution_review_queue

[90mstdout[2m | tests/agent-loop-abort-dedup.test.ts[2m > [22m[2mTask 12: AgentLoop cycle-level AbortController[2m > [22m[2mexposes a cycleAbort field that is null when no cycle is running[22m[39m
Migration applied: add_scoped_device_tokens

[90mstdout[2m | tests/assertion-fact-layer.test.ts[2m > [22m[2mAssertion fact layer — literal types, versioning, FTS, consistency scan[2m > [22m[2mstores entity-object assertions alongside literal assertions[22m[39m
Migration applied: enforce_domain_type_constraints

[90mstdout[2m | tests/assertion-fact-layer.test.ts[2m > [22m[2mAssertion fact layer — literal types, versioning, FTS, consistency scan[2m > [22m[2mstores entity-object assertions alongside literal assertions[22m[39m
Migration applied: add_temporal_assertions

[90mstdout[2m | tests/entity-resolution-policy.test.ts[2m > [22m[2mtype-specific entity resolution policy[2m > [22m[2mdoes not auto-merge a same-name person without compatible context[22m[39m
Migration applied: add_incremental_relationship_decay

[90mstdout[2m | tests/assertion-fact-layer.test.ts[2m > [22m[2mAssertion fact layer — literal types, versioning, FTS, consistency scan[2m > [22m[2mstores entity-object assertions alongside literal assertions[22m[39m
Migration applied: add_ingestion_documents_and_chunks

[90mstdout[2m | tests/agent-loop-abort-dedup.test.ts[2m > [22m[2mTask 12: AgentLoop cycle-level AbortController[2m > [22m[2mexposes a cycleAbort field that is null when no cycle is running[22m[39m
Migration applied: enforce_domain_type_constraints

[90mstdout[2m | tests/merge-redirect.test.ts[2m > [22m[2mTask 11: confirmMerge redirects graph edges onto canonical entity[2m > [22m[2mthrows when merging an entity into itself[22m[39m
Migration applied: extend_entity_merge_audit_with_redirect_summary

[90mstdout[2m | tests/conflict-transactions.test.ts[2m > [22m[2massertion conflict transactions[2m > [22m[2mserializes concurrent transaction scopes on the shared sqlite connection[22m[39m
Migration applied: add_assertion_conflict_audit

[90mstdout[2m | tests/entity-resolution-policy.test.ts[2m > [22m[2mtype-specific entity resolution policy[2m > [22m[2mdoes not auto-merge a same-name person without compatible context[22m[39m
Migration applied: add_behavior_events_and_proactive_insights

[90mstdout[2m | tests/assertion-fact-layer.test.ts[2m > [22m[2mAssertion fact layer — literal types, versioning, FTS, consistency scan[2m > [22m[2mstores entity-object assertions alongside literal assertions[22m[39m
Migration applied: add_entity_resolution_review_queue

[90mstdout[2m | tests/merge-redirect.test.ts[2m > [22m[2mTask 11: confirmMerge redirects graph edges onto canonical entity[2m > [22m[2mthrows when merging an entity into itself[22m[39m
Migration applied: add_failed_tasks_and_ingestion_provenance

[90mstdout[2m | tests/agent-loop-abort-dedup.test.ts[2m > [22m[2mTask 12: AgentLoop cycle-level AbortController[2m > [22m[2mexposes a cycleAbort field that is null when no cycle is running[22m[39m
Migration applied: add_temporal_assertions

[90mstdout[2m | tests/assertion-fact-layer.test.ts[2m > [22m[2mAssertion fact layer — literal types, versioning, FTS, consistency scan[2m > [22m[2mstores entity-object assertions alongside literal assertions[22m[39m
Migration applied: add_assertion_conflict_audit

[90mstdout[2m | tests/temporal-assertions.test.ts[2m > [22m[2mtemporal assertions[2m > [22m[2mupgrades a persisted v14 database without deleting legacy relationships[22m[39m
Migration applied: add_failed_tasks_and_ingestion_provenance

[90mstdout[2m | tests/agent-loop-abort-dedup.test.ts[2m > [22m[2mTask 12: AgentLoop cycle-level AbortController[2m > [22m[2mexposes a cycleAbort field that is null when no cycle is running[22m[39m
Migration applied: add_ingestion_documents_and_chunks

[90mstdout[2m | tests/assertion-fact-layer.test.ts[2m > [22m[2mAssertion fact layer — literal types, versioning, FTS, consistency scan[2m > [22m[2mstores entity-object assertions alongside literal assertions[22m[39m
Migration applied: add_incremental_relationship_decay

[90mstdout[2m | tests/merge-redirect.test.ts[2m > [22m[2mTask 11: revertMerge uses stable audit id (no LIKE fuzzy match)[2m > [22m[2mreverts a confirmed merge by exact audit id match[22m[39m
[Database] sqlite-vec 扩展加载成功 ✓

[90mstdout[2m | tests/entity-resolution-policy.test.ts[2m > [22m[2mtype-specific entity resolution policy[2m > [22m[2mdoes not auto-merge a same-name person without compatible context[22m[39m
Migration applied: add_assertion_literal_type_versioning_fts

[90mstdout[2m | tests/agent-loop-abort-dedup.test.ts[2m > [22m[2mTask 12: AgentLoop cycle-level AbortController[2m > [22m[2mexposes a cycleAbort field that is null when no cycle is running[22m[39m
Migration applied: add_entity_resolution_review_queue

[90mstdout[2m | tests/conflict-transactions.test.ts[2m > [22m[2massertion conflict transactions[2m > [22m[2mserializes concurrent transaction scopes on the shared sqlite connection[22m[39m
Migration applied: add_incremental_relationship_decay

[90mstdout[2m | tests/agent-loop-abort-dedup.test.ts[2m > [22m[2mTask 12: AgentLoop cycle-level AbortController[2m > [22m[2mexposes a cycleAbort field that is null when no cycle is running[22m[39m
Migration applied: add_assertion_conflict_audit

[90mstdout[2m | tests/assertion-fact-layer.test.ts[2m > [22m[2mAssertion fact layer — literal types, versioning, FTS, consistency scan[2m > [22m[2mstores entity-object assertions alongside literal assertions[22m[39m
Migration applied: add_behavior_events_and_proactive_insights

[90mstdout[2m | tests/merge-redirect.test.ts[2m > [22m[2mTask 11: revertMerge uses stable audit id (no LIKE fuzzy match)[2m > [22m[2mreverts a confirmed merge by exact audit id match[22m[39m
Migration applied: unified_graph_schema_v2

[90mstdout[2m | tests/entity-resolution-policy.test.ts[2m > [22m[2mtype-specific entity resolution policy[2m > [22m[2mdoes not auto-merge a same-name person without compatible context[22m[39m
Migration applied: extend_entity_merge_audit_with_redirect_summary

[90mstdout[2m | tests/conflict-transactions.test.ts[2m > [22m[2massertion conflict transactions[2m > [22m[2mserializes concurrent transaction scopes on the shared sqlite connection[22m[39m
Migration applied: add_behavior_events_and_proactive_insights

[90mstdout[2m | tests/merge-redirect.test.ts[2m > [22m[2mTask 11: revertMerge uses stable audit id (no LIKE fuzzy match)[2m > [22m[2mreverts a confirmed merge by exact audit id match[22m[39m
Migration applied: add_performance_indexes_v2

[90mstdout[2m | tests/agent-loop-abort-dedup.test.ts[2m > [22m[2mTask 12: AgentLoop cycle-level AbortController[2m > [22m[2mexposes a cycleAbort field that is null when no cycle is running[22m[39m
Migration applied: add_incremental_relationship_decay

[90mstdout[2m | tests/assertion-fact-layer.test.ts[2m > [22m[2mAssertion fact layer — literal types, versioning, FTS, consistency scan[2m > [22m[2mstores entity-object assertions alongside literal assertions[22m[39m
Migration applied: add_assertion_literal_type_versioning_fts

[90mstdout[2m | tests/entity-resolution-policy.test.ts[2m > [22m[2mtype-specific entity resolution policy[2m > [22m[2mdoes not auto-merge a same-name person without compatible context[22m[39m
Migration applied: add_failed_tasks_and_ingestion_provenance

[90mstdout[2m | tests/merge-redirect.test.ts[2m > [22m[2mTask 11: revertMerge uses stable audit id (no LIKE fuzzy match)[2m > [22m[2mreverts a confirmed merge by exact audit id match[22m[39m
Migration applied: add_memory_tables

[90mstdout[2m | tests/agent-loop-abort-dedup.test.ts[2m > [22m[2mTask 12: AgentLoop cycle-level AbortController[2m > [22m[2mexposes a cycleAbort field that is null when no cycle is running[22m[39m
Migration applied: add_behavior_events_and_proactive_insights

[90mstdout[2m | tests/incremental-decay.test.ts[2m > [22m[2mincremental relationship decay[2m > [22m[2mupgrades a persisted v18 database and initializes decay baselines[22m[39m
Migration applied: unified_graph_schema_v2

[90mstdout[2m | tests/agent-loop-abort-dedup.test.ts[2m > [22m[2mTask 12: AgentLoop cycle-level AbortController[2m > [22m[2mexposes a cycleAbort field that is null when no cycle is running[22m[39m
Migration applied: add_assertion_literal_type_versioning_fts

[90mstdout[2m | tests/conflict-transactions.test.ts[2m > [22m[2massertion conflict transactions[2m > [22m[2mserializes concurrent transaction scopes on the shared sqlite connection[22m[39m
Migration applied: add_assertion_literal_type_versioning_fts

[90mstdout[2m | tests/merge-redirect.test.ts[2m > [22m[2mTask 11: revertMerge uses stable audit id (no LIKE fuzzy match)[2m > [22m[2mreverts a confirmed merge by exact audit id match[22m[39m
Migration applied: add_vec0_virtual_table

[90mstdout[2m | tests/schema-contract.test.ts[2m > [22m[2mdomain constraint migration[2m > [22m[2mupgrades a database with all migrations through v13[22m[39m
[Database] sqlite-vec 扩展加载成功 ✓

[90mstdout[2m | tests/merge-redirect.test.ts[2m > [22m[2mTask 11: revertMerge uses stable audit id (no LIKE fuzzy match)[2m > [22m[2mreverts a confirmed merge by exact audit id match[22m[39m
Migration applied: add_fts5_fulltext_search

[90mstdout[2m | tests/agent-loop-abort-dedup.test.ts[2m > [22m[2mTask 12: AgentLoop cycle-level AbortController[2m > [22m[2mexposes a cycleAbort field that is null when no cycle is running[22m[39m
Migration applied: extend_entity_merge_audit_with_redirect_summary

[90mstdout[2m | tests/assertion-fact-layer.test.ts[2m > [22m[2mAssertion fact layer — literal types, versioning, FTS, consistency scan[2m > [22m[2mstores entity-object assertions alongside literal assertions[22m[39m
Migration applied: extend_entity_merge_audit_with_redirect_summary

[90mstdout[2m | tests/conflict-transactions.test.ts[2m > [22m[2massertion conflict transactions[2m > [22m[2mserializes concurrent transaction scopes on the shared sqlite connection[22m[39m
Migration applied: extend_entity_merge_audit_with_redirect_summary

[90mstdout[2m | tests/merge-redirect.test.ts[2m > [22m[2mTask 11: revertMerge uses stable audit id (no LIKE fuzzy match)[2m > [22m[2mreverts a confirmed merge by exact audit id match[22m[39m
Migration applied: add_notifications_table

[90mstdout[2m | tests/agent-loop-abort-dedup.test.ts[2m > [22m[2mTask 12: AgentLoop cycle-level AbortController[2m > [22m[2mexposes a cycleAbort field that is null when no cycle is running[22m[39m
Migration applied: add_failed_tasks_and_ingestion_provenance

[90mstdout[2m | tests/agent-loop-abort-dedup.test.ts[2m > [22m[2mTask 12: AgentLoop cycle-level AbortController[2m > [22m[2mstop() aborts the cycle controller when a cycle is running[22m[39m
[Database] sqlite-vec 扩展加载成功 ✓

[90mstdout[2m | tests/incremental-decay.test.ts[2m > [22m[2mincremental relationship decay[2m > [22m[2mupgrades a persisted v18 database and initializes decay baselines[22m[39m
Migration applied: add_performance_indexes_v2

[90mstdout[2m | tests/assertion-fact-layer.test.ts[2m > [22m[2mAssertion fact layer — literal types, versioning, FTS, consistency scan[2m > [22m[2mstores entity-object assertions alongside literal assertions[22m[39m
Migration applied: add_failed_tasks_and_ingestion_provenance

[90mstdout[2m | tests/agent-loop-abort-dedup.test.ts[2m > [22m[2mTask 12: AgentLoop cycle-level AbortController[2m > [22m[2mstop() aborts the cycle controller when a cycle is running[22m[39m
Migration applied: unified_graph_schema_v2

[90mstdout[2m | tests/merge-redirect.test.ts[2m > [22m[2mTask 11: revertMerge uses stable audit id (no LIKE fuzzy match)[2m > [22m[2mreverts a confirmed merge by exact audit id match[22m[39m
Migration applied: add_core_memory_summary

[90mstdout[2m | tests/agent-loop-abort-dedup.test.ts[2m > [22m[2mTask 12: AgentLoop cycle-level AbortController[2m > [22m[2mstop() aborts the cycle controller when a cycle is running[22m[39m
Migration applied: add_performance_indexes_v2

[90mstdout[2m | tests/agent-loop-abort-dedup.test.ts[2m > [22m[2mTask 12: AgentLoop cycle-level AbortController[2m > [22m[2mstop() aborts the cycle controller when a cycle is running[22m[39m
Migration applied: add_memory_tables

[90mstdout[2m | tests/agent-loop-abort-dedup.test.ts[2m > [22m[2mTask 12: AgentLoop cycle-level AbortController[2m > [22m[2mstop() aborts the cycle controller when a cycle is running[22m[39m
Migration applied: add_vec0_virtual_table

[90mstdout[2m | tests/merge-redirect.test.ts[2m > [22m[2mTask 11: revertMerge uses stable audit id (no LIKE fuzzy match)[2m > [22m[2mreverts a confirmed merge by exact audit id match[22m[39m
Migration applied: add_temporal_graph_fields

[90mstdout[2m | tests/agent-loop-abort-dedup.test.ts[2m > [22m[2mTask 12: AgentLoop cycle-level AbortController[2m > [22m[2mstop() aborts the cycle controller when a cycle is running[22m[39m
Migration applied: add_fts5_fulltext_search

[90mstdout[2m | tests/agent-loop-abort-dedup.test.ts[2m > [22m[2mTask 12: AgentLoop cycle-level AbortController[2m > [22m[2mstop() aborts the cycle controller when a cycle is running[22m[39m
Migration applied: add_notifications_table

[90mstdout[2m | tests/agent-loop-abort-dedup.test.ts[2m > [22m[2mTask 12: AgentLoop cycle-level AbortController[2m > [22m[2mstop() aborts the cycle controller when a cycle is running[22m[39m
Migration applied: add_core_memory_summary

[90mstdout[2m | tests/merge-redirect.test.ts[2m > [22m[2mTask 11: revertMerge uses stable audit id (no LIKE fuzzy match)[2m > [22m[2mreverts a confirmed merge by exact audit id match[22m[39m
Migration applied: add_invalidation_reason_to_relationships

[90mstdout[2m | tests/agent-loop-abort-dedup.test.ts[2m > [22m[2mTask 12: AgentLoop cycle-level AbortController[2m > [22m[2mstop() aborts the cycle controller when a cycle is running[22m[39m
Migration applied: add_temporal_graph_fields

[90mstdout[2m | tests/agent-loop-abort-dedup.test.ts[2m > [22m[2mTask 12: AgentLoop cycle-level AbortController[2m > [22m[2mstop() aborts the cycle controller when a cycle is running[22m[39m
Migration applied: add_invalidation_reason_to_relationships

[90mstdout[2m | tests/agent-loop-abort-dedup.test.ts[2m > [22m[2mTask 12: AgentLoop cycle-level AbortController[2m > [22m[2mstop() aborts the cycle controller when a cycle is running[22m[39m
Migration applied: add_app_meta

[90mstdout[2m | tests/agent-loop-abort-dedup.test.ts[2m > [22m[2mTask 12: AgentLoop cycle-level AbortController[2m > [22m[2mstop() aborts the cycle controller when a cycle is running[22m[39m
Migration applied: add_discussions_table

[90mstdout[2m | tests/merge-redirect.test.ts[2m > [22m[2mTask 11: revertMerge uses stable audit id (no LIKE fuzzy match)[2m > [22m[2mreverts a confirmed merge by exact audit id match[22m[39m
Migration applied: add_app_meta

[90mstdout[2m | tests/agent-loop-abort-dedup.test.ts[2m > [22m[2mTask 12: AgentLoop cycle-level AbortController[2m > [22m[2mstop() aborts the cycle controller when a cycle is running[22m[39m
Migration applied: add_mcp_usage_log

[90mstdout[2m | tests/conflict-transactions.test.ts[2m > [22m[2massertion conflict transactions[2m > [22m[2mserializes concurrent transaction scopes on the shared sqlite connection[22m[39m
Migration applied: add_failed_tasks_and_ingestion_provenance

[90mstdout[2m | tests/merge-redirect.test.ts[2m > [22m[2mTask 11: revertMerge uses stable audit id (no LIKE fuzzy match)[2m > [22m[2mreverts a confirmed merge by exact audit id match[22m[39m
Migration applied: add_discussions_table

[90mstdout[2m | tests/merge-redirect.test.ts[2m > [22m[2mTask 11: revertMerge uses stable audit id (no LIKE fuzzy match)[2m > [22m[2mreverts a confirmed merge by exact audit id match[22m[39m
Migration applied: add_mcp_usage_log

[90mstdout[2m | tests/assertion-fact-layer.test.ts[2m > [22m[2mAssertion fact layer — literal types, versioning, FTS, consistency scan[2m > [22m[2msearches assertions via FTS[22m[39m
[Database] sqlite-vec 扩展加载成功 ✓

[90mstdout[2m | tests/merge-redirect.test.ts[2m > [22m[2mTask 11: revertMerge uses stable audit id (no LIKE fuzzy match)[2m > [22m[2mreverts a confirmed merge by exact audit id match[22m[39m
Migration applied: add_scoped_device_tokens

[90mstdout[2m | tests/merge-redirect.test.ts[2m > [22m[2mTask 11: revertMerge uses stable audit id (no LIKE fuzzy match)[2m > [22m[2mreverts a confirmed merge by exact audit id match[22m[39m
Migration applied: enforce_domain_type_constraints

[90mstdout[2m | tests/agent-loop-abort-dedup.test.ts[2m > [22m[2mTask 12: AgentLoop cycle-level AbortController[2m > [22m[2mstop() aborts the cycle controller when a cycle is running[22m[39m
Migration applied: add_scoped_device_tokens

[90mstdout[2m | tests/entity-resolution-policy.test.ts[2m > [22m[2mtype-specific entity resolution policy[2m > [22m[2mallows an exact-name person merge when document context is the same[22m[39m
[Database] sqlite-vec 扩展加载成功 ✓

[90mstdout[2m | tests/merge-redirect.test.ts[2m > [22m[2mTask 11: revertMerge uses stable audit id (no LIKE fuzzy match)[2m > [22m[2mreverts a confirmed merge by exact audit id match[22m[39m
Migration applied: add_temporal_assertions

[90mstdout[2m | tests/merge-redirect.test.ts[2m > [22m[2mTask 11: revertMerge uses stable audit id (no LIKE fuzzy match)[2m > [22m[2mreverts a confirmed merge by exact audit id match[22m[39m
Migration applied: add_ingestion_documents_and_chunks

[90mstdout[2m | tests/assertion-fact-layer.test.ts[2m > [22m[2mAssertion fact layer — literal types, versioning, FTS, consistency scan[2m > [22m[2msearches assertions via FTS[22m[39m
Migration applied: unified_graph_schema_v2

[90mstdout[2m | tests/agent-loop-abort-dedup.test.ts[2m > [22m[2mTask 12: AgentLoop cycle-level AbortController[2m > [22m[2mstop() aborts the cycle controller when a cycle is running[22m[39m
Migration applied: enforce_domain_type_constraints

[90mstdout[2m | tests/incremental-decay.test.ts[2m > [22m[2mincremental relationship decay[2m > [22m[2mupgrades a persisted v18 database and initializes decay baselines[22m[39m
Migration applied: add_memory_tables

[90mstdout[2m | tests/merge-redirect.test.ts[2m > [22m[2mTask 11: revertMerge uses stable audit id (no LIKE fuzzy match)[2m > [22m[2mreverts a confirmed merge by exact audit id match[22m[39m
Migration applied: add_entity_resolution_review_queue

[90mstdout[2m | tests/merge-redirect.test.ts[2m > [22m[2mTask 11: revertMerge uses stable audit id (no LIKE fuzzy match)[2m > [22m[2mreverts a confirmed merge by exact audit id match[22m[39m
Migration applied: add_assertion_conflict_audit

[90mstdout[2m | tests/assertion-fact-layer.test.ts[2m > [22m[2mAssertion fact layer — literal types, versioning, FTS, consistency scan[2m > [22m[2msearches assertions via FTS[22m[39m
Migration applied: add_performance_indexes_v2

[90mstdout[2m | tests/schema-contract.test.ts[2m > [22m[2mdomain constraint migration[2m > [22m[2mupgrades a database with all migrations through v13[22m[39m
Migration applied: enforce_domain_type_constraints

[90mstdout[2m | tests/merge-redirect.test.ts[2m > [22m[2mTask 11: revertMerge uses stable audit id (no LIKE fuzzy match)[2m > [22m[2mreverts a confirmed merge by exact audit id match[22m[39m
Migration applied: add_incremental_relationship_decay

[90mstdout[2m | tests/agent-loop-abort-dedup.test.ts[2m > [22m[2mTask 12: AgentLoop cycle-level AbortController[2m > [22m[2mstop() aborts the cycle controller when a cycle is running[22m[39m
Migration applied: add_temporal_assertions

[90mstdout[2m | tests/entity-resolution-policy.test.ts[2m > [22m[2mtype-specific entity resolution policy[2m > [22m[2mallows an exact-name person merge when document context is the same[22m[39m
Migration applied: unified_graph_schema_v2

[90mstdout[2m | tests/assertion-fact-layer.test.ts[2m > [22m[2mAssertion fact layer — literal types, versioning, FTS, consistency scan[2m > [22m[2msearches assertions via FTS[22m[39m
Migration applied: add_memory_tables

[90mstdout[2m | tests/merge-redirect.test.ts[2m > [22m[2mTask 11: revertMerge uses stable audit id (no LIKE fuzzy match)[2m > [22m[2mreverts a confirmed merge by exact audit id match[22m[39m
Migration applied: add_behavior_events_and_proactive_insights

[90mstdout[2m | tests/agent-loop-abort-dedup.test.ts[2m > [22m[2mTask 12: AgentLoop cycle-level AbortController[2m > [22m[2mstop() aborts the cycle controller when a cycle is running[22m[39m
Migration applied: add_ingestion_documents_and_chunks

[90mstdout[2m | tests/entity-resolution-policy.test.ts[2m > [22m[2mtype-specific entity resolution policy[2m > [22m[2mallows an exact-name person merge when document context is the same[22m[39m
Migration applied: add_performance_indexes_v2

[90mstdout[2m | tests/entity-resolution-policy.test.ts[2m > [22m[2mtype-specific entity resolution policy[2m > [22m[2mallows an exact-name person merge when document context is the same[22m[39m
Migration applied: add_memory_tables

[90mstdout[2m | tests/assertion-fact-layer.test.ts[2m > [22m[2mAssertion fact layer — literal types, versioning, FTS, consistency scan[2m > [22m[2msearches assertions via FTS[22m[39m
Migration applied: add_vec0_virtual_table

[90mstdout[2m | tests/entity-resolution-policy.test.ts[2m > [22m[2mtype-specific entity resolution policy[2m > [22m[2mallows an exact-name person merge when document context is the same[22m[39m
Migration applied: add_vec0_virtual_table

[90mstdout[2m | tests/merge-redirect.test.ts[2m > [22m[2mTask 11: revertMerge uses stable audit id (no LIKE fuzzy match)[2m > [22m[2mreverts a confirmed merge by exact audit id match[22m[39m
Migration applied: add_assertion_literal_type_versioning_fts

[90mstdout[2m | tests/agent-loop-abort-dedup.test.ts[2m > [22m[2mTask 12: AgentLoop cycle-level AbortController[2m > [22m[2mstop() aborts the cycle controller when a cycle is running[22m[39m
Migration applied: add_entity_resolution_review_queue

[90mstdout[2m | tests/entity-resolution-policy.test.ts[2m > [22m[2mtype-specific entity resolution policy[2m > [22m[2mallows an exact-name person merge when document context is the same[22m[39m
Migration applied: add_fts5_fulltext_search

[90mstdout[2m | tests/assertion-fact-layer.test.ts[2m > [22m[2mAssertion fact layer — literal types, versioning, FTS, consistency scan[2m > [22m[2msearches assertions via FTS[22m[39m
Migration applied: add_fts5_fulltext_search

[90mstdout[2m | tests/conflict-transactions.test.ts[2m > [22m[2massertion conflict transactions[2m > [22m[2matomically writes a new single-valued fact, closes the old assertion, and stores named evidence[22m[39m
[Database] sqlite-vec 扩展加载成功 ✓

[90mstdout[2m | tests/entity-resolution-policy.test.ts[2m > [22m[2mtype-specific entity resolution policy[2m > [22m[2mallows an exact-name person merge when document context is the same[22m[39m
Migration applied: add_notifications_table

[90mstdout[2m | tests/incremental-decay.test.ts[2m > [22m[2mincremental relationship decay[2m > [22m[2mupgrades a persisted v18 database and initializes decay baselines[22m[39m
Migration applied: add_vec0_virtual_table

[90mstdout[2m | tests/conflict-transactions.test.ts[2m > [22m[2massertion conflict transactions[2m > [22m[2matomically writes a new single-valued fact, closes the old assertion, and stores named evidence[22m[39m
Migration applied: unified_graph_schema_v2

[90mstdout[2m | tests/conflict-transactions.test.ts[2m > [22m[2massertion conflict transactions[2m > [22m[2matomically writes a new single-valued fact, closes the old assertion, and stores named evidence[22m[39m
Migration applied: add_performance_indexes_v2

[90mstdout[2m | tests/merge-redirect.test.ts[2m > [22m[2mTask 11: revertMerge uses stable audit id (no LIKE fuzzy match)[2m > [22m[2mreverts a confirmed merge by exact audit id match[22m[39m
Migration applied: extend_entity_merge_audit_with_redirect_summary

[90mstdout[2m | tests/conflict-transactions.test.ts[2m > [22m[2massertion conflict transactions[2m > [22m[2matomically writes a new single-valued fact, closes the old assertion, and stores named evidence[22m[39m
Migration applied: add_memory_tables

[90mstdout[2m | tests/conflict-transactions.test.ts[2m > [22m[2massertion conflict transactions[2m > [22m[2matomically writes a new single-valued fact, closes the old assertion, and stores named evidence[22m[39m
Migration applied: add_vec0_virtual_table

[90mstdout[2m | tests/conflict-transactions.test.ts[2m > [22m[2massertion conflict transactions[2m > [22m[2matomically writes a new single-valued fact, closes the old assertion, and stores named evidence[22m[39m
Migration applied: add_fts5_fulltext_search

[90mstdout[2m | tests/conflict-transactions.test.ts[2m > [22m[2massertion conflict transactions[2m > [22m[2matomically writes a new single-valued fact, closes the old assertion, and stores named evidence[22m[39m
Migration applied: add_notifications_table

[90mstdout[2m | tests/entity-resolution-policy.test.ts[2m > [22m[2mtype-specific entity resolution policy[2m > [22m[2mallows an exact-name person merge when document context is the same[22m[39m
Migration applied: add_core_memory_summary

[90mstdout[2m | tests/conflict-transactions.test.ts[2m > [22m[2massertion conflict transactions[2m > [22m[2matomically writes a new single-valued fact, closes the old assertion, and stores named evidence[22m[39m
Migration applied: add_core_memory_summary

[90mstdout[2m | tests/merge-redirect.test.ts[2m > [22m[2mTask 11: revertMerge uses stable audit id (no LIKE fuzzy match)[2m > [22m[2mreverts a confirmed merge by exact audit id match[22m[39m
Migration applied: add_failed_tasks_and_ingestion_provenance

[90mstdout[2m | tests/conflict-transactions.test.ts[2m > [22m[2massertion conflict transactions[2m > [22m[2matomically writes a new single-valued fact, closes the old assertion, and stores named evidence[22m[39m
Migration applied: add_temporal_graph_fields

[90mstdout[2m | tests/conflict-transactions.test.ts[2m > [22m[2massertion conflict transactions[2m > [22m[2matomically writes a new single-valued fact, closes the old assertion, and stores named evidence[22m[39m
Migration applied: add_invalidation_reason_to_relationships

[90mstdout[2m | tests/conflict-transactions.test.ts[2m > [22m[2massertion conflict transactions[2m > [22m[2matomically writes a new single-valued fact, closes the old assertion, and stores named evidence[22m[39m
Migration applied: add_app_meta

[90mstdout[2m | tests/entity-resolution-policy.test.ts[2m > [22m[2mtype-specific entity resolution policy[2m > [22m[2mallows an exact-name person merge when document context is the same[22m[39m
Migration applied: add_temporal_graph_fields

[90mstdout[2m | tests/agent-loop-abort-dedup.test.ts[2m > [22m[2mTask 12: AgentLoop cycle-level AbortController[2m > [22m[2mstop() aborts the cycle controller when a cycle is running[22m[39m
Migration applied: add_assertion_conflict_audit

 [32m✓[39m tests/schema-contract.test.ts [2m ([22m[2m4 tests[22m[2m)[22m[33m 1178[2mms[22m[39m
[90mstdout[2m | tests/conflict-transactions.test.ts[2m > [22m[2massertion conflict transactions[2m > [22m[2matomically writes a new single-valued fact, closes the old assertion, and stores named evidence[22m[39m
Migration applied: add_discussions_table

[90mstdout[2m | tests/entity-resolution-policy.test.ts[2m > [22m[2mtype-specific entity resolution policy[2m > [22m[2mallows an exact-name person merge when document context is the same[22m[39m
Migration applied: add_invalidation_reason_to_relationships

[90mstdout[2m | tests/assertion-fact-layer.test.ts[2m > [22m[2mAssertion fact layer — literal types, versioning, FTS, consistency scan[2m > [22m[2msearches assertions via FTS[22m[39m
Migration applied: add_notifications_table

[90mstdout[2m | tests/entity-resolution-policy.test.ts[2m > [22m[2mtype-specific entity resolution policy[2m > [22m[2mallows an exact-name person merge when document context is the same[22m[39m
Migration applied: add_app_meta

[90mstdout[2m | tests/assertion-fact-layer.test.ts[2m > [22m[2mAssertion fact layer — literal types, versioning, FTS, consistency scan[2m > [22m[2msearches assertions via FTS[22m[39m
Migration applied: add_core_memory_summary

[90mstdout[2m | tests/conflict-transactions.test.ts[2m > [22m[2massertion conflict transactions[2m > [22m[2matomically writes a new single-valued fact, closes the old assertion, and stores named evidence[22m[39m
Migration applied: add_mcp_usage_log

[90mstdout[2m | tests/assertion-fact-layer.test.ts[2m > [22m[2mAssertion fact layer — literal types, versioning, FTS, consistency scan[2m > [22m[2msearches assertions via FTS[22m[39m
Migration applied: add_temporal_graph_fields

[90mstdout[2m | tests/assertion-fact-layer.test.ts[2m > [22m[2mAssertion fact layer — literal types, versioning, FTS, consistency scan[2m > [22m[2msearches assertions via FTS[22m[39m
Migration applied: add_invalidation_reason_to_relationships

[90mstdout[2m | tests/assertion-fact-layer.test.ts[2m > [22m[2mAssertion fact layer — literal types, versioning, FTS, consistency scan[2m > [22m[2msearches assertions via FTS[22m[39m
Migration applied: add_app_meta

[90mstdout[2m | tests/assertion-fact-layer.test.ts[2m > [22m[2mAssertion fact layer — literal types, versioning, FTS, consistency scan[2m > [22m[2msearches assertions via FTS[22m[39m
Migration applied: add_discussions_table

[90mstdout[2m | tests/assertion-fact-layer.test.ts[2m > [22m[2mAssertion fact layer — literal types, versioning, FTS, consistency scan[2m > [22m[2msearches assertions via FTS[22m[39m
Migration applied: add_mcp_usage_log

[90mstdout[2m | tests/incremental-decay.test.ts[2m > [22m[2mincremental relationship decay[2m > [22m[2mupgrades a persisted v18 database and initializes decay baselines[22m[39m
Migration applied: add_fts5_fulltext_search

[90mstdout[2m | tests/assertion-fact-layer.test.ts[2m > [22m[2mAssertion fact layer — literal types, versioning, FTS, consistency scan[2m > [22m[2msearches assertions via FTS[22m[39m
Migration applied: add_scoped_device_tokens

[90mstdout[2m | tests/assertion-fact-layer.test.ts[2m > [22m[2mAssertion fact layer — literal types, versioning, FTS, consistency scan[2m > [22m[2msearches assertions via FTS[22m[39m
Migration applied: enforce_domain_type_constraints

[90mstdout[2m | tests/agent-loop-abort-dedup.test.ts[2m > [22m[2mTask 12: AgentLoop cycle-level AbortController[2m > [22m[2mstop() aborts the cycle controller when a cycle is running[22m[39m
Migration applied: add_incremental_relationship_decay

[90mstdout[2m | tests/assertion-fact-layer.test.ts[2m > [22m[2mAssertion fact layer — literal types, versioning, FTS, consistency scan[2m > [22m[2msearches assertions via FTS[22m[39m
Migration applied: add_temporal_assertions

[90mstdout[2m | tests/assertion-fact-layer.test.ts[2m > [22m[2mAssertion fact layer — literal types, versioning, FTS, consistency scan[2m > [22m[2msearches assertions via FTS[22m[39m
Migration applied: add_ingestion_documents_and_chunks

[90mstdout[2m | tests/agent-loop-abort-dedup.test.ts[2m > [22m[2mTask 12: AgentLoop cycle-level AbortController[2m > [22m[2mstop() aborts the cycle controller when a cycle is running[22m[39m
Migration applied: add_behavior_events_and_proactive_insights

[90mstdout[2m | tests/assertion-fact-layer.test.ts[2m > [22m[2mAssertion fact layer — literal types, versioning, FTS, consistency scan[2m > [22m[2msearches assertions via FTS[22m[39m
Migration applied: add_entity_resolution_review_queue

[90mstdout[2m | tests/incremental-decay.test.ts[2m > [22m[2mincremental relationship decay[2m > [22m[2mupgrades a persisted v18 database and initializes decay baselines[22m[39m
Migration applied: add_notifications_table

[90mstdout[2m | tests/agent-loop-abort-dedup.test.ts[2m > [22m[2mTask 12: AgentLoop cycle-level AbortController[2m > [22m[2mstop() aborts the cycle controller when a cycle is running[22m[39m
Migration applied: add_assertion_literal_type_versioning_fts

[90mstdout[2m | tests/agent-loop-abort-dedup.test.ts[2m > [22m[2mTask 12: AgentLoop cycle-level AbortController[2m > [22m[2mstop() aborts the cycle controller when a cycle is running[22m[39m
Migration applied: extend_entity_merge_audit_with_redirect_summary

[90mstdout[2m | tests/merge-redirect.test.ts[2m > [22m[2mTask 11: revertMerge uses stable audit id (no LIKE fuzzy match)[2m > [22m[2mthrows on revert when no audit row exists (unconfirmed merge)[22m[39m
[Database] sqlite-vec 扩展加载成功 ✓

[90mstdout[2m | tests/conflict-transactions.test.ts[2m > [22m[2massertion conflict transactions[2m > [22m[2matomically writes a new single-valued fact, closes the old assertion, and stores named evidence[22m[39m
Migration applied: add_scoped_device_tokens

[90mstdout[2m | tests/entity-resolution-policy.test.ts[2m > [22m[2mtype-specific entity resolution policy[2m > [22m[2mallows an exact-name person merge when document context is the same[22m[39m
Migration applied: add_discussions_table

[90mstdout[2m | tests/assertion-fact-layer.test.ts[2m > [22m[2mAssertion fact layer — literal types, versioning, FTS, consistency scan[2m > [22m[2msearches assertions via FTS[22m[39m
Migration applied: add_assertion_conflict_audit

[90mstdout[2m | tests/entity-resolution-policy.test.ts[2m > [22m[2mtype-specific entity resolution policy[2m > [22m[2mallows an exact-name person merge when document context is the same[22m[39m
Migration applied: add_mcp_usage_log

[90mstdout[2m | tests/conflict-transactions.test.ts[2m > [22m[2massertion conflict transactions[2m > [22m[2matomically writes a new single-valued fact, closes the old assertion, and stores named evidence[22m[39m
Migration applied: enforce_domain_type_constraints

[90mstdout[2m | tests/assertion-fact-layer.test.ts[2m > [22m[2mAssertion fact layer — literal types, versioning, FTS, consistency scan[2m > [22m[2msearches assertions via FTS[22m[39m
Migration applied: add_incremental_relationship_decay

[90mstdout[2m | tests/merge-redirect.test.ts[2m > [22m[2mTask 11: revertMerge uses stable audit id (no LIKE fuzzy match)[2m > [22m[2mthrows on revert when no audit row exists (unconfirmed merge)[22m[39m
Migration applied: unified_graph_schema_v2

[90mstdout[2m | tests/merge-redirect.test.ts[2m > [22m[2mTask 11: revertMerge uses stable audit id (no LIKE fuzzy match)[2m > [22m[2mthrows on revert when no audit row exists (unconfirmed merge)[22m[39m
Migration applied: add_performance_indexes_v2

[90mstdout[2m | tests/entity-resolution-policy.test.ts[2m > [22m[2mtype-specific entity resolution policy[2m > [22m[2mallows an exact-name person merge when document context is the same[22m[39m
Migration applied: add_scoped_device_tokens

[90mstdout[2m | tests/merge-redirect.test.ts[2m > [22m[2mTask 11: revertMerge uses stable audit id (no LIKE fuzzy match)[2m > [22m[2mthrows on revert when no audit row exists (unconfirmed merge)[22m[39m
Migration applied: add_memory_tables

[90mstdout[2m | tests/merge-redirect.test.ts[2m > [22m[2mTask 11: revertMerge uses stable audit id (no LIKE fuzzy match)[2m > [22m[2mthrows on revert when no audit row exists (unconfirmed merge)[22m[39m
Migration applied: add_vec0_virtual_table

[90mstdout[2m | tests/incremental-decay.test.ts[2m > [22m[2mincremental relationship decay[2m > [22m[2mupgrades a persisted v18 database and initializes decay baselines[22m[39m
Migration applied: add_core_memory_summary

[90mstdout[2m | tests/merge-redirect.test.ts[2m > [22m[2mTask 11: revertMerge uses stable audit id (no LIKE fuzzy match)[2m > [22m[2mthrows on revert when no audit row exists (unconfirmed merge)[22m[39m
Migration applied: add_fts5_fulltext_search

[90mstdout[2m | tests/merge-redirect.test.ts[2m > [22m[2mTask 11: revertMerge uses stable audit id (no LIKE fuzzy match)[2m > [22m[2mthrows on revert when no audit row exists (unconfirmed merge)[22m[39m
Migration applied: add_notifications_table

[90mstdout[2m | tests/agent-loop-abort-dedup.test.ts[2m > [22m[2mTask 12: AgentLoop cycle-level AbortController[2m > [22m[2mstop() aborts the cycle controller when a cycle is running[22m[39m
Migration applied: add_failed_tasks_and_ingestion_provenance
[AgentLoop] 启动主动智能引擎，周期: 60000ms
[AgentLoop] 已停止主动智能引擎
[AgentLoop] 启动主动智能引擎，周期: 60000ms
[AgentLoop] 已停止主动智能引擎

[90mstdout[2m | tests/assertion-fact-layer.test.ts[2m > [22m[2mAssertion fact layer — literal types, versioning, FTS, consistency scan[2m > [22m[2msearches assertions via FTS[22m[39m
Migration applied: add_behavior_events_and_proactive_insights

[90mstdout[2m | tests/agent-loop-abort-dedup.test.ts[2m > [22m[2mTask 12: AgentLoop cycle-level AbortController[2m > [22m[2mcycle timeout aborts the controller and releases the lock[22m[39m
[Database] sqlite-vec 扩展加载成功 ✓

[90mstdout[2m | tests/merge-redirect.test.ts[2m > [22m[2mTask 11: revertMerge uses stable audit id (no LIKE fuzzy match)[2m > [22m[2mthrows on revert when no audit row exists (unconfirmed merge)[22m[39m
Migration applied: add_core_memory_summary

[90mstdout[2m | tests/entity-resolution-policy.test.ts[2m > [22m[2mtype-specific entity resolution policy[2m > [22m[2mallows an exact-name person merge when document context is the same[22m[39m
Migration applied: enforce_domain_type_constraints

[90mstdout[2m | tests/agent-loop-abort-dedup.test.ts[2m > [22m[2mTask 12: AgentLoop cycle-level AbortController[2m > [22m[2mcycle timeout aborts the controller and releases the lock[22m[39m
Migration applied: unified_graph_schema_v2

[90mstdout[2m | tests/merge-redirect.test.ts[2m > [22m[2mTask 11: revertMerge uses stable audit id (no LIKE fuzzy match)[2m > [22m[2mthrows on revert when no audit row exists (unconfirmed merge)[22m[39m
Migration applied: add_temporal_graph_fields

[90mstdout[2m | tests/merge-redirect.test.ts[2m > [22m[2mTask 11: revertMerge uses stable audit id (no LIKE fuzzy match)[2m > [22m[2mthrows on revert when no audit row exists (unconfirmed merge)[22m[39m
Migration applied: add_invalidation_reason_to_relationships

[90mstdout[2m | tests/merge-redirect.test.ts[2m > [22m[2mTask 11: revertMerge uses stable audit id (no LIKE fuzzy match)[2m > [22m[2mthrows on revert when no audit row exists (unconfirmed merge)[22m[39m
Migration applied: add_app_meta

[90mstdout[2m | tests/agent-loop-abort-dedup.test.ts[2m > [22m[2mTask 12: AgentLoop cycle-level AbortController[2m > [22m[2mcycle timeout aborts the controller and releases the lock[22m[39m
Migration applied: add_performance_indexes_v2

[90mstdout[2m | tests/agent-loop-abort-dedup.test.ts[2m > [22m[2mTask 12: AgentLoop cycle-level AbortController[2m > [22m[2mcycle timeout aborts the controller and releases the lock[22m[39m
Migration applied: add_memory_tables

[90mstdout[2m | tests/merge-redirect.test.ts[2m > [22m[2mTask 11: revertMerge uses stable audit id (no LIKE fuzzy match)[2m > [22m[2mthrows on revert when no audit row exists (unconfirmed merge)[22m[39m
Migration applied: add_discussions_table

[90mstdout[2m | tests/merge-redirect.test.ts[2m > [22m[2mTask 11: revertMerge uses stable audit id (no LIKE fuzzy match)[2m > [22m[2mthrows on revert when no audit row exists (unconfirmed merge)[22m[39m
Migration applied: add_mcp_usage_log

[90mstdout[2m | tests/conflict-transactions.test.ts[2m > [22m[2massertion conflict transactions[2m > [22m[2matomically writes a new single-valued fact, closes the old assertion, and stores named evidence[22m[39m
Migration applied: add_temporal_assertions

[90mstdout[2m | tests/merge-redirect.test.ts[2m > [22m[2mTask 11: revertMerge uses stable audit id (no LIKE fuzzy match)[2m > [22m[2mthrows on revert when no audit row exists (unconfirmed merge)[22m[39m
Migration applied: add_scoped_device_tokens

[90mstdout[2m | tests/merge-redirect.test.ts[2m > [22m[2mTask 11: revertMerge uses stable audit id (no LIKE fuzzy match)[2m > [22m[2mthrows on revert when no audit row exists (unconfirmed merge)[22m[39m
Migration applied: enforce_domain_type_constraints

[90mstdout[2m | tests/agent-loop-abort-dedup.test.ts[2m > [22m[2mTask 12: AgentLoop cycle-level AbortController[2m > [22m[2mcycle timeout aborts the controller and releases the lock[22m[39m
Migration applied: add_vec0_virtual_table

[90mstdout[2m | tests/agent-loop-abort-dedup.test.ts[2m > [22m[2mTask 12: AgentLoop cycle-level AbortController[2m > [22m[2mcycle timeout aborts the controller and releases the lock[22m[39m
Migration applied: add_fts5_fulltext_search

[90mstdout[2m | tests/agent-loop-abort-dedup.test.ts[2m > [22m[2mTask 12: AgentLoop cycle-level AbortController[2m > [22m[2mcycle timeout aborts the controller and releases the lock[22m[39m
Migration applied: add_notifications_table

[90mstdout[2m | tests/agent-loop-abort-dedup.test.ts[2m > [22m[2mTask 12: AgentLoop cycle-level AbortController[2m > [22m[2mcycle timeout aborts the controller and releases the lock[22m[39m
Migration applied: add_core_memory_summary

[90mstdout[2m | tests/assertion-fact-layer.test.ts[2m > [22m[2mAssertion fact layer — literal types, versioning, FTS, consistency scan[2m > [22m[2msearches assertions via FTS[22m[39m
Migration applied: add_assertion_literal_type_versioning_fts

[90mstdout[2m | tests/merge-redirect.test.ts[2m > [22m[2mTask 11: revertMerge uses stable audit id (no LIKE fuzzy match)[2m > [22m[2mthrows on revert when no audit row exists (unconfirmed merge)[22m[39m
Migration applied: add_temporal_assertions

[90mstdout[2m | tests/agent-loop-abort-dedup.test.ts[2m > [22m[2mTask 12: AgentLoop cycle-level AbortController[2m > [22m[2mcycle timeout aborts the controller and releases the lock[22m[39m
Migration applied: add_temporal_graph_fields

[90mstdout[2m | tests/incremental-decay.test.ts[2m > [22m[2mincremental relationship decay[2m > [22m[2mupgrades a persisted v18 database and initializes decay baselines[22m[39m
Migration applied: add_temporal_graph_fields

[90mstdout[2m | tests/agent-loop-abort-dedup.test.ts[2m > [22m[2mTask 12: AgentLoop cycle-level AbortController[2m > [22m[2mcycle timeout aborts the controller and releases the lock[22m[39m
Migration applied: add_invalidation_reason_to_relationships

[90mstdout[2m | tests/merge-redirect.test.ts[2m > [22m[2mTask 11: revertMerge uses stable audit id (no LIKE fuzzy match)[2m > [22m[2mthrows on revert when no audit row exists (unconfirmed merge)[22m[39m
Migration applied: add_ingestion_documents_and_chunks

[90mstdout[2m | tests/merge-redirect.test.ts[2m > [22m[2mTask 11: revertMerge uses stable audit id (no LIKE fuzzy match)[2m > [22m[2mthrows on revert when no audit row exists (unconfirmed merge)[22m[39m
Migration applied: add_entity_resolution_review_queue

[90mstdout[2m | tests/conflict-transactions.test.ts[2m > [22m[2massertion conflict transactions[2m > [22m[2matomically writes a new single-valued fact, closes the old assertion, and stores named evidence[22m[39m
Migration applied: add_ingestion_documents_and_chunks

[90mstdout[2m | tests/merge-redirect.test.ts[2m > [22m[2mTask 11: revertMerge uses stable audit id (no LIKE fuzzy match)[2m > [22m[2mthrows on revert when no audit row exists (unconfirmed merge)[22m[39m
Migration applied: add_assertion_conflict_audit

[90mstdout[2m | tests/agent-loop-abort-dedup.test.ts[2m > [22m[2mTask 12: AgentLoop cycle-level AbortController[2m > [22m[2mcycle timeout aborts the controller and releases the lock[22m[39m
Migration applied: add_app_meta

[90mstdout[2m | tests/conflict-transactions.test.ts[2m > [22m[2massertion conflict transactions[2m > [22m[2matomically writes a new single-valued fact, closes the old assertion, and stores named evidence[22m[39m
Migration applied: add_entity_resolution_review_queue

[90mstdout[2m | tests/merge-redirect.test.ts[2m > [22m[2mTask 11: revertMerge uses stable audit id (no LIKE fuzzy match)[2m > [22m[2mthrows on revert when no audit row exists (unconfirmed merge)[22m[39m
Migration applied: add_incremental_relationship_decay

[90mstdout[2m | tests/agent-loop-abort-dedup.test.ts[2m > [22m[2mTask 12: AgentLoop cycle-level AbortController[2m > [22m[2mcycle timeout aborts the controller and releases the lock[22m[39m
Migration applied: add_discussions_table

[90mstdout[2m | tests/merge-redirect.test.ts[2m > [22m[2mTask 11: revertMerge uses stable audit id (no LIKE fuzzy match)[2m > [22m[2mthrows on revert when no audit row exists (unconfirmed merge)[22m[39m
Migration applied: add_behavior_events_and_proactive_insights

[90mstdout[2m | tests/entity-resolution-policy.test.ts[2m > [22m[2mtype-specific entity resolution policy[2m > [22m[2mallows an exact-name person merge when document context is the same[22m[39m
Migration applied: add_temporal_assertions

[90mstdout[2m | tests/agent-loop-abort-dedup.test.ts[2m > [22m[2mTask 12: AgentLoop cycle-level AbortController[2m > [22m[2mcycle timeout aborts the controller and releases the lock[22m[39m
Migration applied: add_mcp_usage_log

[90mstdout[2m | tests/assertion-fact-layer.test.ts[2m > [22m[2mAssertion fact layer — literal types, versioning, FTS, consistency scan[2m > [22m[2msearches assertions via FTS[22m[39m
Migration applied: extend_entity_merge_audit_with_redirect_summary

[90mstdout[2m | tests/merge-redirect.test.ts[2m > [22m[2mTask 11: revertMerge uses stable audit id (no LIKE fuzzy match)[2m > [22m[2mthrows on revert when no audit row exists (unconfirmed merge)[22m[39m
Migration applied: add_assertion_literal_type_versioning_fts

[90mstdout[2m | tests/incremental-decay.test.ts[2m > [22m[2mincremental relationship decay[2m > [22m[2mupgrades a persisted v18 database and initializes decay baselines[22m[39m
Migration applied: add_invalidation_reason_to_relationships

[90mstdout[2m | tests/conflict-transactions.test.ts[2m > [22m[2massertion conflict transactions[2m > [22m[2matomically writes a new single-valued fact, closes the old assertion, and stores named evidence[22m[39m
Migration applied: add_assertion_conflict_audit

[90mstdout[2m | tests/entity-resolution-policy.test.ts[2m > [22m[2mtype-specific entity resolution policy[2m > [22m[2mallows an exact-name person merge when document context is the same[22m[39m
Migration applied: add_ingestion_documents_and_chunks

[90mstdout[2m | tests/agent-loop-abort-dedup.test.ts[2m > [22m[2mTask 12: AgentLoop cycle-level AbortController[2m > [22m[2mcycle timeout aborts the controller and releases the lock[22m[39m
Migration applied: add_scoped_device_tokens

[90mstdout[2m | tests/assertion-fact-layer.test.ts[2m > [22m[2mAssertion fact layer — literal types, versioning, FTS, consistency scan[2m > [22m[2msearches assertions via FTS[22m[39m
Migration applied: add_failed_tasks_and_ingestion_provenance

[90mstdout[2m | tests/agent-loop-abort-dedup.test.ts[2m > [22m[2mTask 12: AgentLoop cycle-level AbortController[2m > [22m[2mcycle timeout aborts the controller and releases the lock[22m[39m
Migration applied: enforce_domain_type_constraints

[90mstdout[2m | tests/merge-redirect.test.ts[2m > [22m[2mTask 11: revertMerge uses stable audit id (no LIKE fuzzy match)[2m > [22m[2mthrows on revert when no audit row exists (unconfirmed merge)[22m[39m
Migration applied: extend_entity_merge_audit_with_redirect_summary

[90mstdout[2m | tests/conflict-transactions.test.ts[2m > [22m[2massertion conflict transactions[2m > [22m[2matomically writes a new single-valued fact, closes the old assertion, and stores named evidence[22m[39m
Migration applied: add_incremental_relationship_decay

[90mstdout[2m | tests/entity-resolution-policy.test.ts[2m > [22m[2mtype-specific entity resolution policy[2m > [22m[2mallows an exact-name person merge when document context is the same[22m[39m
Migration applied: add_entity_resolution_review_queue

[90mstdout[2m | tests/merge-redirect.test.ts[2m > [22m[2mTask 11: revertMerge uses stable audit id (no LIKE fuzzy match)[2m > [22m[2mthrows on revert when no audit row exists (unconfirmed merge)[22m[39m
Migration applied: add_failed_tasks_and_ingestion_provenance

[90mstdout[2m | tests/conflict-transactions.test.ts[2m > [22m[2massertion conflict transactions[2m > [22m[2matomically writes a new single-valued fact, closes the old assertion, and stores named evidence[22m[39m
Migration applied: add_behavior_events_and_proactive_insights

[90mstdout[2m | tests/agent-loop-abort-dedup.test.ts[2m > [22m[2mTask 12: AgentLoop cycle-level AbortController[2m > [22m[2mcycle timeout aborts the controller and releases the lock[22m[39m
Migration applied: add_temporal_assertions

[90mstdout[2m | tests/assertion-fact-layer.test.ts[2m > [22m[2mAssertion fact layer — literal types, versioning, FTS, consistency scan[2m > [22m[2mremoves invalidated assertions from FTS[22m[39m
[Database] sqlite-vec 扩展加载成功 ✓

[90mstdout[2m | tests/merge-redirect.test.ts[2m > [22m[2mTask 11: revertMerge uses stable audit id (no LIKE fuzzy match)[2m > [22m[2mis idempotent when the same merge is reverted twice[22m[39m
[Database] sqlite-vec 扩展加载成功 ✓

[90mstdout[2m | tests/conflict-transactions.test.ts[2m > [22m[2massertion conflict transactions[2m > [22m[2matomically writes a new single-valued fact, closes the old assertion, and stores named evidence[22m[39m
Migration applied: add_assertion_literal_type_versioning_fts

[90mstdout[2m | tests/entity-resolution-policy.test.ts[2m > [22m[2mtype-specific entity resolution policy[2m > [22m[2mallows an exact-name person merge when document context is the same[22m[39m
Migration applied: add_assertion_conflict_audit

[90mstdout[2m | tests/agent-loop-abort-dedup.test.ts[2m > [22m[2mTask 12: AgentLoop cycle-level AbortController[2m > [22m[2mcycle timeout aborts the controller and releases the lock[22m[39m
Migration applied: add_ingestion_documents_and_chunks

[90mstdout[2m | tests/assertion-fact-layer.test.ts[2m > [22m[2mAssertion fact layer — literal types, versioning, FTS, consistency scan[2m > [22m[2mremoves invalidated assertions from FTS[22m[39m
Migration applied: unified_graph_schema_v2

[90mstdout[2m | tests/merge-redirect.test.ts[2m > [22m[2mTask 11: revertMerge uses stable audit id (no LIKE fuzzy match)[2m > [22m[2mis idempotent when the same merge is reverted twice[22m[39m
Migration applied: unified_graph_schema_v2

[90mstdout[2m | tests/incremental-decay.test.ts[2m > [22m[2mincremental relationship decay[2m > [22m[2mupgrades a persisted v18 database and initializes decay baselines[22m[39m
Migration applied: add_app_meta

[90mstdout[2m | tests/merge-redirect.test.ts[2m > [22m[2mTask 11: revertMerge uses stable audit id (no LIKE fuzzy match)[2m > [22m[2mis idempotent when the same merge is reverted twice[22m[39m
Migration applied: add_performance_indexes_v2

[90mstdout[2m | tests/merge-redirect.test.ts[2m > [22m[2mTask 11: revertMerge uses stable audit id (no LIKE fuzzy match)[2m > [22m[2mis idempotent when the same merge is reverted twice[22m[39m
Migration applied: add_memory_tables

[90mstdout[2m | tests/merge-redirect.test.ts[2m > [22m[2mTask 11: revertMerge uses stable audit id (no LIKE fuzzy match)[2m > [22m[2mis idempotent when the same merge is reverted twice[22m[39m
Migration applied: add_vec0_virtual_table

[90mstdout[2m | tests/merge-redirect.test.ts[2m > [22m[2mTask 11: revertMerge uses stable audit id (no LIKE fuzzy match)[2m > [22m[2mis idempotent when the same merge is reverted twice[22m[39m
Migration applied: add_fts5_fulltext_search

[90mstdout[2m | tests/agent-loop-abort-dedup.test.ts[2m > [22m[2mTask 12: AgentLoop cycle-level AbortController[2m > [22m[2mcycle timeout aborts the controller and releases the lock[22m[39m
Migration applied: add_entity_resolution_review_queue

[90mstdout[2m | tests/assertion-fact-layer.test.ts[2m > [22m[2mAssertion fact layer — literal types, versioning, FTS, consistency scan[2m > [22m[2mremoves invalidated assertions from FTS[22m[39m
Migration applied: add_performance_indexes_v2

[90mstdout[2m | tests/merge-redirect.test.ts[2m > [22m[2mTask 11: revertMerge uses stable audit id (no LIKE fuzzy match)[2m > [22m[2mis idempotent when the same merge is reverted twice[22m[39m
Migration applied: add_notifications_table

[90mstdout[2m | tests/entity-resolution-policy.test.ts[2m > [22m[2mtype-specific entity resolution policy[2m > [22m[2mallows an exact-name person merge when document context is the same[22m[39m
Migration applied: add_incremental_relationship_decay

[90mstdout[2m | tests/agent-loop-abort-dedup.test.ts[2m > [22m[2mTask 12: AgentLoop cycle-level AbortController[2m > [22m[2mcycle timeout aborts the controller and releases the lock[22m[39m
Migration applied: add_assertion_conflict_audit

[90mstdout[2m | tests/merge-redirect.test.ts[2m > [22m[2mTask 11: revertMerge uses stable audit id (no LIKE fuzzy match)[2m > [22m[2mis idempotent when the same merge is reverted twice[22m[39m
Migration applied: add_core_memory_summary

[90mstdout[2m | tests/merge-redirect.test.ts[2m > [22m[2mTask 11: revertMerge uses stable audit id (no LIKE fuzzy match)[2m > [22m[2mis idempotent when the same merge is reverted twice[22m[39m
Migration applied: add_temporal_graph_fields

[90mstdout[2m | tests/assertion-fact-layer.test.ts[2m > [22m[2mAssertion fact layer — literal types, versioning, FTS, consistency scan[2m > [22m[2mremoves invalidated assertions from FTS[22m[39m
Migration applied: add_memory_tables

[90mstdout[2m | tests/merge-redirect.test.ts[2m > [22m[2mTask 11: revertMerge uses stable audit id (no LIKE fuzzy match)[2m > [22m[2mis idempotent when the same merge is reverted twice[22m[39m
Migration applied: add_invalidation_reason_to_relationships

[90mstdout[2m | tests/merge-redirect.test.ts[2m > [22m[2mTask 11: revertMerge uses stable audit id (no LIKE fuzzy match)[2m > [22m[2mis idempotent when the same merge is reverted twice[22m[39m
Migration applied: add_app_meta
Migration applied: add_discussions_table

[90mstdout[2m | tests/merge-redirect.test.ts[2m > [22m[2mTask 11: revertMerge uses stable audit id (no LIKE fuzzy match)[2m > [22m[2mis idempotent when the same merge is reverted twice[22m[39m
Migration applied: add_mcp_usage_log

[90mstdout[2m | tests/assertion-fact-layer.test.ts[2m > [22m[2mAssertion fact layer — literal types, versioning, FTS, consistency scan[2m > [22m[2mremoves invalidated assertions from FTS[22m[39m
Migration applied: add_vec0_virtual_table

[90mstdout[2m | tests/conflict-transactions.test.ts[2m > [22m[2massertion conflict transactions[2m > [22m[2matomically writes a new single-valued fact, closes the old assertion, and stores named evidence[22m[39m
Migration applied: extend_entity_merge_audit_with_redirect_summary

[90mstdout[2m | tests/merge-redirect.test.ts[2m > [22m[2mTask 11: revertMerge uses stable audit id (no LIKE fuzzy match)[2m > [22m[2mis idempotent when the same merge is reverted twice[22m[39m
Migration applied: add_scoped_device_tokens

[90mstdout[2m | tests/assertion-fact-layer.test.ts[2m > [22m[2mAssertion fact layer — literal types, versioning, FTS, consistency scan[2m > [22m[2mremoves invalidated assertions from FTS[22m[39m
Migration applied: add_fts5_fulltext_search

[90mstdout[2m | tests/entity-resolution-policy.test.ts[2m > [22m[2mtype-specific entity resolution policy[2m > [22m[2mallows an exact-name person merge when document context is the same[22m[39m
Migration applied: add_behavior_events_and_proactive_insights

[90mstdout[2m | tests/agent-loop-abort-dedup.test.ts[2m > [22m[2mTask 12: AgentLoop cycle-level AbortController[2m > [22m[2mcycle timeout aborts the controller and releases the lock[22m[39m
Migration applied: add_incremental_relationship_decay

[90mstdout[2m | tests/assertion-fact-layer.test.ts[2m > [22m[2mAssertion fact layer — literal types, versioning, FTS, consistency scan[2m > [22m[2mremoves invalidated assertions from FTS[22m[39m
Migration applied: add_notifications_table

[90mstdout[2m | tests/agent-loop-abort-dedup.test.ts[2m > [22m[2mTask 12: AgentLoop cycle-level AbortController[2m > [22m[2mcycle timeout aborts the controller and releases the lock[22m[39m
Migration applied: add_behavior_events_and_proactive_insights

[90mstdout[2m | tests/incremental-decay.test.ts[2m > [22m[2mincremental relationship decay[2m > [22m[2mupgrades a persisted v18 database and initializes decay baselines[22m[39m
Migration applied: add_discussions_table

[90mstdout[2m | tests/agent-loop-abort-dedup.test.ts[2m > [22m[2mTask 12: AgentLoop cycle-level AbortController[2m > [22m[2mcycle timeout aborts the controller and releases the lock[22m[39m
Migration applied: add_assertion_literal_type_versioning_fts

[90mstdout[2m | tests/assertion-fact-layer.test.ts[2m > [22m[2mAssertion fact layer — literal types, versioning, FTS, consistency scan[2m > [22m[2mremoves invalidated assertions from FTS[22m[39m
Migration applied: add_core_memory_summary

[90mstdout[2m | tests/assertion-fact-layer.test.ts[2m > [22m[2mAssertion fact layer — literal types, versioning, FTS, consistency scan[2m > [22m[2mremoves invalidated assertions from FTS[22m[39m
Migration applied: add_temporal_graph_fields

[90mstdout[2m | tests/assertion-fact-layer.test.ts[2m > [22m[2mAssertion fact layer — literal types, versioning, FTS, consistency scan[2m > [22m[2mremoves invalidated assertions from FTS[22m[39m
Migration applied: add_invalidation_reason_to_relationships

[90mstdout[2m | tests/agent-loop-abort-dedup.test.ts[2m > [22m[2mTask 12: AgentLoop cycle-level AbortController[2m > [22m[2mcycle timeout aborts the controller and releases the lock[22m[39m
Migration applied: extend_entity_merge_audit_with_redirect_summary

[90mstdout[2m | tests/assertion-fact-layer.test.ts[2m > [22m[2mAssertion fact layer — literal types, versioning, FTS, consistency scan[2m > [22m[2mremoves invalidated assertions from FTS[22m[39m
Migration applied: add_app_meta

[90mstdout[2m | tests/assertion-fact-layer.test.ts[2m > [22m[2mAssertion fact layer — literal types, versioning, FTS, consistency scan[2m > [22m[2mremoves invalidated assertions from FTS[22m[39m
Migration applied: add_discussions_table

[90mstdout[2m | tests/entity-resolution-policy.test.ts[2m > [22m[2mtype-specific entity resolution policy[2m > [22m[2mallows an exact-name person merge when document context is the same[22m[39m
Migration applied: add_assertion_literal_type_versioning_fts

[90mstdout[2m | tests/merge-redirect.test.ts[2m > [22m[2mTask 11: revertMerge uses stable audit id (no LIKE fuzzy match)[2m > [22m[2mis idempotent when the same merge is reverted twice[22m[39m
Migration applied: enforce_domain_type_constraints

[90mstdout[2m | tests/assertion-fact-layer.test.ts[2m > [22m[2mAssertion fact layer — literal types, versioning, FTS, consistency scan[2m > [22m[2mremoves invalidated assertions from FTS[22m[39m
Migration applied: add_mcp_usage_log

[90mstdout[2m | tests/assertion-fact-layer.test.ts[2m > [22m[2mAssertion fact layer — literal types, versioning, FTS, consistency scan[2m > [22m[2mremoves invalidated assertions from FTS[22m[39m
Migration applied: add_scoped_device_tokens

[90mstdout[2m | tests/assertion-fact-layer.test.ts[2m > [22m[2mAssertion fact layer — literal types, versioning, FTS, consistency scan[2m > [22m[2mremoves invalidated assertions from FTS[22m[39m
Migration applied: enforce_domain_type_constraints

[90mstdout[2m | tests/conflict-transactions.test.ts[2m > [22m[2massertion conflict transactions[2m > [22m[2matomically writes a new single-valued fact, closes the old assertion, and stores named evidence[22m[39m
Migration applied: add_failed_tasks_and_ingestion_provenance

[90mstdout[2m | tests/agent-loop-abort-dedup.test.ts[2m > [22m[2mTask 12: AgentLoop cycle-level AbortController[2m > [22m[2mcycle timeout aborts the controller and releases the lock[22m[39m
Migration applied: add_failed_tasks_and_ingestion_provenance
[AgentLoop] 唤醒，执行周期任务...

[90mstdout[2m | tests/assertion-fact-layer.test.ts[2m > [22m[2mAssertion fact layer — literal types, versioning, FTS, consistency scan[2m > [22m[2mremoves invalidated assertions from FTS[22m[39m
Migration applied: add_temporal_assertions

[90mstdout[2m | tests/assertion-fact-layer.test.ts[2m > [22m[2mAssertion fact layer — literal types, versioning, FTS, consistency scan[2m > [22m[2mremoves invalidated assertions from FTS[22m[39m
Migration applied: add_ingestion_documents_and_chunks

[90mstdout[2m | tests/incremental-decay.test.ts[2m > [22m[2mincremental relationship decay[2m > [22m[2mupgrades a persisted v18 database and initializes decay baselines[22m[39m
Migration applied: add_mcp_usage_log

[90mstdout[2m | tests/merge-redirect.test.ts[2m > [22m[2mTask 11: revertMerge uses stable audit id (no LIKE fuzzy match)[2m > [22m[2mis idempotent when the same merge is reverted twice[22m[39m
Migration applied: add_temporal_assertions

[90mstdout[2m | tests/assertion-fact-layer.test.ts[2m > [22m[2mAssertion fact layer — literal types, versioning, FTS, consistency scan[2m > [22m[2mremoves invalidated assertions from FTS[22m[39m
Migration applied: add_entity_resolution_review_queue

[90mstdout[2m | tests/entity-resolution-policy.test.ts[2m > [22m[2mtype-specific entity resolution policy[2m > [22m[2mallows an exact-name person merge when document context is the same[22m[39m
Migration applied: extend_entity_merge_audit_with_redirect_summary

[90mstdout[2m | tests/assertion-fact-layer.test.ts[2m > [22m[2mAssertion fact layer — literal types, versioning, FTS, consistency scan[2m > [22m[2mremoves invalidated assertions from FTS[22m[39m
Migration applied: add_assertion_conflict_audit

[90mstdout[2m | tests/merge-redirect.test.ts[2m > [22m[2mTask 11: revertMerge uses stable audit id (no LIKE fuzzy match)[2m > [22m[2mis idempotent when the same merge is reverted twice[22m[39m
Migration applied: add_ingestion_documents_and_chunks

[90mstdout[2m | tests/merge-redirect.test.ts[2m > [22m[2mTask 11: revertMerge uses stable audit id (no LIKE fuzzy match)[2m > [22m[2mis idempotent when the same merge is reverted twice[22m[39m
Migration applied: add_entity_resolution_review_queue

[90mstdout[2m | tests/merge-redirect.test.ts[2m > [22m[2mTask 11: revertMerge uses stable audit id (no LIKE fuzzy match)[2m > [22m[2mis idempotent when the same merge is reverted twice[22m[39m
Migration applied: add_assertion_conflict_audit

[90mstdout[2m | tests/assertion-fact-layer.test.ts[2m > [22m[2mAssertion fact layer — literal types, versioning, FTS, consistency scan[2m > [22m[2mremoves invalidated assertions from FTS[22m[39m
Migration applied: add_incremental_relationship_decay

[90mstdout[2m | tests/assertion-fact-layer.test.ts[2m > [22m[2mAssertion fact layer — literal types, versioning, FTS, consistency scan[2m > [22m[2mremoves invalidated assertions from FTS[22m[39m
Migration applied: add_behavior_events_and_proactive_insights

[90mstdout[2m | tests/assertion-fact-layer.test.ts[2m > [22m[2mAssertion fact layer — literal types, versioning, FTS, consistency scan[2m > [22m[2mremoves invalidated assertions from FTS[22m[39m
Migration applied: add_assertion_literal_type_versioning_fts

[90mstdout[2m | tests/merge-redirect.test.ts[2m > [22m[2mTask 11: revertMerge uses stable audit id (no LIKE fuzzy match)[2m > [22m[2mis idempotent when the same merge is reverted twice[22m[39m
Migration applied: add_incremental_relationship_decay

[90mstdout[2m | tests/entity-resolution-policy.test.ts[2m > [22m[2mtype-specific entity resolution policy[2m > [22m[2mallows an exact-name person merge when document context is the same[22m[39m
Migration applied: add_failed_tasks_and_ingestion_provenance

[90mstdout[2m | tests/incremental-decay.test.ts[2m > [22m[2mincremental relationship decay[2m > [22m[2mupgrades a persisted v18 database and initializes decay baselines[22m[39m
Migration applied: add_scoped_device_tokens

[90mstdout[2m | tests/merge-redirect.test.ts[2m > [22m[2mTask 11: revertMerge uses stable audit id (no LIKE fuzzy match)[2m > [22m[2mis idempotent when the same merge is reverted twice[22m[39m
Migration applied: add_behavior_events_and_proactive_insights

[90mstdout[2m | tests/assertion-fact-layer.test.ts[2m > [22m[2mAssertion fact layer — literal types, versioning, FTS, consistency scan[2m > [22m[2mremoves invalidated assertions from FTS[22m[39m
Migration applied: extend_entity_merge_audit_with_redirect_summary

[90mstdout[2m | tests/assertion-fact-layer.test.ts[2m > [22m[2mAssertion fact layer — literal types, versioning, FTS, consistency scan[2m > [22m[2mremoves invalidated assertions from FTS[22m[39m
Migration applied: add_failed_tasks_and_ingestion_provenance

[90mstdout[2m | tests/merge-redirect.test.ts[2m > [22m[2mTask 11: revertMerge uses stable audit id (no LIKE fuzzy match)[2m > [22m[2mis idempotent when the same merge is reverted twice[22m[39m
Migration applied: add_assertion_literal_type_versioning_fts

stderr | tests/agent-loop-abort-dedup.test.ts > Task 12: AgentLoop cycle-level AbortController > cycle timeout aborts the controller and releases the lock
[AgentLoop] Cycle timeout — abort requested
[AgentLoop] insight_generation 失败，继续其他周期任务: DOMException [AbortError]: Cycle aborted
    at new DOMException (node:internal/per_context/domexception:53:5)
    at AbortSignal.onAbort (<repo>\brain-server\src\agent\agent-loop.ts:569:16)
    at AbortSignal.[nodejs.internal.kHybridDispatch] (node:internal/event_target:827:20)
    at AbortSignal.dispatchEvent (node:internal/event_target:762:26)
    at runAbort (node:internal/abort_controller:447:10)
    at abortSignal (node:internal/abort_controller:433:3)
    at AbortController.abort (node:internal/abort_controller:466:5)
    at Timeout._onTimeout (<repo>\brain-server\src\agent\agent-loop.ts:345:25)
    at listOnTimeout (node:internal/timers:588:17)
    at processTimers (node:internal/timers:523:7)
[AgentLoop] decision_review_reminder failed, continuing: DOMException [AbortError]: Cycle aborted
    at new DOMException (node:internal/per_context/domexception:53:5)
    at AgentLoop.awaitCycle (<repo>\brain-server\src\agent\agent-loop.ts:565:47)
    at AgentLoop.runCycle (<repo>\brain-server\src\agent\agent-loop.ts:445:41)
    at processTicksAndRejections (node:internal/process/task_queues:105:5)
[AgentLoop] 盲区检测失败，跳过: DOMException [AbortError]: Cycle aborted
    at new DOMException (node:internal/per_context/domexception:53:5)
    at AgentLoop.awaitCycle (<repo>\brain-server\src\agent\agent-loop.ts:565:47)
    at AgentLoop.runCycle (<repo>\brain-server\src\agent\agent-loop.ts:505:41)
    at processTicksAndRejections (node:internal/process/task_queues:105:5)

[90mstdout[2m | tests/agent-loop-abort-dedup.test.ts[2m > [22m[2mTask 12: AgentLoop cycle-level AbortController[2m > [22m[2mcycle timeout aborts the controller and releases the lock[22m[39m
[AgentLoop timeout proof] elapsed_ms=61 limit_ms=500
[AgentLoop] 唤醒，执行周期任务...
[AgentLoop] 洞见数据不足，本轮仅跳过 insight_generation

[90mstdout[2m | tests/conflict-transactions.test.ts[2m > [22m[2massertion conflict transactions[2m > [22m[2mrolls back invalidation and audit if the new fact cannot be inserted[22m[39m
[Database] sqlite-vec 扩展加载成功 ✓

[90mstdout[2m | tests/merge-redirect.test.ts[2m > [22m[2mTask 11: revertMerge uses stable audit id (no LIKE fuzzy match)[2m > [22m[2mis idempotent when the same merge is reverted twice[22m[39m
Migration applied: extend_entity_merge_audit_with_redirect_summary

[90mstdout[2m | tests/conflict-transactions.test.ts[2m > [22m[2massertion conflict transactions[2m > [22m[2mrolls back invalidation and audit if the new fact cannot be inserted[22m[39m
Migration applied: unified_graph_schema_v2

[90mstdout[2m | tests/conflict-transactions.test.ts[2m > [22m[2massertion conflict transactions[2m > [22m[2mrolls back invalidation and audit if the new fact cannot be inserted[22m[39m
Migration applied: add_performance_indexes_v2

[90mstdout[2m | tests/merge-redirect.test.ts[2m > [22m[2mTask 11: revertMerge uses stable audit id (no LIKE fuzzy match)[2m > [22m[2mis idempotent when the same merge is reverted twice[22m[39m
Migration applied: add_failed_tasks_and_ingestion_provenance

[90mstdout[2m | tests/conflict-transactions.test.ts[2m > [22m[2massertion conflict transactions[2m > [22m[2mrolls back invalidation and audit if the new fact cannot be inserted[22m[39m
Migration applied: add_memory_tables

[90mstdout[2m | tests/agent-loop-abort-dedup.test.ts[2m > [22m[2mTask 12: AgentLoop cycle-level AbortController[2m > [22m[2man overlapping cycle is skipped until the timed-out cycle reaches finally[22m[39m
[Database] sqlite-vec 扩展加载成功 ✓

[90mstdout[2m | tests/conflict-transactions.test.ts[2m > [22m[2massertion conflict transactions[2m > [22m[2mrolls back invalidation and audit if the new fact cannot be inserted[22m[39m
Migration applied: add_vec0_virtual_table

[90mstdout[2m | tests/incremental-decay.test.ts[2m > [22m[2mincremental relationship decay[2m > [22m[2mupgrades a persisted v18 database and initializes decay baselines[22m[39m
Migration applied: enforce_domain_type_constraints

[90mstdout[2m | tests/assertion-fact-layer.test.ts[2m > [22m[2mAssertion fact layer — literal types, versioning, FTS, consistency scan[2m > [22m[2msyncs relationship weight updates to mirror assertion confidence[22m[39m
[Database] sqlite-vec 扩展加载成功 ✓

[90mstdout[2m | tests/conflict-transactions.test.ts[2m > [22m[2massertion conflict transactions[2m > [22m[2mrolls back invalidation and audit if the new fact cannot be inserted[22m[39m
Migration applied: add_fts5_fulltext_search

[90mstdout[2m | tests/conflict-transactions.test.ts[2m > [22m[2massertion conflict transactions[2m > [22m[2mrolls back invalidation and audit if the new fact cannot be inserted[22m[39m
Migration applied: add_notifications_table

[90mstdout[2m | tests/assertion-fact-layer.test.ts[2m > [22m[2mAssertion fact layer — literal types, versioning, FTS, consistency scan[2m > [22m[2msyncs relationship weight updates to mirror assertion confidence[22m[39m
Migration applied: unified_graph_schema_v2

[90mstdout[2m | tests/assertion-fact-layer.test.ts[2m > [22m[2mAssertion fact layer — literal types, versioning, FTS, consistency scan[2m > [22m[2msyncs relationship weight updates to mirror assertion confidence[22m[39m
Migration applied: add_performance_indexes_v2

[90mstdout[2m | tests/conflict-transactions.test.ts[2m > [22m[2massertion conflict transactions[2m > [22m[2mrolls back invalidation and audit if the new fact cannot be inserted[22m[39m
Migration applied: add_core_memory_summary

[90mstdout[2m | tests/assertion-fact-layer.test.ts[2m > [22m[2mAssertion fact layer — literal types, versioning, FTS, consistency scan[2m > [22m[2msyncs relationship weight updates to mirror assertion confidence[22m[39m
Migration applied: add_memory_tables

[90mstdout[2m | tests/temporal-assertions.test.ts[2m > [22m[2mtemporal assertions[2m > [22m[2mupgrades a persisted v14 database without deleting legacy relationships[22m[39m
[Database] sqlite-vec 扩展加载成功 ✓

[90mstdout[2m | tests/assertion-fact-layer.test.ts[2m > [22m[2mAssertion fact layer — literal types, versioning, FTS, consistency scan[2m > [22m[2msyncs relationship weight updates to mirror assertion confidence[22m[39m
Migration applied: add_vec0_virtual_table

[90mstdout[2m | tests/agent-loop-abort-dedup.test.ts[2m > [22m[2mTask 12: AgentLoop cycle-level AbortController[2m > [22m[2man overlapping cycle is skipped until the timed-out cycle reaches finally[22m[39m
Migration applied: unified_graph_schema_v2

[90mstdout[2m | tests/conflict-transactions.test.ts[2m > [22m[2massertion conflict transactions[2m > [22m[2mrolls back invalidation and audit if the new fact cannot be inserted[22m[39m
Migration applied: add_temporal_graph_fields

[90mstdout[2m | tests/entity-resolution-policy.test.ts[2m > [22m[2mtype-specific entity resolution policy[2m > [22m[2mnever auto-merges decisions even with exact name and context[22m[39m
[Database] sqlite-vec 扩展加载成功 ✓

[90mstdout[2m | tests/assertion-fact-layer.test.ts[2m > [22m[2mAssertion fact layer — literal types, versioning, FTS, consistency scan[2m > [22m[2msyncs relationship weight updates to mirror assertion confidence[22m[39m
Migration applied: add_fts5_fulltext_search

[90mstdout[2m | tests/assertion-fact-layer.test.ts[2m > [22m[2mAssertion fact layer — literal types, versioning, FTS, consistency scan[2m > [22m[2msyncs relationship weight updates to mirror assertion confidence[22m[39m
Migration applied: add_notifications_table

[90mstdout[2m | tests/entity-resolution-policy.test.ts[2m > [22m[2mtype-specific entity resolution policy[2m > [22m[2mnever auto-merges decisions even with exact name and context[22m[39m
Migration applied: unified_graph_schema_v2

[90mstdout[2m | tests/entity-resolution-policy.test.ts[2m > [22m[2mtype-specific entity resolution policy[2m > [22m[2mnever auto-merges decisions even with exact name and context[22m[39m
Migration applied: add_performance_indexes_v2

[90mstdout[2m | tests/agent-loop-abort-dedup.test.ts[2m > [22m[2mTask 12: AgentLoop cycle-level AbortController[2m > [22m[2man overlapping cycle is skipped until the timed-out cycle reaches finally[22m[39m
Migration applied: add_performance_indexes_v2

[90mstdout[2m | tests/assertion-fact-layer.test.ts[2m > [22m[2mAssertion fact layer — literal types, versioning, FTS, consistency scan[2m > [22m[2msyncs relationship weight updates to mirror assertion confidence[22m[39m
Migration applied: add_core_memory_summary

[90mstdout[2m | tests/conflict-transactions.test.ts[2m > [22m[2massertion conflict transactions[2m > [22m[2mrolls back invalidation and audit if the new fact cannot be inserted[22m[39m
Migration applied: add_invalidation_reason_to_relationships

[90mstdout[2m | tests/entity-resolution-policy.test.ts[2m > [22m[2mtype-specific entity resolution policy[2m > [22m[2mnever auto-merges decisions even with exact name and context[22m[39m
Migration applied: add_memory_tables

[90mstdout[2m | tests/assertion-fact-layer.test.ts[2m > [22m[2mAssertion fact layer — literal types, versioning, FTS, consistency scan[2m > [22m[2msyncs relationship weight updates to mirror assertion confidence[22m[39m
Migration applied: add_temporal_graph_fields

[90mstdout[2m | tests/assertion-fact-layer.test.ts[2m > [22m[2mAssertion fact layer — literal types, versioning, FTS, consistency scan[2m > [22m[2msyncs relationship weight updates to mirror assertion confidence[22m[39m
Migration applied: add_invalidation_reason_to_relationships

[90mstdout[2m | tests/entity-resolution-policy.test.ts[2m > [22m[2mtype-specific entity resolution policy[2m > [22m[2mnever auto-merges decisions even with exact name and context[22m[39m
Migration applied: add_vec0_virtual_table

[90mstdout[2m | tests/entity-resolution-policy.test.ts[2m > [22m[2mtype-specific entity resolution policy[2m > [22m[2mnever auto-merges decisions even with exact name and context[22m[39m
Migration applied: add_fts5_fulltext_search

[90mstdout[2m | tests/assertion-fact-layer.test.ts[2m > [22m[2mAssertion fact layer — literal types, versioning, FTS, consistency scan[2m > [22m[2msyncs relationship weight updates to mirror assertion confidence[22m[39m
Migration applied: add_app_meta

[90mstdout[2m | tests/conflict-transactions.test.ts[2m > [22m[2massertion conflict transactions[2m > [22m[2mrolls back invalidation and audit if the new fact cannot be inserted[22m[39m
Migration applied: add_app_meta

[90mstdout[2m | tests/entity-resolution-policy.test.ts[2m > [22m[2mtype-specific entity resolution policy[2m > [22m[2mnever auto-merges decisions even with exact name and context[22m[39m
Migration applied: add_notifications_table

[90mstdout[2m | tests/agent-loop-abort-dedup.test.ts[2m > [22m[2mTask 12: AgentLoop cycle-level AbortController[2m > [22m[2man overlapping cycle is skipped until the timed-out cycle reaches finally[22m[39m
Migration applied: add_memory_tables

[90mstdout[2m | tests/conflict-transactions.test.ts[2m > [22m[2massertion conflict transactions[2m > [22m[2mrolls back invalidation and audit if the new fact cannot be inserted[22m[39m
Migration applied: add_discussions_table

[90mstdout[2m | tests/entity-resolution-policy.test.ts[2m > [22m[2mtype-specific entity resolution policy[2m > [22m[2mnever auto-merges decisions even with exact name and context[22m[39m
Migration applied: add_core_memory_summary

[90mstdout[2m | tests/conflict-transactions.test.ts[2m > [22m[2massertion conflict transactions[2m > [22m[2mrolls back invalidation and audit if the new fact cannot be inserted[22m[39m
Migration applied: add_mcp_usage_log

[90mstdout[2m | tests/entity-resolution-policy.test.ts[2m > [22m[2mtype-specific entity resolution policy[2m > [22m[2mnever auto-merges decisions even with exact name and context[22m[39m
Migration applied: add_temporal_graph_fields

[90mstdout[2m | tests/assertion-fact-layer.test.ts[2m > [22m[2mAssertion fact layer — literal types, versioning, FTS, consistency scan[2m > [22m[2msyncs relationship weight updates to mirror assertion confidence[22m[39m
Migration applied: add_discussions_table

[90mstdout[2m | tests/agent-loop-abort-dedup.test.ts[2m > [22m[2mTask 12: AgentLoop cycle-level AbortController[2m > [22m[2man overlapping cycle is skipped until the timed-out cycle reaches finally[22m[39m
Migration applied: add_vec0_virtual_table

[90mstdout[2m | tests/conflict-transactions.test.ts[2m > [22m[2massertion conflict transactions[2m > [22m[2mrolls back invalidation and audit if the new fact cannot be inserted[22m[39m
Migration applied: add_scoped_device_tokens

[90mstdout[2m | tests/entity-resolution-policy.test.ts[2m > [22m[2mtype-specific entity resolution policy[2m > [22m[2mnever auto-merges decisions even with exact name and context[22m[39m
Migration applied: add_invalidation_reason_to_relationships

[90mstdout[2m | tests/agent-loop-abort-dedup.test.ts[2m > [22m[2mTask 12: AgentLoop cycle-level AbortController[2m > [22m[2man overlapping cycle is skipped until the timed-out cycle reaches finally[22m[39m
Migration applied: add_fts5_fulltext_search

[90mstdout[2m | tests/incremental-decay.test.ts[2m > [22m[2mincremental relationship decay[2m > [22m[2mupgrades a persisted v18 database and initializes decay baselines[22m[39m
Migration applied: add_temporal_assertions

[90mstdout[2m | tests/conflict-transactions.test.ts[2m > [22m[2massertion conflict transactions[2m > [22m[2mrolls back invalidation and audit if the new fact cannot be inserted[22m[39m
Migration applied: enforce_domain_type_constraints

[90mstdout[2m | tests/entity-resolution-policy.test.ts[2m > [22m[2mtype-specific entity resolution policy[2m > [22m[2mnever auto-merges decisions even with exact name and context[22m[39m
Migration applied: add_app_meta

[90mstdout[2m | tests/entity-resolution-policy.test.ts[2m > [22m[2mtype-specific entity resolution policy[2m > [22m[2mnever auto-merges decisions even with exact name and context[22m[39m
Migration applied: add_discussions_table

[90mstdout[2m | tests/entity-resolution-policy.test.ts[2m > [22m[2mtype-specific entity resolution policy[2m > [22m[2mnever auto-merges decisions even with exact name and context[22m[39m
Migration applied: add_mcp_usage_log

[90mstdout[2m | tests/assertion-fact-layer.test.ts[2m > [22m[2mAssertion fact layer — literal types, versioning, FTS, consistency scan[2m > [22m[2msyncs relationship weight updates to mirror assertion confidence[22m[39m
Migration applied: add_mcp_usage_log

[90mstdout[2m | tests/conflict-transactions.test.ts[2m > [22m[2massertion conflict transactions[2m > [22m[2mrolls back invalidation and audit if the new fact cannot be inserted[22m[39m
Migration applied: add_temporal_assertions

[90mstdout[2m | tests/entity-resolution-policy.test.ts[2m > [22m[2mtype-specific entity resolution policy[2m > [22m[2mnever auto-merges decisions even with exact name and context[22m[39m
Migration applied: add_scoped_device_tokens

[90mstdout[2m | tests/agent-loop-abort-dedup.test.ts[2m > [22m[2mTask 12: AgentLoop cycle-level AbortController[2m > [22m[2man overlapping cycle is skipped until the timed-out cycle reaches finally[22m[39m
Migration applied: add_notifications_table

[90mstdout[2m | tests/conflict-transactions.test.ts[2m > [22m[2massertion conflict transactions[2m > [22m[2mrolls back invalidation and audit if the new fact cannot be inserted[22m[39m
Migration applied: add_ingestion_documents_and_chunks

[90mstdout[2m | tests/assertion-fact-layer.test.ts[2m > [22m[2mAssertion fact layer — literal types, versioning, FTS, consistency scan[2m > [22m[2msyncs relationship weight updates to mirror assertion confidence[22m[39m
Migration applied: add_scoped_device_tokens

[90mstdout[2m | tests/assertion-fact-layer.test.ts[2m > [22m[2mAssertion fact layer — literal types, versioning, FTS, consistency scan[2m > [22m[2msyncs relationship weight updates to mirror assertion confidence[22m[39m
Migration applied: enforce_domain_type_constraints

[90mstdout[2m | tests/conflict-transactions.test.ts[2m > [22m[2massertion conflict transactions[2m > [22m[2mrolls back invalidation and audit if the new fact cannot be inserted[22m[39m
Migration applied: add_entity_resolution_review_queue

[90mstdout[2m | tests/entity-resolution-policy.test.ts[2m > [22m[2mtype-specific entity resolution policy[2m > [22m[2mnever auto-merges decisions even with exact name and context[22m[39m
Migration applied: enforce_domain_type_constraints

[90mstdout[2m | tests/incremental-decay.test.ts[2m > [22m[2mincremental relationship decay[2m > [22m[2mupgrades a persisted v18 database and initializes decay baselines[22m[39m
Migration applied: add_ingestion_documents_and_chunks

[90mstdout[2m | tests/assertion-fact-layer.test.ts[2m > [22m[2mAssertion fact layer — literal types, versioning, FTS, consistency scan[2m > [22m[2msyncs relationship weight updates to mirror assertion confidence[22m[39m
Migration applied: add_temporal_assertions

[90mstdout[2m | tests/entity-resolution-policy.test.ts[2m > [22m[2mtype-specific entity resolution policy[2m > [22m[2mnever auto-merges decisions even with exact name and context[22m[39m
Migration applied: add_temporal_assertions

[90mstdout[2m | tests/agent-loop-abort-dedup.test.ts[2m > [22m[2mTask 12: AgentLoop cycle-level AbortController[2m > [22m[2man overlapping cycle is skipped until the timed-out cycle reaches finally[22m[39m
Migration applied: add_core_memory_summary

[90mstdout[2m | tests/entity-resolution-policy.test.ts[2m > [22m[2mtype-specific entity resolution policy[2m > [22m[2mnever auto-merges decisions even with exact name and context[22m[39m
Migration applied: add_ingestion_documents_and_chunks

[90mstdout[2m | tests/conflict-transactions.test.ts[2m > [22m[2massertion conflict transactions[2m > [22m[2mrolls back invalidation and audit if the new fact cannot be inserted[22m[39m
Migration applied: add_assertion_conflict_audit

[90mstdout[2m | tests/assertion-fact-layer.test.ts[2m > [22m[2mAssertion fact layer — literal types, versioning, FTS, consistency scan[2m > [22m[2msyncs relationship weight updates to mirror assertion confidence[22m[39m
Migration applied: add_ingestion_documents_and_chunks

[90mstdout[2m | tests/entity-resolution-policy.test.ts[2m > [22m[2mtype-specific entity resolution policy[2m > [22m[2mnever auto-merges decisions even with exact name and context[22m[39m
Migration applied: add_entity_resolution_review_queue

[90mstdout[2m | tests/assertion-fact-layer.test.ts[2m > [22m[2mAssertion fact layer — literal types, versioning, FTS, consistency scan[2m > [22m[2msyncs relationship weight updates to mirror assertion confidence[22m[39m
Migration applied: add_entity_resolution_review_queue

[90mstdout[2m | tests/merge-redirect.test.ts[2m > [22m[2mTask 11: revertMerge uses stable audit id (no LIKE fuzzy match)[2m > [22m[2msupports confirm then revert then confirm again[22m[39m
[Database] sqlite-vec 扩展加载成功 ✓

[90mstdout[2m | tests/conflict-transactions.test.ts[2m > [22m[2massertion conflict transactions[2m > [22m[2mrolls back invalidation and audit if the new fact cannot be inserted[22m[39m
Migration applied: add_incremental_relationship_decay

[90mstdout[2m | tests/agent-loop-abort-dedup.test.ts[2m > [22m[2mTask 12: AgentLoop cycle-level AbortController[2m > [22m[2man overlapping cycle is skipped until the timed-out cycle reaches finally[22m[39m
Migration applied: add_temporal_graph_fields

[90mstdout[2m | tests/conflict-transactions.test.ts[2m > [22m[2massertion conflict transactions[2m > [22m[2mrolls back invalidation and audit if the new fact cannot be inserted[22m[39m
Migration applied: add_behavior_events_and_proactive_insights

[90mstdout[2m | tests/merge-redirect.test.ts[2m > [22m[2mTask 11: revertMerge uses stable audit id (no LIKE fuzzy match)[2m > [22m[2msupports confirm then revert then confirm again[22m[39m
Migration applied: unified_graph_schema_v2

[90mstdout[2m | tests/assertion-fact-layer.test.ts[2m > [22m[2mAssertion fact layer — literal types, versioning, FTS, consistency scan[2m > [22m[2msyncs relationship weight updates to mirror assertion confidence[22m[39m
Migration applied: add_assertion_conflict_audit

[90mstdout[2m | tests/entity-resolution-policy.test.ts[2m > [22m[2mtype-specific entity resolution policy[2m > [22m[2mnever auto-merges decisions even with exact name and context[22m[39m
Migration applied: add_assertion_conflict_audit

[90mstdout[2m | tests/merge-redirect.test.ts[2m > [22m[2mTask 11: revertMerge uses stable audit id (no LIKE fuzzy match)[2m > [22m[2msupports confirm then revert then confirm again[22m[39m
Migration applied: add_performance_indexes_v2

[90mstdout[2m | tests/assertion-fact-layer.test.ts[2m > [22m[2mAssertion fact layer — literal types, versioning, FTS, consistency scan[2m > [22m[2msyncs relationship weight updates to mirror assertion confidence[22m[39m
Migration applied: add_incremental_relationship_decay

[90mstdout[2m | tests/merge-redirect.test.ts[2m > [22m[2mTask 11: revertMerge uses stable audit id (no LIKE fuzzy match)[2m > [22m[2msupports confirm then revert then confirm again[22m[39m
Migration applied: add_memory_tables

[90mstdout[2m | tests/agent-loop-abort-dedup.test.ts[2m > [22m[2mTask 12: AgentLoop cycle-level AbortController[2m > [22m[2man overlapping cycle is skipped until the timed-out cycle reaches finally[22m[39m
Migration applied: add_invalidation_reason_to_relationships

[90mstdout[2m | tests/merge-redirect.test.ts[2m > [22m[2mTask 11: revertMerge uses stable audit id (no LIKE fuzzy match)[2m > [22m[2msupports confirm then revert then confirm again[22m[39m
Migration applied: add_vec0_virtual_table

[90mstdout[2m | tests/obsidian-vault.test.ts[2m > [22m[2mObsidian Vault Exporter[22m[39m
[Database] sqlite-vec 扩展加载成功 ✓

[90mstdout[2m | tests/conflict-transactions.test.ts[2m > [22m[2massertion conflict transactions[2m > [22m[2mrolls back invalidation and audit if the new fact cannot be inserted[22m[39m
Migration applied: add_assertion_literal_type_versioning_fts

[90mstdout[2m | tests/merge-redirect.test.ts[2m > [22m[2mTask 11: revertMerge uses stable audit id (no LIKE fuzzy match)[2m > [22m[2msupports confirm then revert then confirm again[22m[39m
Migration applied: add_fts5_fulltext_search

[90mstdout[2m | tests/incremental-decay.test.ts[2m > [22m[2mincremental relationship decay[2m > [22m[2mupgrades a persisted v18 database and initializes decay baselines[22m[39m
Migration applied: add_entity_resolution_review_queue

[90mstdout[2m | tests/assertion-fact-layer.test.ts[2m > [22m[2mAssertion fact layer — literal types, versioning, FTS, consistency scan[2m > [22m[2msyncs relationship weight updates to mirror assertion confidence[22m[39m
Migration applied: add_behavior_events_and_proactive_insights

[90mstdout[2m | tests/merge-redirect.test.ts[2m > [22m[2mTask 11: revertMerge uses stable audit id (no LIKE fuzzy match)[2m > [22m[2msupports confirm then revert then confirm again[22m[39m
Migration applied: add_notifications_table

[90mstdout[2m | tests/assertion-fact-layer.test.ts[2m > [22m[2mAssertion fact layer — literal types, versioning, FTS, consistency scan[2m > [22m[2msyncs relationship weight updates to mirror assertion confidence[22m[39m
Migration applied: add_assertion_literal_type_versioning_fts

[90mstdout[2m | tests/entity-resolution-policy.test.ts[2m > [22m[2mtype-specific entity resolution policy[2m > [22m[2mnever auto-merges decisions even with exact name and context[22m[39m
Migration applied: add_incremental_relationship_decay

[90mstdout[2m | tests/agent-loop-abort-dedup.test.ts[2m > [22m[2mTask 12: AgentLoop cycle-level AbortController[2m > [22m[2man overlapping cycle is skipped until the timed-out cycle reaches finally[22m[39m
Migration applied: add_app_meta

[90mstdout[2m | tests/agent-loop-abort-dedup.test.ts[2m > [22m[2mTask 12: AgentLoop cycle-level AbortController[2m > [22m[2man overlapping cycle is skipped until the timed-out cycle reaches finally[22m[39m
Migration applied: add_discussions_table

[90mstdout[2m | tests/obsidian-vault.test.ts[2m > [22m[2mObsidian Vault Exporter[22m[39m
Migration applied: unified_graph_schema_v2

[90mstdout[2m | tests/agent-loop-abort-dedup.test.ts[2m > [22m[2mTask 12: AgentLoop cycle-level AbortController[2m > [22m[2man overlapping cycle is skipped until the timed-out cycle reaches finally[22m[39m
Migration applied: add_mcp_usage_log

[90mstdout[2m | tests/assertion-fact-layer.test.ts[2m > [22m[2mAssertion fact layer — literal types, versioning, FTS, consistency scan[2m > [22m[2msyncs relationship weight updates to mirror assertion confidence[22m[39m
Migration applied: extend_entity_merge_audit_with_redirect_summary

[90mstdout[2m | tests/agent-loop-abort-dedup.test.ts[2m > [22m[2mTask 12: AgentLoop cycle-level AbortController[2m > [22m[2man overlapping cycle is skipped until the timed-out cycle reaches finally[22m[39m
Migration applied: add_scoped_device_tokens

[90mstdout[2m | tests/merge-redirect.test.ts[2m > [22m[2mTask 11: revertMerge uses stable audit id (no LIKE fuzzy match)[2m > [22m[2msupports confirm then revert then confirm again[22m[39m
Migration applied: add_core_memory_summary

[90mstdout[2m | tests/agent-loop-abort-dedup.test.ts[2m > [22m[2mTask 12: AgentLoop cycle-level AbortController[2m > [22m[2man overlapping cycle is skipped until the timed-out cycle reaches finally[22m[39m
Migration applied: enforce_domain_type_constraints

[90mstdout[2m | tests/conflict-transactions.test.ts[2m > [22m[2massertion conflict transactions[2m > [22m[2mrolls back invalidation and audit if the new fact cannot be inserted[22m[39m
Migration applied: extend_entity_merge_audit_with_redirect_summary

[90mstdout[2m | tests/temporal-assertions.test.ts[2m > [22m[2mtemporal assertions[2m > [22m[2mupgrades a persisted v14 database without deleting legacy relationships[22m[39m
Migration applied: add_temporal_assertions

[90mstdout[2m | tests/agent-loop-abort-dedup.test.ts[2m > [22m[2mTask 12: AgentLoop cycle-level AbortController[2m > [22m[2man overlapping cycle is skipped until the timed-out cycle reaches finally[22m[39m
Migration applied: add_temporal_assertions

[90mstdout[2m | tests/assertion-fact-layer.test.ts[2m > [22m[2mAssertion fact layer — literal types, versioning, FTS, consistency scan[2m > [22m[2msyncs relationship weight updates to mirror assertion confidence[22m[39m
Migration applied: add_failed_tasks_and_ingestion_provenance

[90mstdout[2m | tests/agent-loop-abort-dedup.test.ts[2m > [22m[2mTask 12: AgentLoop cycle-level AbortController[2m > [22m[2man overlapping cycle is skipped until the timed-out cycle reaches finally[22m[39m
Migration applied: add_ingestion_documents_and_chunks

[90mstdout[2m | tests/obsidian-vault.test.ts[2m > [22m[2mObsidian Vault Exporter[22m[39m
Migration applied: add_performance_indexes_v2

[90mstdout[2m | tests/agent-loop-abort-dedup.test.ts[2m > [22m[2mTask 12: AgentLoop cycle-level AbortController[2m > [22m[2man overlapping cycle is skipped until the timed-out cycle reaches finally[22m[39m
Migration applied: add_entity_resolution_review_queue

[90mstdout[2m | tests/entity-resolution-policy.test.ts[2m > [22m[2mtype-specific entity resolution policy[2m > [22m[2mnever auto-merges decisions even with exact name and context[22m[39m
Migration applied: add_behavior_events_and_proactive_insights

[90mstdout[2m | tests/assertion-fact-layer.test.ts[2m > [22m[2mAssertion fact layer — literal types, versioning, FTS, consistency scan[2m > [22m[2minvalidates mirror assertion when relationship is deleted (not destroyed)[22m[39m
[Database] sqlite-vec 扩展加载成功 ✓

[90mstdout[2m | tests/merge-redirect.test.ts[2m > [22m[2mTask 11: revertMerge uses stable audit id (no LIKE fuzzy match)[2m > [22m[2msupports confirm then revert then confirm again[22m[39m
Migration applied: add_temporal_graph_fields

[90mstdout[2m | tests/incremental-decay.test.ts[2m > [22m[2mincremental relationship decay[2m > [22m[2mupgrades a persisted v18 database and initializes decay baselines[22m[39m
Migration applied: add_assertion_conflict_audit

[90mstdout[2m | tests/obsidian-vault.test.ts[2m > [22m[2mObsidian Vault Exporter[22m[39m
Migration applied: add_memory_tables

[90mstdout[2m | tests/assertion-fact-layer.test.ts[2m > [22m[2mAssertion fact layer — literal types, versioning, FTS, consistency scan[2m > [22m[2minvalidates mirror assertion when relationship is deleted (not destroyed)[22m[39m
Migration applied: unified_graph_schema_v2

[90mstdout[2m | tests/agent-loop-abort-dedup.test.ts[2m > [22m[2mTask 12: AgentLoop cycle-level AbortController[2m > [22m[2man overlapping cycle is skipped until the timed-out cycle reaches finally[22m[39m
Migration applied: add_assertion_conflict_audit

[90mstdout[2m | tests/obsidian-vault.test.ts[2m > [22m[2mObsidian Vault Exporter[22m[39m
Migration applied: add_vec0_virtual_table

[90mstdout[2m | tests/assertion-fact-layer.test.ts[2m > [22m[2mAssertion fact layer — literal types, versioning, FTS, consistency scan[2m > [22m[2minvalidates mirror assertion when relationship is deleted (not destroyed)[22m[39m
Migration applied: add_performance_indexes_v2

[90mstdout[2m | tests/conflict-transactions.test.ts[2m > [22m[2massertion conflict transactions[2m > [22m[2mrolls back invalidation and audit if the new fact cannot be inserted[22m[39m
Migration applied: add_failed_tasks_and_ingestion_provenance

[90mstdout[2m | tests/assertion-fact-layer.test.ts[2m > [22m[2mAssertion fact layer — literal types, versioning, FTS, consistency scan[2m > [22m[2minvalidates mirror assertion when relationship is deleted (not destroyed)[22m[39m
Migration applied: add_memory_tables

[90mstdout[2m | tests/merge-redirect.test.ts[2m > [22m[2mTask 11: revertMerge uses stable audit id (no LIKE fuzzy match)[2m > [22m[2msupports confirm then revert then confirm again[22m[39m
Migration applied: add_invalidation_reason_to_relationships

[90mstdout[2m | tests/merge-redirect.test.ts[2m > [22m[2mTask 11: revertMerge uses stable audit id (no LIKE fuzzy match)[2m > [22m[2msupports confirm then revert then confirm again[22m[39m
Migration applied: add_app_meta

[90mstdout[2m | tests/assertion-fact-layer.test.ts[2m > [22m[2mAssertion fact layer — literal types, versioning, FTS, consistency scan[2m > [22m[2minvalidates mirror assertion when relationship is deleted (not destroyed)[22m[39m
Migration applied: add_vec0_virtual_table

[90mstdout[2m | tests/assertion-fact-layer.test.ts[2m > [22m[2mAssertion fact layer — literal types, versioning, FTS, consistency scan[2m > [22m[2minvalidates mirror assertion when relationship is deleted (not destroyed)[22m[39m
Migration applied: add_fts5_fulltext_search

[90mstdout[2m | tests/assertion-fact-layer.test.ts[2m > [22m[2mAssertion fact layer — literal types, versioning, FTS, consistency scan[2m > [22m[2minvalidates mirror assertion when relationship is deleted (not destroyed)[22m[39m
Migration applied: add_notifications_table

[90mstdout[2m | tests/obsidian-vault.test.ts[2m > [22m[2mObsidian Vault Exporter[22m[39m
Migration applied: add_fts5_fulltext_search

[90mstdout[2m | tests/obsidian-vault.test.ts[2m > [22m[2mObsidian Vault Exporter[22m[39m
Migration applied: add_notifications_table

[90mstdout[2m | tests/agent-loop-abort-dedup.test.ts[2m > [22m[2mTask 12: AgentLoop cycle-level AbortController[2m > [22m[2man overlapping cycle is skipped until the timed-out cycle reaches finally[22m[39m
Migration applied: add_incremental_relationship_decay

 [32m✓[39m tests/temporal-assertions.test.ts [2m ([22m[2m4 tests[22m[2m)[22m[33m 1769[2mms[22m[39m
[90mstdout[2m | tests/assertion-fact-layer.test.ts[2m > [22m[2mAssertion fact layer — literal types, versioning, FTS, consistency scan[2m > [22m[2minvalidates mirror assertion when relationship is deleted (not destroyed)[22m[39m
Migration applied: add_core_memory_summary

[90mstdout[2m | tests/merge-redirect.test.ts[2m > [22m[2mTask 11: revertMerge uses stable audit id (no LIKE fuzzy match)[2m > [22m[2msupports confirm then revert then confirm again[22m[39m
Migration applied: add_discussions_table

[90mstdout[2m | tests/obsidian-vault.test.ts[2m > [22m[2mObsidian Vault Exporter[22m[39m
Migration applied: add_core_memory_summary

[90mstdout[2m | tests/obsidian-vault.test.ts[2m > [22m[2mObsidian Vault Exporter[22m[39m
Migration applied: add_temporal_graph_fields

[90mstdout[2m | tests/merge-redirect.test.ts[2m > [22m[2mTask 11: revertMerge uses stable audit id (no LIKE fuzzy match)[2m > [22m[2msupports confirm then revert then confirm again[22m[39m
Migration applied: add_mcp_usage_log

[90mstdout[2m | tests/obsidian-vault.test.ts[2m > [22m[2mObsidian Vault Exporter[22m[39m
Migration applied: add_invalidation_reason_to_relationships

[90mstdout[2m | tests/obsidian-vault.test.ts[2m > [22m[2mObsidian Vault Exporter[22m[39m
Migration applied: add_app_meta

[90mstdout[2m | tests/agent-loop-abort-dedup.test.ts[2m > [22m[2mTask 12: AgentLoop cycle-level AbortController[2m > [22m[2man overlapping cycle is skipped until the timed-out cycle reaches finally[22m[39m
Migration applied: add_behavior_events_and_proactive_insights

[90mstdout[2m | tests/entity-resolution-policy.test.ts[2m > [22m[2mtype-specific entity resolution policy[2m > [22m[2mnever auto-merges decisions even with exact name and context[22m[39m
Migration applied: add_assertion_literal_type_versioning_fts

[90mstdout[2m | tests/merge-redirect.test.ts[2m > [22m[2mTask 11: revertMerge uses stable audit id (no LIKE fuzzy match)[2m > [22m[2msupports confirm then revert then confirm again[22m[39m
Migration applied: add_scoped_device_tokens

[90mstdout[2m | tests/agent-loop-abort-dedup.test.ts[2m > [22m[2mTask 12: AgentLoop cycle-level AbortController[2m > [22m[2man overlapping cycle is skipped until the timed-out cycle reaches finally[22m[39m
Migration applied: add_assertion_literal_type_versioning_fts

[90mstdout[2m | tests/obsidian-vault.test.ts[2m > [22m[2mObsidian Vault Exporter[22m[39m
Migration applied: add_discussions_table

[90mstdout[2m | tests/obsidian-vault.test.ts[2m > [22m[2mObsidian Vault Exporter[22m[39m
Migration applied: add_mcp_usage_log

[90mstdout[2m | tests/assertion-fact-layer.test.ts[2m > [22m[2mAssertion fact layer — literal types, versioning, FTS, consistency scan[2m > [22m[2minvalidates mirror assertion when relationship is deleted (not destroyed)[22m[39m
Migration applied: add_temporal_graph_fields

[90mstdout[2m | tests/obsidian-vault.test.ts[2m > [22m[2mObsidian Vault Exporter[22m[39m
Migration applied: add_scoped_device_tokens

[90mstdout[2m | tests/incremental-decay.test.ts[2m > [22m[2mincremental relationship decay[2m > [22m[2mupgrades a persisted v18 database and initializes decay baselines[22m[39m
Migration applied: add_incremental_relationship_decay

[90mstdout[2m | tests/merge-redirect.test.ts[2m > [22m[2mTask 11: revertMerge uses stable audit id (no LIKE fuzzy match)[2m > [22m[2msupports confirm then revert then confirm again[22m[39m
Migration applied: enforce_domain_type_constraints

[90mstdout[2m | tests/assertion-fact-layer.test.ts[2m > [22m[2mAssertion fact layer — literal types, versioning, FTS, consistency scan[2m > [22m[2minvalidates mirror assertion when relationship is deleted (not destroyed)[22m[39m
Migration applied: add_invalidation_reason_to_relationships

[90mstdout[2m | tests/assertion-fact-layer.test.ts[2m > [22m[2mAssertion fact layer — literal types, versioning, FTS, consistency scan[2m > [22m[2minvalidates mirror assertion when relationship is deleted (not destroyed)[22m[39m
Migration applied: add_app_meta

[90mstdout[2m | tests/obsidian-vault.test.ts[2m > [22m[2mObsidian Vault Exporter[22m[39m
Migration applied: enforce_domain_type_constraints

[90mstdout[2m | tests/agent-loop-abort-dedup.test.ts[2m > [22m[2mTask 12: AgentLoop cycle-level AbortController[2m > [22m[2man overlapping cycle is skipped until the timed-out cycle reaches finally[22m[39m
Migration applied: extend_entity_merge_audit_with_redirect_summary

[90mstdout[2m | tests/entity-resolution-policy.test.ts[2m > [22m[2mtype-specific entity resolution policy[2m > [22m[2mnever auto-merges decisions even with exact name and context[22m[39m
Migration applied: extend_entity_merge_audit_with_redirect_summary

[90mstdout[2m | tests/assertion-fact-layer.test.ts[2m > [22m[2mAssertion fact layer — literal types, versioning, FTS, consistency scan[2m > [22m[2minvalidates mirror assertion when relationship is deleted (not destroyed)[22m[39m
Migration applied: add_discussions_table

[90mstdout[2m | tests/assertion-fact-layer.test.ts[2m > [22m[2mAssertion fact layer — literal types, versioning, FTS, consistency scan[2m > [22m[2minvalidates mirror assertion when relationship is deleted (not destroyed)[22m[39m
Migration applied: add_mcp_usage_log

[90mstdout[2m | tests/incremental-decay.test.ts[2m > [22m[2mincremental relationship decay[2m > [22m[2mupgrades a persisted v18 database and initializes decay baselines[22m[39m
Migration applied: add_behavior_events_and_proactive_insights

[90mstdout[2m | tests/conflict-transactions.test.ts[2m > [22m[2massertion conflict transactions[2m > [22m[2mupgrades a persisted v17 database without losing relationships[22m[39m
[Database] sqlite-vec 扩展加载成功 ✓

[90mstdout[2m | tests/merge-redirect.test.ts[2m > [22m[2mTask 11: revertMerge uses stable audit id (no LIKE fuzzy match)[2m > [22m[2msupports confirm then revert then confirm again[22m[39m
Migration applied: add_temporal_assertions

[90mstdout[2m | tests/obsidian-vault.test.ts[2m > [22m[2mObsidian Vault Exporter[22m[39m
Migration applied: add_temporal_assertions

[90mstdout[2m | tests/agent-loop-abort-dedup.test.ts[2m > [22m[2mTask 12: AgentLoop cycle-level AbortController[2m > [22m[2man overlapping cycle is skipped until the timed-out cycle reaches finally[22m[39m
Migration applied: add_failed_tasks_and_ingestion_provenance
[AgentLoop] 唤醒，执行周期任务...

[90mstdout[2m | tests/assertion-fact-layer.test.ts[2m > [22m[2mAssertion fact layer — literal types, versioning, FTS, consistency scan[2m > [22m[2minvalidates mirror assertion when relationship is deleted (not destroyed)[22m[39m
Migration applied: add_scoped_device_tokens

[90mstdout[2m | tests/obsidian-vault.test.ts[2m > [22m[2mObsidian Vault Exporter[22m[39m
Migration applied: add_ingestion_documents_and_chunks

[90mstdout[2m | tests/merge-redirect.test.ts[2m > [22m[2mTask 11: revertMerge uses stable audit id (no LIKE fuzzy match)[2m > [22m[2msupports confirm then revert then confirm again[22m[39m
Migration applied: add_ingestion_documents_and_chunks

[90mstdout[2m | tests/obsidian-vault.test.ts[2m > [22m[2mObsidian Vault Exporter[22m[39m
Migration applied: add_entity_resolution_review_queue

[90mstdout[2m | tests/assertion-fact-layer.test.ts[2m > [22m[2mAssertion fact layer — literal types, versioning, FTS, consistency scan[2m > [22m[2minvalidates mirror assertion when relationship is deleted (not destroyed)[22m[39m
Migration applied: enforce_domain_type_constraints

[90mstdout[2m | tests/obsidian-vault.test.ts[2m > [22m[2mObsidian Vault Exporter[22m[39m
Migration applied: add_assertion_conflict_audit

[90mstdout[2m | tests/decision-system.test.ts[2m > [22m[2mdecision intelligence persistence[2m > [22m[2mrecursively traces explicit lineage and records outcomes without changing principles[22m[39m
[Database] sqlite-vec 扩展加载成功 ✓

[90mstdout[2m | tests/obsidian-vault.test.ts[2m > [22m[2mObsidian Vault Exporter[22m[39m
Migration applied: add_incremental_relationship_decay

[90mstdout[2m | tests/merge-redirect.test.ts[2m > [22m[2mTask 11: revertMerge uses stable audit id (no LIKE fuzzy match)[2m > [22m[2msupports confirm then revert then confirm again[22m[39m
Migration applied: add_entity_resolution_review_queue

[90mstdout[2m | tests/assertion-fact-layer.test.ts[2m > [22m[2mAssertion fact layer — literal types, versioning, FTS, consistency scan[2m > [22m[2minvalidates mirror assertion when relationship is deleted (not destroyed)[22m[39m
Migration applied: add_temporal_assertions

[90mstdout[2m | tests/assertion-fact-layer.test.ts[2m > [22m[2mAssertion fact layer — literal types, versioning, FTS, consistency scan[2m > [22m[2minvalidates mirror assertion when relationship is deleted (not destroyed)[22m[39m
Migration applied: add_ingestion_documents_and_chunks

[90mstdout[2m | tests/decision-system.test.ts[2m > [22m[2mdecision intelligence persistence[2m > [22m[2mrecursively traces explicit lineage and records outcomes without changing principles[22m[39m
Migration applied: unified_graph_schema_v2

[90mstdout[2m | tests/obsidian-vault.test.ts[2m > [22m[2mObsidian Vault Exporter[22m[39m
Migration applied: add_behavior_events_and_proactive_insights

[90mstdout[2m | tests/assertion-fact-layer.test.ts[2m > [22m[2mAssertion fact layer — literal types, versioning, FTS, consistency scan[2m > [22m[2minvalidates mirror assertion when relationship is deleted (not destroyed)[22m[39m
Migration applied: add_entity_resolution_review_queue

[90mstdout[2m | tests/entity-resolution-policy.test.ts[2m > [22m[2mtype-specific entity resolution policy[2m > [22m[2mnever auto-merges decisions even with exact name and context[22m[39m
Migration applied: add_failed_tasks_and_ingestion_provenance

[90mstdout[2m | tests/obsidian-vault.test.ts[2m > [22m[2mObsidian Vault Exporter[22m[39m
Migration applied: add_assertion_literal_type_versioning_fts

[90mstdout[2m | tests/decision-system.test.ts[2m > [22m[2mdecision intelligence persistence[2m > [22m[2mrecursively traces explicit lineage and records outcomes without changing principles[22m[39m
Migration applied: add_performance_indexes_v2

[90mstdout[2m | tests/incremental-decay.test.ts[2m > [22m[2mincremental relationship decay[2m > [22m[2mupgrades a persisted v18 database and initializes decay baselines[22m[39m
Migration applied: add_assertion_literal_type_versioning_fts

[90mstdout[2m | tests/merge-redirect.test.ts[2m > [22m[2mTask 11: revertMerge uses stable audit id (no LIKE fuzzy match)[2m > [22m[2msupports confirm then revert then confirm again[22m[39m
Migration applied: add_assertion_conflict_audit

[90mstdout[2m | tests/decision-system.test.ts[2m > [22m[2mdecision intelligence persistence[2m > [22m[2mrecursively traces explicit lineage and records outcomes without changing principles[22m[39m
Migration applied: add_memory_tables

[90mstdout[2m | tests/merge-redirect.test.ts[2m > [22m[2mTask 11: revertMerge uses stable audit id (no LIKE fuzzy match)[2m > [22m[2msupports confirm then revert then confirm again[22m[39m
Migration applied: add_incremental_relationship_decay

[90mstdout[2m | tests/assertion-fact-layer.test.ts[2m > [22m[2mAssertion fact layer — literal types, versioning, FTS, consistency scan[2m > [22m[2minvalidates mirror assertion when relationship is deleted (not destroyed)[22m[39m
Migration applied: add_assertion_conflict_audit

[90mstdout[2m | tests/obsidian-vault.test.ts[2m > [22m[2mObsidian Vault Exporter[22m[39m
Migration applied: extend_entity_merge_audit_with_redirect_summary

[90mstdout[2m | tests/decision-system.test.ts[2m > [22m[2mdecision intelligence persistence[2m > [22m[2mrecursively traces explicit lineage and records outcomes without changing principles[22m[39m
Migration applied: add_vec0_virtual_table

[90mstdout[2m | tests/merge-redirect.test.ts[2m > [22m[2mTask 11: revertMerge uses stable audit id (no LIKE fuzzy match)[2m > [22m[2msupports confirm then revert then confirm again[22m[39m
Migration applied: add_behavior_events_and_proactive_insights

[90mstdout[2m | tests/obsidian-vault.test.ts[2m > [22m[2mObsidian Vault Exporter[22m[39m
Migration applied: add_failed_tasks_and_ingestion_provenance

[90mstdout[2m | tests/entity-resolution-policy.test.ts[2m > [22m[2mtype-specific entity resolution policy[2m > [22m[2mauto-merges a high-confidence tool candidate and preserves conflicting provenance fields[22m[39m
[Database] sqlite-vec 扩展加载成功 ✓

[90mstdout[2m | tests/decision-system.test.ts[2m > [22m[2mdecision intelligence persistence[2m > [22m[2mrecursively traces explicit lineage and records outcomes without changing principles[22m[39m
Migration applied: add_fts5_fulltext_search

[90mstdout[2m | tests/merge-redirect.test.ts[2m > [22m[2mTask 11: revertMerge uses stable audit id (no LIKE fuzzy match)[2m > [22m[2msupports confirm then revert then confirm again[22m[39m
Migration applied: add_assertion_literal_type_versioning_fts

[90mstdout[2m | tests/entity-resolution-policy.test.ts[2m > [22m[2mtype-specific entity resolution policy[2m > [22m[2mauto-merges a high-confidence tool candidate and preserves conflicting provenance fields[22m[39m
Migration applied: unified_graph_schema_v2

[90mstdout[2m | tests/assertion-fact-layer.test.ts[2m > [22m[2mAssertion fact layer — literal types, versioning, FTS, consistency scan[2m > [22m[2minvalidates mirror assertion when relationship is deleted (not destroyed)[22m[39m
Migration applied: add_incremental_relationship_decay

[90mstdout[2m | tests/entity-resolution-policy.test.ts[2m > [22m[2mtype-specific entity resolution policy[2m > [22m[2mauto-merges a high-confidence tool candidate and preserves conflicting provenance fields[22m[39m
Migration applied: add_performance_indexes_v2

[90mstdout[2m | tests/entity-resolution-policy.test.ts[2m > [22m[2mtype-specific entity resolution policy[2m > [22m[2mauto-merges a high-confidence tool candidate and preserves conflicting provenance fields[22m[39m
Migration applied: add_memory_tables

[90mstdout[2m | tests/decision-system.test.ts[2m > [22m[2mdecision intelligence persistence[2m > [22m[2mrecursively traces explicit lineage and records outcomes without changing principles[22m[39m
Migration applied: add_notifications_table

[90mstdout[2m | tests/entity-resolution-policy.test.ts[2m > [22m[2mtype-specific entity resolution policy[2m > [22m[2mauto-merges a high-confidence tool candidate and preserves conflicting provenance fields[22m[39m
Migration applied: add_vec0_virtual_table

[90mstdout[2m | tests/entity-resolution-policy.test.ts[2m > [22m[2mtype-specific entity resolution policy[2m > [22m[2mauto-merges a high-confidence tool candidate and preserves conflicting provenance fields[22m[39m
Migration applied: add_fts5_fulltext_search

[90mstdout[2m | tests/decision-system.test.ts[2m > [22m[2mdecision intelligence persistence[2m > [22m[2mrecursively traces explicit lineage and records outcomes without changing principles[22m[39m
Migration applied: add_core_memory_summary

[90mstdout[2m | tests/entity-resolution-policy.test.ts[2m > [22m[2mtype-specific entity resolution policy[2m > [22m[2mauto-merges a high-confidence tool candidate and preserves conflicting provenance fields[22m[39m
Migration applied: add_notifications_table

[90mstdout[2m | tests/entity-resolution-policy.test.ts[2m > [22m[2mtype-specific entity resolution policy[2m > [22m[2mauto-merges a high-confidence tool candidate and preserves conflicting provenance fields[22m[39m
Migration applied: add_core_memory_summary

[90mstdout[2m | tests/decision-system.test.ts[2m > [22m[2mdecision intelligence persistence[2m > [22m[2mrecursively traces explicit lineage and records outcomes without changing principles[22m[39m
Migration applied: add_temporal_graph_fields

[90mstdout[2m | tests/agent-loop-abort-dedup.test.ts[2m > [22m[2mTask 12: AgentLoop cycle-level AbortController[2m > [22m[2man overlapping cycle is skipped until the timed-out cycle reaches finally[22m[39m
<empty line>
stderr | tests/agent-loop-abort-dedup.test.ts > Task 12: AgentLoop cycle-level AbortController > an overlapping cycle is skipped until the timed-out cycle reaches finally
[AgentLoop] Cycle timeout — abort requested
[AgentLoop] insight_generation 失败，继续其他周期任务: DOMException [AbortError]: Cycle aborted
    at new DOMException (node:internal/per_context/domexception:53:5)
    at AbortSignal.onAbort (<repo>\brain-server\src\agent\agent-loop.ts:569:16)
    at AbortSignal.[nodejs.internal.kHybridDispatch] (node:internal/event_target:827:20)
    at AbortSignal.dispatchEvent (node:internal/event_target:762:26)
    at runAbort (node:internal/abort_controller:447:10)
    at abortSignal (node:internal/abort_controller:433:3)
    at AbortController.abort (node:internal/abort_controller:466:5)
    at Timeout._onTimeout (<repo>\brain-server\src\agent\agent-loop.ts:345:25)
    at listOnTimeout (node:internal/timers:588:17)
    at processTimers (node:internal/timers:523:7)
[AgentLoop] decision_review_reminder failed, continuing: DOMException [AbortError]: Cycle aborted
    at new DOMException (node:internal/per_context/domexception:53:5)
    at AgentLoop.awaitCycle (<repo>\brain-server\src\agent\agent-loop.ts:565:47)
    at AgentLoop.runCycle (<repo>\brain-server\src\agent\agent-loop.ts:445:41)
    at processTicksAndRejections (node:internal/process/task_queues:105:5)
[AgentLoop] 盲区检测失败，跳过: DOMException [AbortError]: Cycle aborted
    at new DOMException (node:internal/per_context/domexception:53:5)
    at AgentLoop.awaitCycle (<repo>\brain-server\src\agent\agent-loop.ts:565:47)
    at AgentLoop.runCycle (<repo>\brain-server\src\agent\agent-loop.ts:505:41)
    at processTicksAndRejections (node:internal/process/task_queues:105:5)

[90mstdout[2m | tests/entity-resolution-policy.test.ts[2m > [22m[2mtype-specific entity resolution policy[2m > [22m[2mauto-merges a high-confidence tool candidate and preserves conflicting provenance fields[22m[39m
Migration applied: add_temporal_graph_fields

[90mstdout[2m | tests/agent-loop-abort-dedup.test.ts[2m > [22m[2mTask 12: AgentLoop cycle-level AbortController[2m > [22m[2mstop returns an awaitable promise that settles an in-flight cycle[22m[39m
[Database] sqlite-vec 扩展加载成功 ✓

[90mstdout[2m | tests/entity-resolution-policy.test.ts[2m > [22m[2mtype-specific entity resolution policy[2m > [22m[2mauto-merges a high-confidence tool candidate and preserves conflicting provenance fields[22m[39m
Migration applied: add_invalidation_reason_to_relationships

[90mstdout[2m | tests/agent-loop-abort-dedup.test.ts[2m > [22m[2mTask 12: AgentLoop cycle-level AbortController[2m > [22m[2mstop returns an awaitable promise that settles an in-flight cycle[22m[39m
Migration applied: unified_graph_schema_v2

[90mstdout[2m | tests/merge-redirect.test.ts[2m > [22m[2mTask 11: revertMerge uses stable audit id (no LIKE fuzzy match)[2m > [22m[2msupports confirm then revert then confirm again[22m[39m
Migration applied: extend_entity_merge_audit_with_redirect_summary

[90mstdout[2m | tests/merge-redirect.test.ts[2m > [22m[2mTask 11: revertMerge uses stable audit id (no LIKE fuzzy match)[2m > [22m[2msupports confirm then revert then confirm again[22m[39m
Migration applied: add_failed_tasks_and_ingestion_provenance

[90mstdout[2m | tests/incremental-decay.test.ts[2m > [22m[2mincremental relationship decay[2m > [22m[2mupgrades a persisted v18 database and initializes decay baselines[22m[39m
Migration applied: extend_entity_merge_audit_with_redirect_summary

[90mstdout[2m | tests/entity-resolution-policy.test.ts[2m > [22m[2mtype-specific entity resolution policy[2m > [22m[2mauto-merges a high-confidence tool candidate and preserves conflicting provenance fields[22m[39m
Migration applied: add_app_meta

[90mstdout[2m | tests/entity-resolution-policy.test.ts[2m > [22m[2mtype-specific entity resolution policy[2m > [22m[2mauto-merges a high-confidence tool candidate and preserves conflicting provenance fields[22m[39m
Migration applied: add_discussions_table

[90mstdout[2m | tests/decision-system.test.ts[2m > [22m[2mdecision intelligence persistence[2m > [22m[2mrecursively traces explicit lineage and records outcomes without changing principles[22m[39m
Migration applied: add_invalidation_reason_to_relationships

[90mstdout[2m | tests/agent-loop-abort-dedup.test.ts[2m > [22m[2mTask 12: AgentLoop cycle-level AbortController[2m > [22m[2mstop returns an awaitable promise that settles an in-flight cycle[22m[39m
Migration applied: add_performance_indexes_v2

[90mstdout[2m | tests/decision-system.test.ts[2m > [22m[2mdecision intelligence persistence[2m > [22m[2mrecursively traces explicit lineage and records outcomes without changing principles[22m[39m
Migration applied: add_app_meta

[90mstdout[2m | tests/agent-loop-abort-dedup.test.ts[2m > [22m[2mTask 12: AgentLoop cycle-level AbortController[2m > [22m[2mstop returns an awaitable promise that settles an in-flight cycle[22m[39m
Migration applied: add_memory_tables

[90mstdout[2m | tests/entity-resolution-policy.test.ts[2m > [22m[2mtype-specific entity resolution policy[2m > [22m[2mauto-merges a high-confidence tool candidate and preserves conflicting provenance fields[22m[39m
Migration applied: add_mcp_usage_log

[90mstdout[2m | tests/decision-system.test.ts[2m > [22m[2mdecision intelligence persistence[2m > [22m[2mrecursively traces explicit lineage and records outcomes without changing principles[22m[39m
Migration applied: add_discussions_table

[90mstdout[2m | tests/decision-system.test.ts[2m > [22m[2mdecision intelligence persistence[2m > [22m[2mrecursively traces explicit lineage and records outcomes without changing principles[22m[39m
Migration applied: add_mcp_usage_log

[90mstdout[2m | tests/assertion-fact-layer.test.ts[2m > [22m[2mAssertion fact layer — literal types, versioning, FTS, consistency scan[2m > [22m[2minvalidates mirror assertion when relationship is deleted (not destroyed)[22m[39m
Migration applied: add_behavior_events_and_proactive_insights

[90mstdout[2m | tests/agent-loop-abort-dedup.test.ts[2m > [22m[2mTask 12: AgentLoop cycle-level AbortController[2m > [22m[2mstop returns an awaitable promise that settles an in-flight cycle[22m[39m
Migration applied: add_vec0_virtual_table

[90mstdout[2m | tests/decision-system.test.ts[2m > [22m[2mdecision intelligence persistence[2m > [22m[2mrecursively traces explicit lineage and records outcomes without changing principles[22m[39m
Migration applied: add_scoped_device_tokens

[90mstdout[2m | tests/agent-loop-abort-dedup.test.ts[2m > [22m[2mTask 12: AgentLoop cycle-level AbortController[2m > [22m[2mstop returns an awaitable promise that settles an in-flight cycle[22m[39m
Migration applied: add_fts5_fulltext_search

[90mstdout[2m | tests/entity-resolution-policy.test.ts[2m > [22m[2mtype-specific entity resolution policy[2m > [22m[2mauto-merges a high-confidence tool candidate and preserves conflicting provenance fields[22m[39m
Migration applied: add_scoped_device_tokens

[90mstdout[2m | tests/agent-loop-abort-dedup.test.ts[2m > [22m[2mTask 12: AgentLoop cycle-level AbortController[2m > [22m[2mstop returns an awaitable promise that settles an in-flight cycle[22m[39m
Migration applied: add_notifications_table

[90mstdout[2m | tests/assertion-fact-layer.test.ts[2m > [22m[2mAssertion fact layer — literal types, versioning, FTS, consistency scan[2m > [22m[2minvalidates mirror assertion when relationship is deleted (not destroyed)[22m[39m
Migration applied: add_assertion_literal_type_versioning_fts

[90mstdout[2m | tests/merge-redirect.test.ts[2m > [22m[2mTask 11: revertMerge uses stable audit id (no LIKE fuzzy match)[2m > [22m[2mdoes not throw on revert of an audit with a non-numeric mergeId[22m[39m
[Database] sqlite-vec 扩展加载成功 ✓

[90mstdout[2m | tests/conflict-transactions.test.ts[2m > [22m[2massertion conflict transactions[2m > [22m[2mupgrades a persisted v17 database without losing relationships[22m[39m
Migration applied: unified_graph_schema_v2

[90mstdout[2m | tests/decision-system.test.ts[2m > [22m[2mdecision intelligence persistence[2m > [22m[2mrecursively traces explicit lineage and records outcomes without changing principles[22m[39m
Migration applied: enforce_domain_type_constraints

[90mstdout[2m | tests/decision-system.test.ts[2m > [22m[2mdecision intelligence persistence[2m > [22m[2mrecursively traces explicit lineage and records outcomes without changing principles[22m[39m
Migration applied: add_temporal_assertions

[90mstdout[2m | tests/decision-system.test.ts[2m > [22m[2mdecision intelligence persistence[2m > [22m[2mrecursively traces explicit lineage and records outcomes without changing principles[22m[39m
Migration applied: add_ingestion_documents_and_chunks

[90mstdout[2m | tests/entity-resolution-policy.test.ts[2m > [22m[2mtype-specific entity resolution policy[2m > [22m[2mauto-merges a high-confidence tool candidate and preserves conflicting provenance fields[22m[39m
Migration applied: enforce_domain_type_constraints

[90mstdout[2m | tests/merge-redirect.test.ts[2m > [22m[2mTask 11: revertMerge uses stable audit id (no LIKE fuzzy match)[2m > [22m[2mdoes not throw on revert of an audit with a non-numeric mergeId[22m[39m
Migration applied: unified_graph_schema_v2

[90mstdout[2m | tests/merge-redirect.test.ts[2m > [22m[2mTask 11: revertMerge uses stable audit id (no LIKE fuzzy match)[2m > [22m[2mdoes not throw on revert of an audit with a non-numeric mergeId[22m[39m
Migration applied: add_performance_indexes_v2

[90mstdout[2m | tests/agent-loop-abort-dedup.test.ts[2m > [22m[2mTask 12: AgentLoop cycle-level AbortController[2m > [22m[2mstop returns an awaitable promise that settles an in-flight cycle[22m[39m
Migration applied: add_core_memory_summary

[90mstdout[2m | tests/merge-redirect.test.ts[2m > [22m[2mTask 11: revertMerge uses stable audit id (no LIKE fuzzy match)[2m > [22m[2mdoes not throw on revert of an audit with a non-numeric mergeId[22m[39m
Migration applied: add_memory_tables

[90mstdout[2m | tests/entity-resolution-policy.test.ts[2m > [22m[2mtype-specific entity resolution policy[2m > [22m[2mauto-merges a high-confidence tool candidate and preserves conflicting provenance fields[22m[39m
Migration applied: add_temporal_assertions

[90mstdout[2m | tests/decision-system.test.ts[2m > [22m[2mdecision intelligence persistence[2m > [22m[2mrecursively traces explicit lineage and records outcomes without changing principles[22m[39m
Migration applied: add_entity_resolution_review_queue

[90mstdout[2m | tests/entity-resolution-policy.test.ts[2m > [22m[2mtype-specific entity resolution policy[2m > [22m[2mauto-merges a high-confidence tool candidate and preserves conflicting provenance fields[22m[39m
Migration applied: add_ingestion_documents_and_chunks

[90mstdout[2m | tests/assertion-fact-layer.test.ts[2m > [22m[2mAssertion fact layer — literal types, versioning, FTS, consistency scan[2m > [22m[2minvalidates mirror assertion when relationship is deleted (not destroyed)[22m[39m
Migration applied: extend_entity_merge_audit_with_redirect_summary

[90mstdout[2m | tests/merge-redirect.test.ts[2m > [22m[2mTask 11: revertMerge uses stable audit id (no LIKE fuzzy match)[2m > [22m[2mdoes not throw on revert of an audit with a non-numeric mergeId[22m[39m
Migration applied: add_vec0_virtual_table

[90mstdout[2m | tests/decision-system.test.ts[2m > [22m[2mdecision intelligence persistence[2m > [22m[2mrecursively traces explicit lineage and records outcomes without changing principles[22m[39m
Migration applied: add_assertion_conflict_audit

[90mstdout[2m | tests/merge-redirect.test.ts[2m > [22m[2mTask 11: revertMerge uses stable audit id (no LIKE fuzzy match)[2m > [22m[2mdoes not throw on revert of an audit with a non-numeric mergeId[22m[39m
Migration applied: add_fts5_fulltext_search

[90mstdout[2m | tests/agent-loop-abort-dedup.test.ts[2m > [22m[2mTask 12: AgentLoop cycle-level AbortController[2m > [22m[2mstop returns an awaitable promise that settles an in-flight cycle[22m[39m
Migration applied: add_temporal_graph_fields

[90mstdout[2m | tests/entity-resolution-policy.test.ts[2m > [22m[2mtype-specific entity resolution policy[2m > [22m[2mauto-merges a high-confidence tool candidate and preserves conflicting provenance fields[22m[39m
Migration applied: add_entity_resolution_review_queue

[90mstdout[2m | tests/agent-loop-abort-dedup.test.ts[2m > [22m[2mTask 12: AgentLoop cycle-level AbortController[2m > [22m[2mstop returns an awaitable promise that settles an in-flight cycle[22m[39m
Migration applied: add_invalidation_reason_to_relationships

[90mstdout[2m | tests/merge-redirect.test.ts[2m > [22m[2mTask 11: revertMerge uses stable audit id (no LIKE fuzzy match)[2m > [22m[2mdoes not throw on revert of an audit with a non-numeric mergeId[22m[39m
Migration applied: add_notifications_table

[90mstdout[2m | tests/incremental-decay.test.ts[2m > [22m[2mincremental relationship decay[2m > [22m[2mupgrades a persisted v18 database and initializes decay baselines[22m[39m
Migration applied: add_failed_tasks_and_ingestion_provenance

[90mstdout[2m | tests/decision-system.test.ts[2m > [22m[2mdecision intelligence persistence[2m > [22m[2mrecursively traces explicit lineage and records outcomes without changing principles[22m[39m
Migration applied: add_incremental_relationship_decay

[90mstdout[2m | tests/assertion-fact-layer.test.ts[2m > [22m[2mAssertion fact layer — literal types, versioning, FTS, consistency scan[2m > [22m[2minvalidates mirror assertion when relationship is deleted (not destroyed)[22m[39m
Migration applied: add_failed_tasks_and_ingestion_provenance

[90mstdout[2m | tests/agent-loop-abort-dedup.test.ts[2m > [22m[2mTask 12: AgentLoop cycle-level AbortController[2m > [22m[2mstop returns an awaitable promise that settles an in-flight cycle[22m[39m
Migration applied: add_app_meta

[90mstdout[2m | tests/merge-redirect.test.ts[2m > [22m[2mTask 11: revertMerge uses stable audit id (no LIKE fuzzy match)[2m > [22m[2mdoes not throw on revert of an audit with a non-numeric mergeId[22m[39m
Migration applied: add_core_memory_summary

[90mstdout[2m | tests/agent-loop-abort-dedup.test.ts[2m > [22m[2mTask 12: AgentLoop cycle-level AbortController[2m > [22m[2mstop returns an awaitable promise that settles an in-flight cycle[22m[39m
Migration applied: add_discussions_table

[90mstdout[2m | tests/agent-loop-abort-dedup.test.ts[2m > [22m[2mTask 12: AgentLoop cycle-level AbortController[2m > [22m[2mstop returns an awaitable promise that settles an in-flight cycle[22m[39m
Migration applied: add_mcp_usage_log

[90mstdout[2m | tests/merge-redirect.test.ts[2m > [22m[2mTask 11: revertMerge uses stable audit id (no LIKE fuzzy match)[2m > [22m[2mdoes not throw on revert of an audit with a non-numeric mergeId[22m[39m
Migration applied: add_temporal_graph_fields

[90mstdout[2m | tests/decision-system.test.ts[2m > [22m[2mdecision intelligence persistence[2m > [22m[2mrecursively traces explicit lineage and records outcomes without changing principles[22m[39m
Migration applied: add_behavior_events_and_proactive_insights

[90mstdout[2m | tests/agent-loop-abort-dedup.test.ts[2m > [22m[2mTask 12: AgentLoop cycle-level AbortController[2m > [22m[2mstop returns an awaitable promise that settles an in-flight cycle[22m[39m
Migration applied: add_scoped_device_tokens

[90mstdout[2m | tests/agent-loop-abort-dedup.test.ts[2m > [22m[2mTask 12: AgentLoop cycle-level AbortController[2m > [22m[2mstop returns an awaitable promise that settles an in-flight cycle[22m[39m
Migration applied: enforce_domain_type_constraints

[90mstdout[2m | tests/assertion-fact-layer.test.ts[2m > [22m[2mAssertion fact layer — literal types, versioning, FTS, consistency scan[2m > [22m[2mpasses consistency scan on a clean database[22m[39m
[Database] sqlite-vec 扩展加载成功 ✓

[90mstdout[2m | tests/merge-redirect.test.ts[2m > [22m[2mTask 11: revertMerge uses stable audit id (no LIKE fuzzy match)[2m > [22m[2mdoes not throw on revert of an audit with a non-numeric mergeId[22m[39m
Migration applied: add_invalidation_reason_to_relationships

[90mstdout[2m | tests/conflict-transactions.test.ts[2m > [22m[2massertion conflict transactions[2m > [22m[2mupgrades a persisted v17 database without losing relationships[22m[39m
Migration applied: add_performance_indexes_v2

[90mstdout[2m | tests/agent-loop-abort-dedup.test.ts[2m > [22m[2mTask 12: AgentLoop cycle-level AbortController[2m > [22m[2mstop returns an awaitable promise that settles an in-flight cycle[22m[39m
Migration applied: add_temporal_assertions

[90mstdout[2m | tests/decision-system.test.ts[2m > [22m[2mdecision intelligence persistence[2m > [22m[2mrecursively traces explicit lineage and records outcomes without changing principles[22m[39m
Migration applied: add_assertion_literal_type_versioning_fts

[90mstdout[2m | tests/assertion-fact-layer.test.ts[2m > [22m[2mAssertion fact layer — literal types, versioning, FTS, consistency scan[2m > [22m[2mpasses consistency scan on a clean database[22m[39m
Migration applied: unified_graph_schema_v2

[90mstdout[2m | tests/merge-redirect.test.ts[2m > [22m[2mTask 11: revertMerge uses stable audit id (no LIKE fuzzy match)[2m > [22m[2mdoes not throw on revert of an audit with a non-numeric mergeId[22m[39m
Migration applied: add_app_meta

[90mstdout[2m | tests/agent-loop-abort-dedup.test.ts[2m > [22m[2mTask 12: AgentLoop cycle-level AbortController[2m > [22m[2mstop returns an awaitable promise that settles an in-flight cycle[22m[39m
Migration applied: add_ingestion_documents_and_chunks

[90mstdout[2m | tests/assertion-fact-layer.test.ts[2m > [22m[2mAssertion fact layer — literal types, versioning, FTS, consistency scan[2m > [22m[2mpasses consistency scan on a clean database[22m[39m
Migration applied: add_performance_indexes_v2

[90mstdout[2m | tests/agent-loop-abort-dedup.test.ts[2m > [22m[2mTask 12: AgentLoop cycle-level AbortController[2m > [22m[2mstop returns an awaitable promise that settles an in-flight cycle[22m[39m
Migration applied: add_entity_resolution_review_queue

[90mstdout[2m | tests/assertion-fact-layer.test.ts[2m > [22m[2mAssertion fact layer — literal types, versioning, FTS, consistency scan[2m > [22m[2mpasses consistency scan on a clean database[22m[39m
Migration applied: add_memory_tables

[90mstdout[2m | tests/merge-redirect.test.ts[2m > [22m[2mTask 11: revertMerge uses stable audit id (no LIKE fuzzy match)[2m > [22m[2mdoes not throw on revert of an audit with a non-numeric mergeId[22m[39m
Migration applied: add_discussions_table

[90mstdout[2m | tests/merge-redirect.test.ts[2m > [22m[2mTask 11: revertMerge uses stable audit id (no LIKE fuzzy match)[2m > [22m[2mdoes not throw on revert of an audit with a non-numeric mergeId[22m[39m
Migration applied: add_mcp_usage_log

[90mstdout[2m | tests/merge-redirect.test.ts[2m > [22m[2mTask 11: revertMerge uses stable audit id (no LIKE fuzzy match)[2m > [22m[2mdoes not throw on revert of an audit with a non-numeric mergeId[22m[39m
Migration applied: add_scoped_device_tokens

[90mstdout[2m | tests/agent-loop-abort-dedup.test.ts[2m > [22m[2mTask 12: AgentLoop cycle-level AbortController[2m > [22m[2mstop returns an awaitable promise that settles an in-flight cycle[22m[39m
Migration applied: add_assertion_conflict_audit

[90mstdout[2m | tests/assertion-fact-layer.test.ts[2m > [22m[2mAssertion fact layer — literal types, versioning, FTS, consistency scan[2m > [22m[2mpasses consistency scan on a clean database[22m[39m
Migration applied: add_vec0_virtual_table

[90mstdout[2m | tests/assertion-fact-layer.test.ts[2m > [22m[2mAssertion fact layer — literal types, versioning, FTS, consistency scan[2m > [22m[2mpasses consistency scan on a clean database[22m[39m
Migration applied: add_fts5_fulltext_search

[90mstdout[2m | tests/decision-system.test.ts[2m > [22m[2mdecision intelligence persistence[2m > [22m[2mrecursively traces explicit lineage and records outcomes without changing principles[22m[39m
Migration applied: extend_entity_merge_audit_with_redirect_summary

[90mstdout[2m | tests/entity-resolution-policy.test.ts[2m > [22m[2mtype-specific entity resolution policy[2m > [22m[2mauto-merges a high-confidence tool candidate and preserves conflicting provenance fields[22m[39m
Migration applied: add_assertion_conflict_audit

[90mstdout[2m | tests/merge-redirect.test.ts[2m > [22m[2mTask 11: revertMerge uses stable audit id (no LIKE fuzzy match)[2m > [22m[2mdoes not throw on revert of an audit with a non-numeric mergeId[22m[39m
Migration applied: enforce_domain_type_constraints

[90mstdout[2m | tests/decision-system.test.ts[2m > [22m[2mdecision intelligence persistence[2m > [22m[2mrecursively traces explicit lineage and records outcomes without changing principles[22m[39m
Migration applied: add_failed_tasks_and_ingestion_provenance

[90mstdout[2m | tests/assertion-fact-layer.test.ts[2m > [22m[2mAssertion fact layer — literal types, versioning, FTS, consistency scan[2m > [22m[2mpasses consistency scan on a clean database[22m[39m
Migration applied: add_notifications_table

 [32m✓[39m tests/obsidian-vault.test.ts [2m ([22m[2m4 tests[22m[2m)[22m[90m 285[2mms[22m[39m
[90mstdout[2m | tests/agent-loop-abort-dedup.test.ts[2m > [22m[2mTask 12: AgentLoop cycle-level AbortController[2m > [22m[2mstop returns an awaitable promise that settles an in-flight cycle[22m[39m
Migration applied: add_incremental_relationship_decay

[90mstdout[2m | tests/merge-redirect.test.ts[2m > [22m[2mTask 11: revertMerge uses stable audit id (no LIKE fuzzy match)[2m > [22m[2mdoes not throw on revert of an audit with a non-numeric mergeId[22m[39m
Migration applied: add_temporal_assertions

[90mstdout[2m | tests/entity-resolution-policy.test.ts[2m > [22m[2mtype-specific entity resolution policy[2m > [22m[2mauto-merges a high-confidence tool candidate and preserves conflicting provenance fields[22m[39m
Migration applied: add_incremental_relationship_decay

 [32m✓[39m tests/retrieval-policy.test.ts [2m ([22m[2m6 tests[22m[2m)[22m[90m 11[2mms[22m[39m
[90mstdout[2m | tests/assertion-fact-layer.test.ts[2m > [22m[2mAssertion fact layer — literal types, versioning, FTS, consistency scan[2m > [22m[2mpasses consistency scan on a clean database[22m[39m
Migration applied: add_core_memory_summary

[90mstdout[2m | tests/agent-loop-abort-dedup.test.ts[2m > [22m[2mTask 12: AgentLoop cycle-level AbortController[2m > [22m[2mstop returns an awaitable promise that settles an in-flight cycle[22m[39m
Migration applied: add_behavior_events_and_proactive_insights

[90mstdout[2m | tests/merge-redirect.test.ts[2m > [22m[2mTask 11: revertMerge uses stable audit id (no LIKE fuzzy match)[2m > [22m[2mdoes not throw on revert of an audit with a non-numeric mergeId[22m[39m
Migration applied: add_ingestion_documents_and_chunks

[90mstdout[2m | tests/assertion-fact-layer.test.ts[2m > [22m[2mAssertion fact layer — literal types, versioning, FTS, consistency scan[2m > [22m[2mpasses consistency scan on a clean database[22m[39m
Migration applied: add_temporal_graph_fields

[90mstdout[2m | tests/conflict-transactions.test.ts[2m > [22m[2massertion conflict transactions[2m > [22m[2mupgrades a persisted v17 database without losing relationships[22m[39m
Migration applied: add_memory_tables

[90mstdout[2m | tests/merge-redirect.test.ts[2m > [22m[2mTask 11: revertMerge uses stable audit id (no LIKE fuzzy match)[2m > [22m[2mdoes not throw on revert of an audit with a non-numeric mergeId[22m[39m
Migration applied: add_entity_resolution_review_queue

[90mstdout[2m | tests/agent-loop-abort-dedup.test.ts[2m > [22m[2mTask 12: AgentLoop cycle-level AbortController[2m > [22m[2mstop returns an awaitable promise that settles an in-flight cycle[22m[39m
Migration applied: add_assertion_literal_type_versioning_fts

[90mstdout[2m | tests/assertion-fact-layer.test.ts[2m > [22m[2mAssertion fact layer — literal types, versioning, FTS, consistency scan[2m > [22m[2mpasses consistency scan on a clean database[22m[39m
Migration applied: add_invalidation_reason_to_relationships

[90mstdout[2m | tests/assertion-fact-layer.test.ts[2m > [22m[2mAssertion fact layer — literal types, versioning, FTS, consistency scan[2m > [22m[2mpasses consistency scan on a clean database[22m[39m
Migration applied: add_app_meta

[90mstdout[2m | tests/assertion-fact-layer.test.ts[2m > [22m[2mAssertion fact layer — literal types, versioning, FTS, consistency scan[2m > [22m[2mpasses consistency scan on a clean database[22m[39m
Migration applied: add_discussions_table

[90mstdout[2m | tests/agent-loop-abort-dedup.test.ts[2m > [22m[2mTask 12: AgentLoop cycle-level AbortController[2m > [22m[2mstop returns an awaitable promise that settles an in-flight cycle[22m[39m
Migration applied: extend_entity_merge_audit_with_redirect_summary

[90mstdout[2m | tests/entity-resolution-policy.test.ts[2m > [22m[2mtype-specific entity resolution policy[2m > [22m[2mauto-merges a high-confidence tool candidate and preserves conflicting provenance fields[22m[39m
Migration applied: add_behavior_events_and_proactive_insights

 [32m✓[39m tests/decision-system.test.ts [2m ([22m[2m2 tests[22m[2m)[22m[90m 214[2mms[22m[39m
[90mstdout[2m | tests/merge-redirect.test.ts[2m > [22m[2mTask 11: revertMerge uses stable audit id (no LIKE fuzzy match)[2m > [22m[2mdoes not throw on revert of an audit with a non-numeric mergeId[22m[39m
Migration applied: add_assertion_conflict_audit

[90mstdout[2m | tests/merge-redirect.test.ts[2m > [22m[2mTask 11: revertMerge uses stable audit id (no LIKE fuzzy match)[2m > [22m[2mdoes not throw on revert of an audit with a non-numeric mergeId[22m[39m
Migration applied: add_incremental_relationship_decay

[90mstdout[2m | tests/assertion-fact-layer.test.ts[2m > [22m[2mAssertion fact layer — literal types, versioning, FTS, consistency scan[2m > [22m[2mpasses consistency scan on a clean database[22m[39m
Migration applied: add_mcp_usage_log

[90mstdout[2m | tests/merge-redirect.test.ts[2m > [22m[2mTask 11: revertMerge uses stable audit id (no LIKE fuzzy match)[2m > [22m[2mdoes not throw on revert of an audit with a non-numeric mergeId[22m[39m
Migration applied: add_behavior_events_and_proactive_insights

[90mstdout[2m | tests/assertion-fact-layer.test.ts[2m > [22m[2mAssertion fact layer — literal types, versioning, FTS, consistency scan[2m > [22m[2mpasses consistency scan on a clean database[22m[39m
Migration applied: add_scoped_device_tokens

[90mstdout[2m | tests/assertion-fact-layer.test.ts[2m > [22m[2mAssertion fact layer — literal types, versioning, FTS, consistency scan[2m > [22m[2mpasses consistency scan on a clean database[22m[39m
Migration applied: enforce_domain_type_constraints

[90mstdout[2m | tests/entity-resolution-policy.test.ts[2m > [22m[2mtype-specific entity resolution policy[2m > [22m[2mauto-merges a high-confidence tool candidate and preserves conflicting provenance fields[22m[39m
Migration applied: add_assertion_literal_type_versioning_fts

[90mstdout[2m | tests/agent-loop-abort-dedup.test.ts[2m > [22m[2mTask 12: AgentLoop cycle-level AbortController[2m > [22m[2mstop returns an awaitable promise that settles an in-flight cycle[22m[39m
Migration applied: add_failed_tasks_and_ingestion_provenance
[AgentLoop] 唤醒，执行周期任务...

[90mstdout[2m | tests/merge-redirect.test.ts[2m > [22m[2mTask 11: revertMerge uses stable audit id (no LIKE fuzzy match)[2m > [22m[2mdoes not throw on revert of an audit with a non-numeric mergeId[22m[39m
Migration applied: add_assertion_literal_type_versioning_fts

[90mstdout[2m | tests/merge-redirect.test.ts[2m > [22m[2mTask 11: revertMerge uses stable audit id (no LIKE fuzzy match)[2m > [22m[2mdoes not throw on revert of an audit with a non-numeric mergeId[22m[39m
Migration applied: extend_entity_merge_audit_with_redirect_summary

[90mstdout[2m | tests/merge-redirect.test.ts[2m > [22m[2mTask 11: revertMerge uses stable audit id (no LIKE fuzzy match)[2m > [22m[2mdoes not throw on revert of an audit with a non-numeric mergeId[22m[39m
Migration applied: add_failed_tasks_and_ingestion_provenance

 [32m✓[39m tests/chunked-extraction.test.ts [2m ([22m[2m3 tests[22m[2m)[22m[90m 27[2mms[22m[39m
[90mstdout[2m | tests/entity-resolution-policy.test.ts[2m > [22m[2mtype-specific entity resolution policy[2m > [22m[2mauto-merges a high-confidence tool candidate and preserves conflicting provenance fields[22m[39m
Migration applied: extend_entity_merge_audit_with_redirect_summary

[90mstdout[2m | tests/conflict-transactions.test.ts[2m > [22m[2massertion conflict transactions[2m > [22m[2mupgrades a persisted v17 database without losing relationships[22m[39m
Migration applied: add_vec0_virtual_table

[90mstdout[2m | tests/assertion-fact-layer.test.ts[2m > [22m[2mAssertion fact layer — literal types, versioning, FTS, consistency scan[2m > [22m[2mpasses consistency scan on a clean database[22m[39m
Migration applied: add_temporal_assertions

[90mstdout[2m | tests/entity-resolution-policy.test.ts[2m > [22m[2mtype-specific entity resolution policy[2m > [22m[2mauto-merges a high-confidence tool candidate and preserves conflicting provenance fields[22m[39m
Migration applied: add_failed_tasks_and_ingestion_provenance

[90mstdout[2m | tests/assertion-fact-layer.test.ts[2m > [22m[2mAssertion fact layer — literal types, versioning, FTS, consistency scan[2m > [22m[2mpasses consistency scan on a clean database[22m[39m
Migration applied: add_ingestion_documents_and_chunks

[90mstdout[2m | tests/merge-redirect.test.ts[2m > [22m[2mTask 13: merge then revert restores every persisted surface[2m > [22m[2mround-trips metadata, relationships, assertions, FTS and vectors through a collision[22m[39m
[Database] sqlite-vec 扩展加载成功 ✓

stderr | tests/agent-loop-abort-dedup.test.ts > Task 12: AgentLoop cycle-level AbortController > stop returns an awaitable promise that settles an in-flight cycle
[AgentLoop] insight_generation 失败，继续其他周期任务: DOMException [AbortError]: Cycle aborted
    at new DOMException (node:internal/per_context/domexception:53:5)
    at AbortSignal.onAbort (<repo>\brain-server\src\agent\agent-loop.ts:569:16)
    at AbortSignal.[nodejs.internal.kHybridDispatch] (node:internal/event_target:827:20)
    at AbortSignal.dispatchEvent (node:internal/event_target:762:26)
    at runAbort (node:internal/abort_controller:447:10)
    at abortSignal (node:internal/abort_controller:433:3)
    at AbortController.abort (node:internal/abort_controller:466:5)
    at AgentLoop.stop (<repo>\brain-server\src\agent\agent-loop.ts:235:23)
    at <repo>\brain-server\tests\agent-loop-abort-dedup.test.ts:104:16
    at runNextTicks (node:internal/process/task_queues:65:5)
[AgentLoop] decision_review_reminder failed, continuing: DOMException [AbortError]: Cycle aborted
    at new DOMException (node:internal/per_context/domexception:53:5)
    at AgentLoop.awaitCycle (<repo>\brain-server\src\agent\agent-loop.ts:565:47)
    at AgentLoop.runCycle (<repo>\brain-server\src\agent\agent-loop.ts:445:41)
    at runNextTicks (node:internal/process/task_queues:65:5)
    at processTimers (node:internal/timers:520:9)
    at AgentLoop.stop (<repo>\brain-server\src\agent\agent-loop.ts:237:35)
    at <repo>\brain-server\tests\agent-loop-abort-dedup.test.ts:104:5
    at runTest (file:///<repo>/brain-server/node_modules/@vitest/runner/dist/index.js:781:11)
    at runSuite (file:///<repo>/brain-server/node_modules/@vitest/runner/dist/index.js:909:15)
    at runSuite (file:///<repo>/brain-server/node_modules/@vitest/runner/dist/index.js:909:15)
[AgentLoop] 盲区检测失败，跳过: DOMException [AbortError]: Cycle aborted
    at new DOMException (node:internal/per_context/domexception:53:5)
    at AgentLoop.awaitCycle (<repo>\brain-server\src\agent\agent-loop.ts:565:47)
    at AgentLoop.runCycle (<repo>\brain-server\src\agent\agent-loop.ts:505:41)
    at runNextTicks (node:internal/process/task_queues:65:5)
    at processTimers (node:internal/timers:520:9)
    at AgentLoop.stop (<repo>\brain-server\src\agent\agent-loop.ts:237:35)
    at <repo>\brain-server\tests\agent-loop-abort-dedup.test.ts:104:5
    at runTest (file:///<repo>/brain-server/node_modules/@vitest/runner/dist/index.js:781:11)
    at runSuite (file:///<repo>/brain-server/node_modules/@vitest/runner/dist/index.js:909:15)
    at runSuite (file:///<repo>/brain-server/node_modules/@vitest/runner/dist/index.js:909:15)

[90mstdout[2m | tests/merge-redirect.test.ts[2m > [22m[2mTask 13: merge then revert restores every persisted surface[2m > [22m[2mround-trips metadata, relationships, assertions, FTS and vectors through a collision[22m[39m
Migration applied: unified_graph_schema_v2

[90mstdout[2m | tests/agent-loop-abort-dedup.test.ts[2m > [22m[2mTask 12: AgentLoop cycle-level AbortController[2m > [22m[2mstop returns an awaitable promise that settles an in-flight cycle[22m[39m
[AgentLoop] 中止进行中的周期任务
[AgentLoop] 已停止主动智能引擎

[90mstdout[2m | tests/agent-loop-abort-dedup.test.ts[2m > [22m[2mTask 12: AgentLoop cycle-level AbortController[2m > [22m[2ma slow LLM-like promise is aborted and cannot create a notification[22m[39m
[Database] sqlite-vec 扩展加载成功 ✓

[90mstdout[2m | tests/merge-redirect.test.ts[2m > [22m[2mTask 13: merge then revert restores every persisted surface[2m > [22m[2mround-trips metadata, relationships, assertions, FTS and vectors through a collision[22m[39m
Migration applied: add_performance_indexes_v2

[90mstdout[2m | tests/entity-resolution-policy.test.ts[2m > [22m[2mtype-specific entity resolution policy[2m > [22m[2mauto-merges a high-confidence tool candidate and preserves conflicting provenance fields[22m[39m
<empty line>
stderr | tests/entity-resolution-policy.test.ts > type-specific entity resolution policy > auto-merges a high-confidence tool candidate and preserves conflicting provenance fields
[sqlite-vec] vec_entities 维度已调整为 3（embedding 模型变更），向量索引已重建

[90mstdout[2m | tests/agent-loop-abort-dedup.test.ts[2m > [22m[2mTask 12: AgentLoop cycle-level AbortController[2m > [22m[2ma slow LLM-like promise is aborted and cannot create a notification[22m[39m
Migration applied: unified_graph_schema_v2

[90mstdout[2m | tests/agent-loop-abort-dedup.test.ts[2m > [22m[2mTask 12: AgentLoop cycle-level AbortController[2m > [22m[2ma slow LLM-like promise is aborted and cannot create a notification[22m[39m
Migration applied: add_performance_indexes_v2

[90mstdout[2m | tests/merge-redirect.test.ts[2m > [22m[2mTask 13: merge then revert restores every persisted surface[2m > [22m[2mround-trips metadata, relationships, assertions, FTS and vectors through a collision[22m[39m
Migration applied: add_memory_tables

[90mstdout[2m | tests/agent-loop-abort-dedup.test.ts[2m > [22m[2mTask 12: AgentLoop cycle-level AbortController[2m > [22m[2ma slow LLM-like promise is aborted and cannot create a notification[22m[39m
Migration applied: add_memory_tables

[90mstdout[2m | tests/merge-redirect.test.ts[2m > [22m[2mTask 13: merge then revert restores every persisted surface[2m > [22m[2mround-trips metadata, relationships, assertions, FTS and vectors through a collision[22m[39m
Migration applied: add_vec0_virtual_table

[90mstdout[2m | tests/agent-loop-abort-dedup.test.ts[2m > [22m[2mTask 12: AgentLoop cycle-level AbortController[2m > [22m[2ma slow LLM-like promise is aborted and cannot create a notification[22m[39m
Migration applied: add_vec0_virtual_table

[90mstdout[2m | tests/agent-loop-abort-dedup.test.ts[2m > [22m[2mTask 12: AgentLoop cycle-level AbortController[2m > [22m[2ma slow LLM-like promise is aborted and cannot create a notification[22m[39m
Migration applied: add_fts5_fulltext_search

[90mstdout[2m | tests/merge-redirect.test.ts[2m > [22m[2mTask 13: merge then revert restores every persisted surface[2m > [22m[2mround-trips metadata, relationships, assertions, FTS and vectors through a collision[22m[39m
Migration applied: add_fts5_fulltext_search

[90mstdout[2m | tests/agent-loop-abort-dedup.test.ts[2m > [22m[2mTask 12: AgentLoop cycle-level AbortController[2m > [22m[2ma slow LLM-like promise is aborted and cannot create a notification[22m[39m
Migration applied: add_notifications_table

[90mstdout[2m | tests/merge-redirect.test.ts[2m > [22m[2mTask 13: merge then revert restores every persisted surface[2m > [22m[2mround-trips metadata, relationships, assertions, FTS and vectors through a collision[22m[39m
Migration applied: add_notifications_table

[90mstdout[2m | tests/agent-loop-abort-dedup.test.ts[2m > [22m[2mTask 12: AgentLoop cycle-level AbortController[2m > [22m[2ma slow LLM-like promise is aborted and cannot create a notification[22m[39m
Migration applied: add_core_memory_summary

[90mstdout[2m | tests/merge-redirect.test.ts[2m > [22m[2mTask 13: merge then revert restores every persisted surface[2m > [22m[2mround-trips metadata, relationships, assertions, FTS and vectors through a collision[22m[39m
Migration applied: add_core_memory_summary

[90mstdout[2m | tests/conflict-transactions.test.ts[2m > [22m[2massertion conflict transactions[2m > [22m[2mupgrades a persisted v17 database without losing relationships[22m[39m
Migration applied: add_fts5_fulltext_search

[90mstdout[2m | tests/agent-loop-abort-dedup.test.ts[2m > [22m[2mTask 12: AgentLoop cycle-level AbortController[2m > [22m[2ma slow LLM-like promise is aborted and cannot create a notification[22m[39m
Migration applied: add_temporal_graph_fields

[90mstdout[2m | tests/merge-redirect.test.ts[2m > [22m[2mTask 13: merge then revert restores every persisted surface[2m > [22m[2mround-trips metadata, relationships, assertions, FTS and vectors through a collision[22m[39m
Migration applied: add_temporal_graph_fields

[90mstdout[2m | tests/merge-redirect.test.ts[2m > [22m[2mTask 13: merge then revert restores every persisted surface[2m > [22m[2mround-trips metadata, relationships, assertions, FTS and vectors through a collision[22m[39m
Migration applied: add_invalidation_reason_to_relationships

[90mstdout[2m | tests/agent-loop-abort-dedup.test.ts[2m > [22m[2mTask 12: AgentLoop cycle-level AbortController[2m > [22m[2ma slow LLM-like promise is aborted and cannot create a notification[22m[39m
Migration applied: add_invalidation_reason_to_relationships

[90mstdout[2m | tests/merge-redirect.test.ts[2m > [22m[2mTask 13: merge then revert restores every persisted surface[2m > [22m[2mround-trips metadata, relationships, assertions, FTS and vectors through a collision[22m[39m
Migration applied: add_app_meta

[90mstdout[2m | tests/merge-redirect.test.ts[2m > [22m[2mTask 13: merge then revert restores every persisted surface[2m > [22m[2mround-trips metadata, relationships, assertions, FTS and vectors through a collision[22m[39m
Migration applied: add_discussions_table

[90mstdout[2m | tests/merge-redirect.test.ts[2m > [22m[2mTask 13: merge then revert restores every persisted surface[2m > [22m[2mround-trips metadata, relationships, assertions, FTS and vectors through a collision[22m[39m
Migration applied: add_mcp_usage_log

[90mstdout[2m | tests/assertion-fact-layer.test.ts[2m > [22m[2mAssertion fact layer — literal types, versioning, FTS, consistency scan[2m > [22m[2mpasses consistency scan on a clean database[22m[39m
Migration applied: add_entity_resolution_review_queue

[90mstdout[2m | tests/agent-loop-abort-dedup.test.ts[2m > [22m[2mTask 12: AgentLoop cycle-level AbortController[2m > [22m[2ma slow LLM-like promise is aborted and cannot create a notification[22m[39m
Migration applied: add_app_meta

[90mstdout[2m | tests/merge-redirect.test.ts[2m > [22m[2mTask 13: merge then revert restores every persisted surface[2m > [22m[2mround-trips metadata, relationships, assertions, FTS and vectors through a collision[22m[39m
Migration applied: add_scoped_device_tokens

[90mstdout[2m | tests/entity-resolution-policy.test.ts[2m > [22m[2mtype-specific entity resolution policy[2m > [22m[2mlimits embedding concurrency to four workers[22m[39m
[Database] sqlite-vec 扩展加载成功 ✓

[90mstdout[2m | tests/agent-loop-abort-dedup.test.ts[2m > [22m[2mTask 12: AgentLoop cycle-level AbortController[2m > [22m[2ma slow LLM-like promise is aborted and cannot create a notification[22m[39m
Migration applied: add_discussions_table

[90mstdout[2m | tests/merge-redirect.test.ts[2m > [22m[2mTask 13: merge then revert restores every persisted surface[2m > [22m[2mround-trips metadata, relationships, assertions, FTS and vectors through a collision[22m[39m
Migration applied: enforce_domain_type_constraints

[90mstdout[2m | tests/agent-loop-abort-dedup.test.ts[2m > [22m[2mTask 12: AgentLoop cycle-level AbortController[2m > [22m[2ma slow LLM-like promise is aborted and cannot create a notification[22m[39m
Migration applied: add_mcp_usage_log

[90mstdout[2m | tests/entity-resolution-policy.test.ts[2m > [22m[2mtype-specific entity resolution policy[2m > [22m[2mlimits embedding concurrency to four workers[22m[39m
Migration applied: unified_graph_schema_v2

[90mstdout[2m | tests/entity-resolution-policy.test.ts[2m > [22m[2mtype-specific entity resolution policy[2m > [22m[2mlimits embedding concurrency to four workers[22m[39m
Migration applied: add_performance_indexes_v2

[90mstdout[2m | tests/agent-loop-abort-dedup.test.ts[2m > [22m[2mTask 12: AgentLoop cycle-level AbortController[2m > [22m[2ma slow LLM-like promise is aborted and cannot create a notification[22m[39m
Migration applied: add_scoped_device_tokens

[90mstdout[2m | tests/agent-loop-abort-dedup.test.ts[2m > [22m[2mTask 12: AgentLoop cycle-level AbortController[2m > [22m[2ma slow LLM-like promise is aborted and cannot create a notification[22m[39m
Migration applied: enforce_domain_type_constraints

[90mstdout[2m | tests/entity-resolution-policy.test.ts[2m > [22m[2mtype-specific entity resolution policy[2m > [22m[2mlimits embedding concurrency to four workers[22m[39m
Migration applied: add_memory_tables

[90mstdout[2m | tests/merge-redirect.test.ts[2m > [22m[2mTask 13: merge then revert restores every persisted surface[2m > [22m[2mround-trips metadata, relationships, assertions, FTS and vectors through a collision[22m[39m
Migration applied: add_temporal_assertions

[90mstdout[2m | tests/entity-resolution-policy.test.ts[2m > [22m[2mtype-specific entity resolution policy[2m > [22m[2mlimits embedding concurrency to four workers[22m[39m
Migration applied: add_vec0_virtual_table

[90mstdout[2m | tests/merge-redirect.test.ts[2m > [22m[2mTask 13: merge then revert restores every persisted surface[2m > [22m[2mround-trips metadata, relationships, assertions, FTS and vectors through a collision[22m[39m
Migration applied: add_ingestion_documents_and_chunks

[90mstdout[2m | tests/assertion-fact-layer.test.ts[2m > [22m[2mAssertion fact layer — literal types, versioning, FTS, consistency scan[2m > [22m[2mpasses consistency scan on a clean database[22m[39m
Migration applied: add_assertion_conflict_audit

[90mstdout[2m | tests/entity-resolution-policy.test.ts[2m > [22m[2mtype-specific entity resolution policy[2m > [22m[2mlimits embedding concurrency to four workers[22m[39m
Migration applied: add_fts5_fulltext_search

[90mstdout[2m | tests/agent-loop-abort-dedup.test.ts[2m > [22m[2mTask 12: AgentLoop cycle-level AbortController[2m > [22m[2ma slow LLM-like promise is aborted and cannot create a notification[22m[39m
Migration applied: add_temporal_assertions

[90mstdout[2m | tests/merge-redirect.test.ts[2m > [22m[2mTask 13: merge then revert restores every persisted surface[2m > [22m[2mround-trips metadata, relationships, assertions, FTS and vectors through a collision[22m[39m
Migration applied: add_entity_resolution_review_queue

[90mstdout[2m | tests/merge-redirect.test.ts[2m > [22m[2mTask 13: merge then revert restores every persisted surface[2m > [22m[2mround-trips metadata, relationships, assertions, FTS and vectors through a collision[22m[39m
Migration applied: add_assertion_conflict_audit

[90mstdout[2m | tests/agent-loop-abort-dedup.test.ts[2m > [22m[2mTask 12: AgentLoop cycle-level AbortController[2m > [22m[2ma slow LLM-like promise is aborted and cannot create a notification[22m[39m
Migration applied: add_ingestion_documents_and_chunks

[90mstdout[2m | tests/agent-loop-abort-dedup.test.ts[2m > [22m[2mTask 12: AgentLoop cycle-level AbortController[2m > [22m[2ma slow LLM-like promise is aborted and cannot create a notification[22m[39m
Migration applied: add_entity_resolution_review_queue

[90mstdout[2m | tests/merge-redirect.test.ts[2m > [22m[2mTask 13: merge then revert restores every persisted surface[2m > [22m[2mround-trips metadata, relationships, assertions, FTS and vectors through a collision[22m[39m
Migration applied: add_incremental_relationship_decay

[90mstdout[2m | tests/assertion-fact-layer.test.ts[2m > [22m[2mAssertion fact layer — literal types, versioning, FTS, consistency scan[2m > [22m[2mpasses consistency scan on a clean database[22m[39m
Migration applied: add_incremental_relationship_decay

[90mstdout[2m | tests/entity-resolution-policy.test.ts[2m > [22m[2mtype-specific entity resolution policy[2m > [22m[2mlimits embedding concurrency to four workers[22m[39m
Migration applied: add_notifications_table

[90mstdout[2m | tests/conflict-transactions.test.ts[2m > [22m[2massertion conflict transactions[2m > [22m[2mupgrades a persisted v17 database without losing relationships[22m[39m
Migration applied: add_notifications_table

[90mstdout[2m | tests/merge-redirect.test.ts[2m > [22m[2mTask 13: merge then revert restores every persisted surface[2m > [22m[2mround-trips metadata, relationships, assertions, FTS and vectors through a collision[22m[39m
Migration applied: add_behavior_events_and_proactive_insights

[90mstdout[2m | tests/merge-redirect.test.ts[2m > [22m[2mTask 13: merge then revert restores every persisted surface[2m > [22m[2mround-trips metadata, relationships, assertions, FTS and vectors through a collision[22m[39m
Migration applied: add_assertion_literal_type_versioning_fts

[90mstdout[2m | tests/agent-loop-abort-dedup.test.ts[2m > [22m[2mTask 12: AgentLoop cycle-level AbortController[2m > [22m[2ma slow LLM-like promise is aborted and cannot create a notification[22m[39m
Migration applied: add_assertion_conflict_audit

[90mstdout[2m | tests/agent-loop-abort-dedup.test.ts[2m > [22m[2mTask 12: AgentLoop cycle-level AbortController[2m > [22m[2ma slow LLM-like promise is aborted and cannot create a notification[22m[39m
Migration applied: add_incremental_relationship_decay

[90mstdout[2m | tests/assertion-fact-layer.test.ts[2m > [22m[2mAssertion fact layer — literal types, versioning, FTS, consistency scan[2m > [22m[2mpasses consistency scan on a clean database[22m[39m
Migration applied: add_behavior_events_and_proactive_insights

[90mstdout[2m | tests/entity-resolution-policy.test.ts[2m > [22m[2mtype-specific entity resolution policy[2m > [22m[2mlimits embedding concurrency to four workers[22m[39m
Migration applied: add_core_memory_summary

[90mstdout[2m | tests/agent-loop-abort-dedup.test.ts[2m > [22m[2mTask 12: AgentLoop cycle-level AbortController[2m > [22m[2ma slow LLM-like promise is aborted and cannot create a notification[22m[39m
Migration applied: add_behavior_events_and_proactive_insights

[90mstdout[2m | tests/merge-redirect.test.ts[2m > [22m[2mTask 13: merge then revert restores every persisted surface[2m > [22m[2mround-trips metadata, relationships, assertions, FTS and vectors through a collision[22m[39m
Migration applied: extend_entity_merge_audit_with_redirect_summary

[90mstdout[2m | tests/agent-loop-abort-dedup.test.ts[2m > [22m[2mTask 12: AgentLoop cycle-level AbortController[2m > [22m[2ma slow LLM-like promise is aborted and cannot create a notification[22m[39m
Migration applied: add_assertion_literal_type_versioning_fts

[90mstdout[2m | tests/assertion-fact-layer.test.ts[2m > [22m[2mAssertion fact layer — literal types, versioning, FTS, consistency scan[2m > [22m[2mpasses consistency scan on a clean database[22m[39m
Migration applied: add_assertion_literal_type_versioning_fts

[90mstdout[2m | tests/entity-resolution-policy.test.ts[2m > [22m[2mtype-specific entity resolution policy[2m > [22m[2mlimits embedding concurrency to four workers[22m[39m
Migration applied: add_temporal_graph_fields

[90mstdout[2m | tests/merge-redirect.test.ts[2m > [22m[2mTask 13: merge then revert restores every persisted surface[2m > [22m[2mround-trips metadata, relationships, assertions, FTS and vectors through a collision[22m[39m
Migration applied: add_failed_tasks_and_ingestion_provenance

[90mstdout[2m | tests/agent-loop-abort-dedup.test.ts[2m > [22m[2mTask 12: AgentLoop cycle-level AbortController[2m > [22m[2ma slow LLM-like promise is aborted and cannot create a notification[22m[39m
Migration applied: extend_entity_merge_audit_with_redirect_summary

[90mstdout[2m | tests/entity-resolution-policy.test.ts[2m > [22m[2mtype-specific entity resolution policy[2m > [22m[2mlimits embedding concurrency to four workers[22m[39m
Migration applied: add_invalidation_reason_to_relationships

[90mstdout[2m | tests/entity-resolution-policy.test.ts[2m > [22m[2mtype-specific entity resolution policy[2m > [22m[2mlimits embedding concurrency to four workers[22m[39m
Migration applied: add_app_meta

[90mstdout[2m | tests/entity-resolution-policy.test.ts[2m > [22m[2mtype-specific entity resolution policy[2m > [22m[2mlimits embedding concurrency to four workers[22m[39m
Migration applied: add_discussions_table

[90mstdout[2m | tests/conflict-transactions.test.ts[2m > [22m[2massertion conflict transactions[2m > [22m[2mupgrades a persisted v17 database without losing relationships[22m[39m
Migration applied: add_core_memory_summary

[90mstdout[2m | tests/agent-loop-abort-dedup.test.ts[2m > [22m[2mTask 12: AgentLoop cycle-level AbortController[2m > [22m[2ma slow LLM-like promise is aborted and cannot create a notification[22m[39m
Migration applied: add_failed_tasks_and_ingestion_provenance

[90mstdout[2m | tests/entity-resolution-policy.test.ts[2m > [22m[2mtype-specific entity resolution policy[2m > [22m[2mlimits embedding concurrency to four workers[22m[39m
Migration applied: add_mcp_usage_log

[90mstdout[2m | tests/entity-resolution-policy.test.ts[2m > [22m[2mtype-specific entity resolution policy[2m > [22m[2mlimits embedding concurrency to four workers[22m[39m
Migration applied: add_scoped_device_tokens

[90mstdout[2m | tests/entity-resolution-policy.test.ts[2m > [22m[2mtype-specific entity resolution policy[2m > [22m[2mlimits embedding concurrency to four workers[22m[39m
Migration applied: enforce_domain_type_constraints

[90mstdout[2m | tests/assertion-fact-layer.test.ts[2m > [22m[2mAssertion fact layer — literal types, versioning, FTS, consistency scan[2m > [22m[2mpasses consistency scan on a clean database[22m[39m
Migration applied: extend_entity_merge_audit_with_redirect_summary

[90mstdout[2m | tests/entity-resolution-policy.test.ts[2m > [22m[2mtype-specific entity resolution policy[2m > [22m[2mlimits embedding concurrency to four workers[22m[39m
Migration applied: add_temporal_assertions

[90mstdout[2m | tests/entity-resolution-policy.test.ts[2m > [22m[2mtype-specific entity resolution policy[2m > [22m[2mlimits embedding concurrency to four workers[22m[39m
Migration applied: add_ingestion_documents_and_chunks

[90mstdout[2m | tests/entity-resolution-policy.test.ts[2m > [22m[2mtype-specific entity resolution policy[2m > [22m[2mlimits embedding concurrency to four workers[22m[39m
Migration applied: add_entity_resolution_review_queue

[90mstdout[2m | tests/entity-resolution-policy.test.ts[2m > [22m[2mtype-specific entity resolution policy[2m > [22m[2mlimits embedding concurrency to four workers[22m[39m
Migration applied: add_assertion_conflict_audit

[90mstdout[2m | tests/entity-resolution-policy.test.ts[2m > [22m[2mtype-specific entity resolution policy[2m > [22m[2mlimits embedding concurrency to four workers[22m[39m
Migration applied: add_incremental_relationship_decay

[90mstdout[2m | tests/entity-resolution-policy.test.ts[2m > [22m[2mtype-specific entity resolution policy[2m > [22m[2mlimits embedding concurrency to four workers[22m[39m
Migration applied: add_behavior_events_and_proactive_insights

[90mstdout[2m | tests/entity-resolution-policy.test.ts[2m > [22m[2mtype-specific entity resolution policy[2m > [22m[2mlimits embedding concurrency to four workers[22m[39m
Migration applied: add_assertion_literal_type_versioning_fts

[90mstdout[2m | tests/agent-loop-abort-dedup.test.ts[2m > [22m[2mTask 12: notification dedup guards[2m > [22m[2mhasRecentNotification returns false for a fresh DB[22m[39m
[Database] sqlite-vec 扩展加载成功 ✓

[90mstdout[2m | tests/agent-loop-abort-dedup.test.ts[2m > [22m[2mTask 12: notification dedup guards[2m > [22m[2mhasRecentNotification returns false for a fresh DB[22m[39m
Migration applied: unified_graph_schema_v2

[90mstdout[2m | tests/agent-loop-abort-dedup.test.ts[2m > [22m[2mTask 12: notification dedup guards[2m > [22m[2mhasRecentNotification returns false for a fresh DB[22m[39m
Migration applied: add_performance_indexes_v2

[90mstdout[2m | tests/agent-loop-abort-dedup.test.ts[2m > [22m[2mTask 12: notification dedup guards[2m > [22m[2mhasRecentNotification returns false for a fresh DB[22m[39m
Migration applied: add_memory_tables

[90mstdout[2m | tests/agent-loop-abort-dedup.test.ts[2m > [22m[2mTask 12: notification dedup guards[2m > [22m[2mhasRecentNotification returns false for a fresh DB[22m[39m
Migration applied: add_vec0_virtual_table

[90mstdout[2m | tests/agent-loop-abort-dedup.test.ts[2m > [22m[2mTask 12: notification dedup guards[2m > [22m[2mhasRecentNotification returns false for a fresh DB[22m[39m
Migration applied: add_fts5_fulltext_search

[90mstdout[2m | tests/agent-loop-abort-dedup.test.ts[2m > [22m[2mTask 12: notification dedup guards[2m > [22m[2mhasRecentNotification returns false for a fresh DB[22m[39m
Migration applied: add_notifications_table

[90mstdout[2m | tests/agent-loop-abort-dedup.test.ts[2m > [22m[2mTask 12: notification dedup guards[2m > [22m[2mhasRecentNotification returns false for a fresh DB[22m[39m
Migration applied: add_core_memory_summary

[90mstdout[2m | tests/agent-loop-abort-dedup.test.ts[2m > [22m[2mTask 12: notification dedup guards[2m > [22m[2mhasRecentNotification returns false for a fresh DB[22m[39m
Migration applied: add_temporal_graph_fields

[90mstdout[2m | tests/agent-loop-abort-dedup.test.ts[2m > [22m[2mTask 12: notification dedup guards[2m > [22m[2mhasRecentNotification returns false for a fresh DB[22m[39m
Migration applied: add_invalidation_reason_to_relationships

[90mstdout[2m | tests/agent-loop-abort-dedup.test.ts[2m > [22m[2mTask 12: notification dedup guards[2m > [22m[2mhasRecentNotification returns false for a fresh DB[22m[39m
Migration applied: add_app_meta

[90mstdout[2m | tests/agent-loop-abort-dedup.test.ts[2m > [22m[2mTask 12: notification dedup guards[2m > [22m[2mhasRecentNotification returns false for a fresh DB[22m[39m
Migration applied: add_discussions_table

[90mstdout[2m | tests/agent-loop-abort-dedup.test.ts[2m > [22m[2mTask 12: notification dedup guards[2m > [22m[2mhasRecentNotification returns false for a fresh DB[22m[39m
Migration applied: add_mcp_usage_log

[90mstdout[2m | tests/assertion-fact-layer.test.ts[2m > [22m[2mAssertion fact layer — literal types, versioning, FTS, consistency scan[2m > [22m[2mpasses consistency scan on a clean database[22m[39m
Migration applied: add_failed_tasks_and_ingestion_provenance

[90mstdout[2m | tests/conflict-transactions.test.ts[2m > [22m[2massertion conflict transactions[2m > [22m[2mupgrades a persisted v17 database without losing relationships[22m[39m
Migration applied: add_temporal_graph_fields

[90mstdout[2m | tests/merge-redirect.test.ts[2m > [22m[2mTask 11: rejectMerge flips status without redirects[2m > [22m[2mflips status to rejected and writes reviewed_at[22m[39m
[Database] sqlite-vec 扩展加载成功 ✓

[90mstdout[2m | tests/merge-redirect.test.ts[2m > [22m[2mTask 11: rejectMerge flips status without redirects[2m > [22m[2mflips status to rejected and writes reviewed_at[22m[39m
Migration applied: unified_graph_schema_v2

[90mstdout[2m | tests/merge-redirect.test.ts[2m > [22m[2mTask 11: rejectMerge flips status without redirects[2m > [22m[2mflips status to rejected and writes reviewed_at[22m[39m
Migration applied: add_performance_indexes_v2

[90mstdout[2m | tests/merge-redirect.test.ts[2m > [22m[2mTask 11: rejectMerge flips status without redirects[2m > [22m[2mflips status to rejected and writes reviewed_at[22m[39m
Migration applied: add_memory_tables

[90mstdout[2m | tests/merge-redirect.test.ts[2m > [22m[2mTask 11: rejectMerge flips status without redirects[2m > [22m[2mflips status to rejected and writes reviewed_at[22m[39m
Migration applied: add_vec0_virtual_table

[90mstdout[2m | tests/agent-loop-abort-dedup.test.ts[2m > [22m[2mTask 12: notification dedup guards[2m > [22m[2mhasRecentNotification returns false for a fresh DB[22m[39m
Migration applied: add_scoped_device_tokens

[90mstdout[2m | tests/incremental-decay.test.ts[2m > [22m[2mincremental relationship decay[2m > [22m[2mupgrades a persisted v18 database and initializes decay baselines[22m[39m
[Database] sqlite-vec 扩展加载成功 ✓

[90mstdout[2m | tests/merge-redirect.test.ts[2m > [22m[2mTask 11: rejectMerge flips status without redirects[2m > [22m[2mflips status to rejected and writes reviewed_at[22m[39m
Migration applied: add_fts5_fulltext_search

[90mstdout[2m | tests/merge-redirect.test.ts[2m > [22m[2mTask 11: rejectMerge flips status without redirects[2m > [22m[2mflips status to rejected and writes reviewed_at[22m[39m
Migration applied: add_notifications_table

[90mstdout[2m | tests/merge-redirect.test.ts[2m > [22m[2mTask 11: rejectMerge flips status without redirects[2m > [22m[2mflips status to rejected and writes reviewed_at[22m[39m
Migration applied: add_core_memory_summary

[90mstdout[2m | tests/merge-redirect.test.ts[2m > [22m[2mTask 11: rejectMerge flips status without redirects[2m > [22m[2mflips status to rejected and writes reviewed_at[22m[39m
Migration applied: add_temporal_graph_fields

[90mstdout[2m | tests/merge-redirect.test.ts[2m > [22m[2mTask 11: rejectMerge flips status without redirects[2m > [22m[2mflips status to rejected and writes reviewed_at[22m[39m
Migration applied: add_invalidation_reason_to_relationships

[90mstdout[2m | tests/merge-redirect.test.ts[2m > [22m[2mTask 11: rejectMerge flips status without redirects[2m > [22m[2mflips status to rejected and writes reviewed_at[22m[39m
Migration applied: add_app_meta

[90mstdout[2m | tests/merge-redirect.test.ts[2m > [22m[2mTask 11: rejectMerge flips status without redirects[2m > [22m[2mflips status to rejected and writes reviewed_at[22m[39m
Migration applied: add_discussions_table
Migration applied: add_mcp_usage_log
Migration applied: add_scoped_device_tokens

[90mstdout[2m | tests/entity-resolution-policy.test.ts[2m > [22m[2mtype-specific entity resolution policy[2m > [22m[2mlimits embedding concurrency to four workers[22m[39m
Migration applied: extend_entity_merge_audit_with_redirect_summary

[90mstdout[2m | tests/assertion-fact-layer.test.ts[2m > [22m[2mAssertion fact layer — literal types, versioning, FTS, consistency scan[2m > [22m[2mdetects orphaned FTS rows in consistency scan after manual FTS insertion[22m[39m
[Database] sqlite-vec 扩展加载成功 ✓

[90mstdout[2m | tests/conflict-transactions.test.ts[2m > [22m[2massertion conflict transactions[2m > [22m[2mupgrades a persisted v17 database without losing relationships[22m[39m
Migration applied: add_invalidation_reason_to_relationships

[90mstdout[2m | tests/agent-loop-abort-dedup.test.ts[2m > [22m[2mTask 12: notification dedup guards[2m > [22m[2mhasRecentNotification returns false for a fresh DB[22m[39m
Migration applied: enforce_domain_type_constraints

[90mstdout[2m | tests/assertion-fact-layer.test.ts[2m > [22m[2mAssertion fact layer — literal types, versioning, FTS, consistency scan[2m > [22m[2mdetects orphaned FTS rows in consistency scan after manual FTS insertion[22m[39m
Migration applied: unified_graph_schema_v2

[90mstdout[2m | tests/merge-redirect.test.ts[2m > [22m[2mTask 11: rejectMerge flips status without redirects[2m > [22m[2mflips status to rejected and writes reviewed_at[22m[39m
Migration applied: enforce_domain_type_constraints

[90mstdout[2m | tests/assertion-fact-layer.test.ts[2m > [22m[2mAssertion fact layer — literal types, versioning, FTS, consistency scan[2m > [22m[2mdetects orphaned FTS rows in consistency scan after manual FTS insertion[22m[39m
Migration applied: add_performance_indexes_v2

[90mstdout[2m | tests/merge-redirect.test.ts[2m > [22m[2mTask 11: rejectMerge flips status without redirects[2m > [22m[2mflips status to rejected and writes reviewed_at[22m[39m
Migration applied: add_temporal_assertions

[90mstdout[2m | tests/merge-redirect.test.ts[2m > [22m[2mTask 11: rejectMerge flips status without redirects[2m > [22m[2mflips status to rejected and writes reviewed_at[22m[39m
Migration applied: add_ingestion_documents_and_chunks

[90mstdout[2m | tests/merge-redirect.test.ts[2m > [22m[2mTask 11: rejectMerge flips status without redirects[2m > [22m[2mflips status to rejected and writes reviewed_at[22m[39m
Migration applied: add_entity_resolution_review_queue

[90mstdout[2m | tests/assertion-fact-layer.test.ts[2m > [22m[2mAssertion fact layer — literal types, versioning, FTS, consistency scan[2m > [22m[2mdetects orphaned FTS rows in consistency scan after manual FTS insertion[22m[39m
Migration applied: add_memory_tables

[90mstdout[2m | tests/merge-redirect.test.ts[2m > [22m[2mTask 11: rejectMerge flips status without redirects[2m > [22m[2mflips status to rejected and writes reviewed_at[22m[39m
Migration applied: add_assertion_conflict_audit

[90mstdout[2m | tests/assertion-fact-layer.test.ts[2m > [22m[2mAssertion fact layer — literal types, versioning, FTS, consistency scan[2m > [22m[2mdetects orphaned FTS rows in consistency scan after manual FTS insertion[22m[39m
Migration applied: add_vec0_virtual_table

[90mstdout[2m | tests/assertion-fact-layer.test.ts[2m > [22m[2mAssertion fact layer — literal types, versioning, FTS, consistency scan[2m > [22m[2mdetects orphaned FTS rows in consistency scan after manual FTS insertion[22m[39m
Migration applied: add_fts5_fulltext_search

[90mstdout[2m | tests/merge-redirect.test.ts[2m > [22m[2mTask 11: rejectMerge flips status without redirects[2m > [22m[2mflips status to rejected and writes reviewed_at[22m[39m
Migration applied: add_incremental_relationship_decay

[90mstdout[2m | tests/entity-resolution-policy.test.ts[2m > [22m[2mtype-specific entity resolution policy[2m > [22m[2mlimits embedding concurrency to four workers[22m[39m
Migration applied: add_failed_tasks_and_ingestion_provenance

[90mstdout[2m | tests/assertion-fact-layer.test.ts[2m > [22m[2mAssertion fact layer — literal types, versioning, FTS, consistency scan[2m > [22m[2mdetects orphaned FTS rows in consistency scan after manual FTS insertion[22m[39m
Migration applied: add_notifications_table

[90mstdout[2m | tests/conflict-transactions.test.ts[2m > [22m[2massertion conflict transactions[2m > [22m[2mupgrades a persisted v17 database without losing relationships[22m[39m
Migration applied: add_app_meta

[90mstdout[2m | tests/merge-redirect.test.ts[2m > [22m[2mTask 11: rejectMerge flips status without redirects[2m > [22m[2mflips status to rejected and writes reviewed_at[22m[39m
Migration applied: add_behavior_events_and_proactive_insights

[90mstdout[2m | tests/assertion-fact-layer.test.ts[2m > [22m[2mAssertion fact layer — literal types, versioning, FTS, consistency scan[2m > [22m[2mdetects orphaned FTS rows in consistency scan after manual FTS insertion[22m[39m
Migration applied: add_core_memory_summary

[90mstdout[2m | tests/agent-loop-abort-dedup.test.ts[2m > [22m[2mTask 12: notification dedup guards[2m > [22m[2mhasRecentNotification returns false for a fresh DB[22m[39m
Migration applied: add_temporal_assertions

[90mstdout[2m | tests/merge-redirect.test.ts[2m > [22m[2mTask 11: rejectMerge flips status without redirects[2m > [22m[2mflips status to rejected and writes reviewed_at[22m[39m
Migration applied: add_assertion_literal_type_versioning_fts

[90mstdout[2m | tests/merge-redirect.test.ts[2m > [22m[2mTask 11: rejectMerge flips status without redirects[2m > [22m[2mflips status to rejected and writes reviewed_at[22m[39m
Migration applied: extend_entity_merge_audit_with_redirect_summary

[90mstdout[2m | tests/assertion-fact-layer.test.ts[2m > [22m[2mAssertion fact layer — literal types, versioning, FTS, consistency scan[2m > [22m[2mdetects orphaned FTS rows in consistency scan after manual FTS insertion[22m[39m
Migration applied: add_temporal_graph_fields

[90mstdout[2m | tests/agent-loop-abort-dedup.test.ts[2m > [22m[2mTask 12: notification dedup guards[2m > [22m[2mhasRecentNotification returns false for a fresh DB[22m[39m
Migration applied: add_ingestion_documents_and_chunks

[90mstdout[2m | tests/conflict-transactions.test.ts[2m > [22m[2massertion conflict transactions[2m > [22m[2mupgrades a persisted v17 database without losing relationships[22m[39m
Migration applied: add_discussions_table

[90mstdout[2m | tests/merge-redirect.test.ts[2m > [22m[2mTask 11: rejectMerge flips status without redirects[2m > [22m[2mflips status to rejected and writes reviewed_at[22m[39m
Migration applied: add_failed_tasks_and_ingestion_provenance

[90mstdout[2m | tests/agent-loop-abort-dedup.test.ts[2m > [22m[2mTask 12: notification dedup guards[2m > [22m[2mhasRecentNotification returns false for a fresh DB[22m[39m
Migration applied: add_entity_resolution_review_queue

[90mstdout[2m | tests/merge-redirect.test.ts[2m > [22m[2mTask 11: rejectMerge flips status without redirects[2m > [22m[2mdoes not write an audit row[22m[39m
[Database] sqlite-vec 扩展加载成功 ✓

[90mstdout[2m | tests/merge-redirect.test.ts[2m > [22m[2mTask 11: rejectMerge flips status without redirects[2m > [22m[2mdoes not write an audit row[22m[39m
Migration applied: unified_graph_schema_v2

[90mstdout[2m | tests/merge-redirect.test.ts[2m > [22m[2mTask 11: rejectMerge flips status without redirects[2m > [22m[2mdoes not write an audit row[22m[39m
Migration applied: add_performance_indexes_v2

[90mstdout[2m | tests/assertion-fact-layer.test.ts[2m > [22m[2mAssertion fact layer — literal types, versioning, FTS, consistency scan[2m > [22m[2mdetects orphaned FTS rows in consistency scan after manual FTS insertion[22m[39m
Migration applied: add_invalidation_reason_to_relationships

[90mstdout[2m | tests/agent-loop-abort-dedup.test.ts[2m > [22m[2mTask 12: notification dedup guards[2m > [22m[2mhasRecentNotification returns false for a fresh DB[22m[39m
Migration applied: add_assertion_conflict_audit

[90mstdout[2m | tests/merge-redirect.test.ts[2m > [22m[2mTask 11: rejectMerge flips status without redirects[2m > [22m[2mdoes not write an audit row[22m[39m
Migration applied: add_memory_tables

[90mstdout[2m | tests/incremental-decay.test.ts[2m > [22m[2mincremental relationship decay[2m > [22m[2mupgrades a persisted v18 database and initializes decay baselines[22m[39m
Migration applied: add_incremental_relationship_decay

[90mstdout[2m | tests/merge-redirect.test.ts[2m > [22m[2mTask 11: rejectMerge flips status without redirects[2m > [22m[2mdoes not write an audit row[22m[39m
Migration applied: add_vec0_virtual_table

[90mstdout[2m | tests/merge-redirect.test.ts[2m > [22m[2mTask 11: rejectMerge flips status without redirects[2m > [22m[2mdoes not write an audit row[22m[39m
Migration applied: add_fts5_fulltext_search

[90mstdout[2m | tests/agent-loop-abort-dedup.test.ts[2m > [22m[2mTask 12: notification dedup guards[2m > [22m[2mhasRecentNotification returns false for a fresh DB[22m[39m
Migration applied: add_incremental_relationship_decay

[90mstdout[2m | tests/merge-redirect.test.ts[2m > [22m[2mTask 11: rejectMerge flips status without redirects[2m > [22m[2mdoes not write an audit row[22m[39m
Migration applied: add_notifications_table

[90mstdout[2m | tests/agent-loop-abort-dedup.test.ts[2m > [22m[2mTask 12: notification dedup guards[2m > [22m[2mhasRecentNotification returns false for a fresh DB[22m[39m
Migration applied: add_behavior_events_and_proactive_insights

[90mstdout[2m | tests/merge-redirect.test.ts[2m > [22m[2mTask 11: rejectMerge flips status without redirects[2m > [22m[2mdoes not write an audit row[22m[39m
Migration applied: add_core_memory_summary

[90mstdout[2m | tests/conflict-transactions.test.ts[2m > [22m[2massertion conflict transactions[2m > [22m[2mupgrades a persisted v17 database without losing relationships[22m[39m
Migration applied: add_mcp_usage_log

[90mstdout[2m | tests/merge-redirect.test.ts[2m > [22m[2mTask 11: rejectMerge flips status without redirects[2m > [22m[2mdoes not write an audit row[22m[39m
Migration applied: add_temporal_graph_fields

[90mstdout[2m | tests/assertion-fact-layer.test.ts[2m > [22m[2mAssertion fact layer — literal types, versioning, FTS, consistency scan[2m > [22m[2mdetects orphaned FTS rows in consistency scan after manual FTS insertion[22m[39m
Migration applied: add_app_meta

[90mstdout[2m | tests/merge-redirect.test.ts[2m > [22m[2mTask 11: rejectMerge flips status without redirects[2m > [22m[2mdoes not write an audit row[22m[39m
Migration applied: add_invalidation_reason_to_relationships
Migration applied: add_app_meta

[90mstdout[2m | tests/merge-redirect.test.ts[2m > [22m[2mTask 11: rejectMerge flips status without redirects[2m > [22m[2mdoes not write an audit row[22m[39m
Migration applied: add_discussions_table

[90mstdout[2m | tests/agent-loop-abort-dedup.test.ts[2m > [22m[2mTask 12: notification dedup guards[2m > [22m[2mhasRecentNotification returns false for a fresh DB[22m[39m
Migration applied: add_assertion_literal_type_versioning_fts

[90mstdout[2m | tests/merge-redirect.test.ts[2m > [22m[2mTask 11: rejectMerge flips status without redirects[2m > [22m[2mdoes not write an audit row[22m[39m
Migration applied: add_mcp_usage_log

[90mstdout[2m | tests/merge-redirect.test.ts[2m > [22m[2mTask 11: rejectMerge flips status without redirects[2m > [22m[2mdoes not write an audit row[22m[39m
Migration applied: add_scoped_device_tokens

 [32m✓[39m tests/incremental-decay.test.ts [2m ([22m[2m3 tests[22m[2m)[22m[33m 1579[2mms[22m[39m
[90mstdout[2m | tests/merge-redirect.test.ts[2m > [22m[2mTask 11: rejectMerge flips status without redirects[2m > [22m[2mdoes not write an audit row[22m[39m
Migration applied: enforce_domain_type_constraints

[90mstdout[2m | tests/merge-redirect.test.ts[2m > [22m[2mTask 11: rejectMerge flips status without redirects[2m > [22m[2mdoes not write an audit row[22m[39m
Migration applied: add_temporal_assertions

[90mstdout[2m | tests/merge-redirect.test.ts[2m > [22m[2mTask 11: rejectMerge flips status without redirects[2m > [22m[2mdoes not write an audit row[22m[39m
Migration applied: add_ingestion_documents_and_chunks

[90mstdout[2m | tests/conflict-transactions.test.ts[2m > [22m[2massertion conflict transactions[2m > [22m[2mupgrades a persisted v17 database without losing relationships[22m[39m
Migration applied: add_scoped_device_tokens

[90mstdout[2m | tests/agent-loop-abort-dedup.test.ts[2m > [22m[2mTask 12: notification dedup guards[2m > [22m[2mhasRecentNotification returns false for a fresh DB[22m[39m
Migration applied: extend_entity_merge_audit_with_redirect_summary

[90mstdout[2m | tests/merge-redirect.test.ts[2m > [22m[2mTask 11: rejectMerge flips status without redirects[2m > [22m[2mdoes not write an audit row[22m[39m
Migration applied: add_entity_resolution_review_queue

[90mstdout[2m | tests/entity-resolution-policy.test.ts[2m > [22m[2mtype-specific entity resolution policy[2m > [22m[2mlimits embedding concurrency to four workers[22m[39m
<empty line>
stderr | tests/entity-resolution-policy.test.ts > type-specific entity resolution policy > limits embedding concurrency to four workers
[sqlite-vec] vec_entities 维度已调整为 3（embedding 模型变更），向量索引已重建

[90mstdout[2m | tests/agent-loop-abort-dedup.test.ts[2m > [22m[2mTask 12: notification dedup guards[2m > [22m[2mhasRecentNotification returns false for a fresh DB[22m[39m
Migration applied: add_failed_tasks_and_ingestion_provenance

[90mstdout[2m | tests/agent-loop-abort-dedup.test.ts[2m > [22m[2mTask 12: notification dedup guards[2m > [22m[2mhasRecentNotification returns true after a matching notification is created[22m[39m
[Database] sqlite-vec 扩展加载成功 ✓

[90mstdout[2m | tests/merge-redirect.test.ts[2m > [22m[2mTask 11: rejectMerge flips status without redirects[2m > [22m[2mdoes not write an audit row[22m[39m
Migration applied: add_assertion_conflict_audit

[90mstdout[2m | tests/assertion-fact-layer.test.ts[2m > [22m[2mAssertion fact layer — literal types, versioning, FTS, consistency scan[2m > [22m[2mdetects orphaned FTS rows in consistency scan after manual FTS insertion[22m[39m
Migration applied: add_discussions_table

[90mstdout[2m | tests/assertion-fact-layer.test.ts[2m > [22m[2mAssertion fact layer — literal types, versioning, FTS, consistency scan[2m > [22m[2mdetects orphaned FTS rows in consistency scan after manual FTS insertion[22m[39m
Migration applied: add_mcp_usage_log

[90mstdout[2m | tests/agent-loop-abort-dedup.test.ts[2m > [22m[2mTask 12: notification dedup guards[2m > [22m[2mhasRecentNotification returns true after a matching notification is created[22m[39m
Migration applied: unified_graph_schema_v2

[90mstdout[2m | tests/merge-redirect.test.ts[2m > [22m[2mTask 11: rejectMerge flips status without redirects[2m > [22m[2mdoes not write an audit row[22m[39m
Migration applied: add_incremental_relationship_decay

[90mstdout[2m | tests/agent-loop-abort-dedup.test.ts[2m > [22m[2mTask 12: notification dedup guards[2m > [22m[2mhasRecentNotification returns true after a matching notification is created[22m[39m
Migration applied: add_performance_indexes_v2

[90mstdout[2m | tests/agent-loop-abort-dedup.test.ts[2m > [22m[2mTask 12: notification dedup guards[2m > [22m[2mhasRecentNotification returns true after a matching notification is created[22m[39m
Migration applied: add_memory_tables

[90mstdout[2m | tests/merge-redirect.test.ts[2m > [22m[2mTask 11: rejectMerge flips status without redirects[2m > [22m[2mdoes not write an audit row[22m[39m
Migration applied: add_behavior_events_and_proactive_insights

[90mstdout[2m | tests/conflict-transactions.test.ts[2m > [22m[2massertion conflict transactions[2m > [22m[2mupgrades a persisted v17 database without losing relationships[22m[39m
Migration applied: enforce_domain_type_constraints

[90mstdout[2m | tests/agent-loop-abort-dedup.test.ts[2m > [22m[2mTask 12: notification dedup guards[2m > [22m[2mhasRecentNotification returns true after a matching notification is created[22m[39m
Migration applied: add_vec0_virtual_table

[90mstdout[2m | tests/merge-redirect.test.ts[2m > [22m[2mTask 11: rejectMerge flips status without redirects[2m > [22m[2mdoes not write an audit row[22m[39m
Migration applied: add_assertion_literal_type_versioning_fts

[90mstdout[2m | tests/agent-loop-abort-dedup.test.ts[2m > [22m[2mTask 12: notification dedup guards[2m > [22m[2mhasRecentNotification returns true after a matching notification is created[22m[39m
Migration applied: add_fts5_fulltext_search

[90mstdout[2m | tests/agent-loop-abort-dedup.test.ts[2m > [22m[2mTask 12: notification dedup guards[2m > [22m[2mhasRecentNotification returns true after a matching notification is created[22m[39m
Migration applied: add_notifications_table

[90mstdout[2m | tests/agent-loop-abort-dedup.test.ts[2m > [22m[2mTask 12: notification dedup guards[2m > [22m[2mhasRecentNotification returns true after a matching notification is created[22m[39m
Migration applied: add_core_memory_summary

[90mstdout[2m | tests/agent-loop-abort-dedup.test.ts[2m > [22m[2mTask 12: notification dedup guards[2m > [22m[2mhasRecentNotification returns true after a matching notification is created[22m[39m
Migration applied: add_temporal_graph_fields

[90mstdout[2m | tests/agent-loop-abort-dedup.test.ts[2m > [22m[2mTask 12: notification dedup guards[2m > [22m[2mhasRecentNotification returns true after a matching notification is created[22m[39m
Migration applied: add_invalidation_reason_to_relationships

[90mstdout[2m | tests/agent-loop-abort-dedup.test.ts[2m > [22m[2mTask 12: notification dedup guards[2m > [22m[2mhasRecentNotification returns true after a matching notification is created[22m[39m
Migration applied: add_app_meta

[90mstdout[2m | tests/agent-loop-abort-dedup.test.ts[2m > [22m[2mTask 12: notification dedup guards[2m > [22m[2mhasRecentNotification returns true after a matching notification is created[22m[39m
Migration applied: add_discussions_table

[90mstdout[2m | tests/agent-loop-abort-dedup.test.ts[2m > [22m[2mTask 12: notification dedup guards[2m > [22m[2mhasRecentNotification returns true after a matching notification is created[22m[39m
Migration applied: add_mcp_usage_log

[90mstdout[2m | tests/assertion-fact-layer.test.ts[2m > [22m[2mAssertion fact layer — literal types, versioning, FTS, consistency scan[2m > [22m[2mdetects orphaned FTS rows in consistency scan after manual FTS insertion[22m[39m
Migration applied: add_scoped_device_tokens

[90mstdout[2m | tests/agent-loop-abort-dedup.test.ts[2m > [22m[2mTask 12: notification dedup guards[2m > [22m[2mhasRecentNotification returns true after a matching notification is created[22m[39m
Migration applied: add_scoped_device_tokens

[90mstdout[2m | tests/merge-redirect.test.ts[2m > [22m[2mTask 11: rejectMerge flips status without redirects[2m > [22m[2mdoes not write an audit row[22m[39m
Migration applied: extend_entity_merge_audit_with_redirect_summary

[90mstdout[2m | tests/merge-redirect.test.ts[2m > [22m[2mTask 11: rejectMerge flips status without redirects[2m > [22m[2mdoes not write an audit row[22m[39m
Migration applied: add_failed_tasks_and_ingestion_provenance

[90mstdout[2m | tests/conflict-transactions.test.ts[2m > [22m[2massertion conflict transactions[2m > [22m[2mupgrades a persisted v17 database without losing relationships[22m[39m
Migration applied: add_temporal_assertions

[90mstdout[2m | tests/agent-loop-abort-dedup.test.ts[2m > [22m[2mTask 12: notification dedup guards[2m > [22m[2mhasRecentNotification returns true after a matching notification is created[22m[39m
Migration applied: enforce_domain_type_constraints

[90mstdout[2m | tests/merge-redirect.test.ts[2m > [22m[2mTask 11: rejectMerge flips status without redirects[2m > [22m[2mdoes not redirect any relationships or assertions[22m[39m
[Database] sqlite-vec 扩展加载成功 ✓

[90mstdout[2m | tests/merge-redirect.test.ts[2m > [22m[2mTask 11: rejectMerge flips status without redirects[2m > [22m[2mdoes not redirect any relationships or assertions[22m[39m
Migration applied: unified_graph_schema_v2

[90mstdout[2m | tests/merge-redirect.test.ts[2m > [22m[2mTask 11: rejectMerge flips status without redirects[2m > [22m[2mdoes not redirect any relationships or assertions[22m[39m
Migration applied: add_performance_indexes_v2

[90mstdout[2m | tests/merge-redirect.test.ts[2m > [22m[2mTask 11: rejectMerge flips status without redirects[2m > [22m[2mdoes not redirect any relationships or assertions[22m[39m
Migration applied: add_memory_tables

[90mstdout[2m | tests/merge-redirect.test.ts[2m > [22m[2mTask 11: rejectMerge flips status without redirects[2m > [22m[2mdoes not redirect any relationships or assertions[22m[39m
Migration applied: add_vec0_virtual_table

[90mstdout[2m | tests/merge-redirect.test.ts[2m > [22m[2mTask 11: rejectMerge flips status without redirects[2m > [22m[2mdoes not redirect any relationships or assertions[22m[39m
Migration applied: add_fts5_fulltext_search

[90mstdout[2m | tests/assertion-fact-layer.test.ts[2m > [22m[2mAssertion fact layer — literal types, versioning, FTS, consistency scan[2m > [22m[2mdetects orphaned FTS rows in consistency scan after manual FTS insertion[22m[39m
Migration applied: enforce_domain_type_constraints

[90mstdout[2m | tests/entity-resolution-policy.test.ts[2m > [22m[2mtype-specific entity resolution policy[2m > [22m[2mupgrades a persisted v16 database with review and audit tables[22m[39m
[Database] sqlite-vec 扩展加载成功 ✓

[90mstdout[2m | tests/merge-redirect.test.ts[2m > [22m[2mTask 11: rejectMerge flips status without redirects[2m > [22m[2mdoes not redirect any relationships or assertions[22m[39m
Migration applied: add_notifications_table

[90mstdout[2m | tests/merge-redirect.test.ts[2m > [22m[2mTask 11: rejectMerge flips status without redirects[2m > [22m[2mdoes not redirect any relationships or assertions[22m[39m
Migration applied: add_core_memory_summary

[90mstdout[2m | tests/merge-redirect.test.ts[2m > [22m[2mTask 11: rejectMerge flips status without redirects[2m > [22m[2mdoes not redirect any relationships or assertions[22m[39m
Migration applied: add_temporal_graph_fields

[90mstdout[2m | tests/merge-redirect.test.ts[2m > [22m[2mTask 11: rejectMerge flips status without redirects[2m > [22m[2mdoes not redirect any relationships or assertions[22m[39m
Migration applied: add_invalidation_reason_to_relationships

[90mstdout[2m | tests/assertion-fact-layer.test.ts[2m > [22m[2mAssertion fact layer — literal types, versioning, FTS, consistency scan[2m > [22m[2mdetects orphaned FTS rows in consistency scan after manual FTS insertion[22m[39m
Migration applied: add_temporal_assertions

[90mstdout[2m | tests/agent-loop-abort-dedup.test.ts[2m > [22m[2mTask 12: notification dedup guards[2m > [22m[2mhasRecentNotification returns true after a matching notification is created[22m[39m
Migration applied: add_temporal_assertions

[90mstdout[2m | tests/merge-redirect.test.ts[2m > [22m[2mTask 11: rejectMerge flips status without redirects[2m > [22m[2mdoes not redirect any relationships or assertions[22m[39m
Migration applied: add_app_meta

[90mstdout[2m | tests/merge-redirect.test.ts[2m > [22m[2mTask 11: rejectMerge flips status without redirects[2m > [22m[2mdoes not redirect any relationships or assertions[22m[39m
Migration applied: add_discussions_table

[90mstdout[2m | tests/assertion-fact-layer.test.ts[2m > [22m[2mAssertion fact layer — literal types, versioning, FTS, consistency scan[2m > [22m[2mdetects orphaned FTS rows in consistency scan after manual FTS insertion[22m[39m
Migration applied: add_ingestion_documents_and_chunks

[90mstdout[2m | tests/merge-redirect.test.ts[2m > [22m[2mTask 11: rejectMerge flips status without redirects[2m > [22m[2mdoes not redirect any relationships or assertions[22m[39m
Migration applied: add_mcp_usage_log

[90mstdout[2m | tests/merge-redirect.test.ts[2m > [22m[2mTask 11: rejectMerge flips status without redirects[2m > [22m[2mdoes not redirect any relationships or assertions[22m[39m
Migration applied: add_scoped_device_tokens

[90mstdout[2m | tests/agent-loop-abort-dedup.test.ts[2m > [22m[2mTask 12: notification dedup guards[2m > [22m[2mhasRecentNotification returns true after a matching notification is created[22m[39m
Migration applied: add_ingestion_documents_and_chunks

[90mstdout[2m | tests/assertion-fact-layer.test.ts[2m > [22m[2mAssertion fact layer — literal types, versioning, FTS, consistency scan[2m > [22m[2mdetects orphaned FTS rows in consistency scan after manual FTS insertion[22m[39m
Migration applied: add_entity_resolution_review_queue

[90mstdout[2m | tests/assertion-fact-layer.test.ts[2m > [22m[2mAssertion fact layer — literal types, versioning, FTS, consistency scan[2m > [22m[2mdetects orphaned FTS rows in consistency scan after manual FTS insertion[22m[39m
Migration applied: add_assertion_conflict_audit

[90mstdout[2m | tests/merge-redirect.test.ts[2m > [22m[2mTask 11: rejectMerge flips status without redirects[2m > [22m[2mdoes not redirect any relationships or assertions[22m[39m
Migration applied: enforce_domain_type_constraints

[90mstdout[2m | tests/conflict-transactions.test.ts[2m > [22m[2massertion conflict transactions[2m > [22m[2mupgrades a persisted v17 database without losing relationships[22m[39m
Migration applied: add_ingestion_documents_and_chunks

[90mstdout[2m | tests/merge-redirect.test.ts[2m > [22m[2mTask 11: rejectMerge flips status without redirects[2m > [22m[2mdoes not redirect any relationships or assertions[22m[39m
Migration applied: add_temporal_assertions

[90mstdout[2m | tests/merge-redirect.test.ts[2m > [22m[2mTask 11: rejectMerge flips status without redirects[2m > [22m[2mdoes not redirect any relationships or assertions[22m[39m
Migration applied: add_ingestion_documents_and_chunks

[90mstdout[2m | tests/assertion-fact-layer.test.ts[2m > [22m[2mAssertion fact layer — literal types, versioning, FTS, consistency scan[2m > [22m[2mdetects orphaned FTS rows in consistency scan after manual FTS insertion[22m[39m
Migration applied: add_incremental_relationship_decay

[90mstdout[2m | tests/merge-redirect.test.ts[2m > [22m[2mTask 11: rejectMerge flips status without redirects[2m > [22m[2mdoes not redirect any relationships or assertions[22m[39m
Migration applied: add_entity_resolution_review_queue

[90mstdout[2m | tests/assertion-fact-layer.test.ts[2m > [22m[2mAssertion fact layer — literal types, versioning, FTS, consistency scan[2m > [22m[2mdetects orphaned FTS rows in consistency scan after manual FTS insertion[22m[39m
Migration applied: add_behavior_events_and_proactive_insights

[90mstdout[2m | tests/merge-redirect.test.ts[2m > [22m[2mTask 11: rejectMerge flips status without redirects[2m > [22m[2mdoes not redirect any relationships or assertions[22m[39m
Migration applied: add_assertion_conflict_audit

[90mstdout[2m | tests/merge-redirect.test.ts[2m > [22m[2mTask 11: rejectMerge flips status without redirects[2m > [22m[2mdoes not redirect any relationships or assertions[22m[39m
Migration applied: add_incremental_relationship_decay

[90mstdout[2m | tests/agent-loop-abort-dedup.test.ts[2m > [22m[2mTask 12: notification dedup guards[2m > [22m[2mhasRecentNotification returns true after a matching notification is created[22m[39m
Migration applied: add_entity_resolution_review_queue

[90mstdout[2m | tests/merge-redirect.test.ts[2m > [22m[2mTask 11: rejectMerge flips status without redirects[2m > [22m[2mdoes not redirect any relationships or assertions[22m[39m
Migration applied: add_behavior_events_and_proactive_insights

[90mstdout[2m | tests/assertion-fact-layer.test.ts[2m > [22m[2mAssertion fact layer — literal types, versioning, FTS, consistency scan[2m > [22m[2mdetects orphaned FTS rows in consistency scan after manual FTS insertion[22m[39m
Migration applied: add_assertion_literal_type_versioning_fts

[90mstdout[2m | tests/merge-redirect.test.ts[2m > [22m[2mTask 11: rejectMerge flips status without redirects[2m > [22m[2mdoes not redirect any relationships or assertions[22m[39m
Migration applied: add_assertion_literal_type_versioning_fts

[90mstdout[2m | tests/merge-redirect.test.ts[2m > [22m[2mTask 11: rejectMerge flips status without redirects[2m > [22m[2mdoes not redirect any relationships or assertions[22m[39m
Migration applied: extend_entity_merge_audit_with_redirect_summary

[90mstdout[2m | tests/merge-redirect.test.ts[2m > [22m[2mTask 11: rejectMerge flips status without redirects[2m > [22m[2mdoes not redirect any relationships or assertions[22m[39m
Migration applied: add_failed_tasks_and_ingestion_provenance

[90mstdout[2m | tests/merge-redirect.test.ts[2m > [22m[2mTask 11: rejectMerge flips status without redirects[2m > [22m[2mthrows when rejecting an already-processed candidate[22m[39m
[Database] sqlite-vec 扩展加载成功 ✓

[90mstdout[2m | tests/entity-resolution-policy.test.ts[2m > [22m[2mtype-specific entity resolution policy[2m > [22m[2mupgrades a persisted v16 database with review and audit tables[22m[39m
Migration applied: unified_graph_schema_v2

[90mstdout[2m | tests/merge-redirect.test.ts[2m > [22m[2mTask 11: rejectMerge flips status without redirects[2m > [22m[2mthrows when rejecting an already-processed candidate[22m[39m
Migration applied: unified_graph_schema_v2

[90mstdout[2m | tests/merge-redirect.test.ts[2m > [22m[2mTask 11: rejectMerge flips status without redirects[2m > [22m[2mthrows when rejecting an already-processed candidate[22m[39m
Migration applied: add_performance_indexes_v2

[90mstdout[2m | tests/merge-redirect.test.ts[2m > [22m[2mTask 11: rejectMerge flips status without redirects[2m > [22m[2mthrows when rejecting an already-processed candidate[22m[39m
Migration applied: add_memory_tables

 [32m✓[39m tests/llm-extraction-validation.test.ts [2m ([22m[2m5 tests[22m[2m)[22m[90m 26[2mms[22m[39m
[90mstdout[2m | tests/merge-redirect.test.ts[2m > [22m[2mTask 11: rejectMerge flips status without redirects[2m > [22m[2mthrows when rejecting an already-processed candidate[22m[39m
Migration applied: add_vec0_virtual_table

[90mstdout[2m | tests/assertion-fact-layer.test.ts[2m > [22m[2mAssertion fact layer — literal types, versioning, FTS, consistency scan[2m > [22m[2mdetects orphaned FTS rows in consistency scan after manual FTS insertion[22m[39m
Migration applied: extend_entity_merge_audit_with_redirect_summary

[90mstdout[2m | tests/conflict-transactions.test.ts[2m > [22m[2massertion conflict transactions[2m > [22m[2mupgrades a persisted v17 database without losing relationships[22m[39m
Migration applied: add_entity_resolution_review_queue

[90mstdout[2m | tests/merge-redirect.test.ts[2m > [22m[2mTask 11: rejectMerge flips status without redirects[2m > [22m[2mthrows when rejecting an already-processed candidate[22m[39m
Migration applied: add_fts5_fulltext_search

[90mstdout[2m | tests/agent-loop-abort-dedup.test.ts[2m > [22m[2mTask 12: notification dedup guards[2m > [22m[2mhasRecentNotification returns true after a matching notification is created[22m[39m
Migration applied: add_assertion_conflict_audit

[90mstdout[2m | tests/merge-redirect.test.ts[2m > [22m[2mTask 11: rejectMerge flips status without redirects[2m > [22m[2mthrows when rejecting an already-processed candidate[22m[39m
Migration applied: add_notifications_table

[90mstdout[2m | tests/merge-redirect.test.ts[2m > [22m[2mTask 11: rejectMerge flips status without redirects[2m > [22m[2mthrows when rejecting an already-processed candidate[22m[39m
Migration applied: add_core_memory_summary

[90mstdout[2m | tests/merge-redirect.test.ts[2m > [22m[2mTask 11: rejectMerge flips status without redirects[2m > [22m[2mthrows when rejecting an already-processed candidate[22m[39m
Migration applied: add_temporal_graph_fields

[90mstdout[2m | tests/entity-resolution-policy.test.ts[2m > [22m[2mtype-specific entity resolution policy[2m > [22m[2mupgrades a persisted v16 database with review and audit tables[22m[39m
Migration applied: add_performance_indexes_v2

[90mstdout[2m | tests/assertion-fact-layer.test.ts[2m > [22m[2mAssertion fact layer — literal types, versioning, FTS, consistency scan[2m > [22m[2mdetects orphaned FTS rows in consistency scan after manual FTS insertion[22m[39m
Migration applied: add_failed_tasks_and_ingestion_provenance

[90mstdout[2m | tests/agent-loop-abort-dedup.test.ts[2m > [22m[2mTask 12: notification dedup guards[2m > [22m[2mhasRecentNotification returns true after a matching notification is created[22m[39m
Migration applied: add_incremental_relationship_decay

[90mstdout[2m | tests/merge-redirect.test.ts[2m > [22m[2mTask 11: rejectMerge flips status without redirects[2m > [22m[2mthrows when rejecting an already-processed candidate[22m[39m
Migration applied: add_invalidation_reason_to_relationships

[90mstdout[2m | tests/merge-redirect.test.ts[2m > [22m[2mTask 11: rejectMerge flips status without redirects[2m > [22m[2mthrows when rejecting an already-processed candidate[22m[39m
Migration applied: add_app_meta

[90mstdout[2m | tests/merge-redirect.test.ts[2m > [22m[2mTask 11: rejectMerge flips status without redirects[2m > [22m[2mthrows when rejecting an already-processed candidate[22m[39m
Migration applied: add_discussions_table

[90mstdout[2m | tests/merge-redirect.test.ts[2m > [22m[2mTask 11: rejectMerge flips status without redirects[2m > [22m[2mthrows when rejecting an already-processed candidate[22m[39m
Migration applied: add_mcp_usage_log

[90mstdout[2m | tests/merge-redirect.test.ts[2m > [22m[2mTask 11: rejectMerge flips status without redirects[2m > [22m[2mthrows when rejecting an already-processed candidate[22m[39m
Migration applied: add_scoped_device_tokens

[90mstdout[2m | tests/agent-loop-abort-dedup.test.ts[2m > [22m[2mTask 12: notification dedup guards[2m > [22m[2mhasRecentNotification returns true after a matching notification is created[22m[39m
Migration applied: add_behavior_events_and_proactive_insights

[90mstdout[2m | tests/assertion-fact-layer.test.ts[2m > [22m[2mAssertion fact layer — literal types, versioning, FTS, consistency scan[2m > [22m[2msupports version numbers and previous_version_id for assertion versioning[22m[39m
[Database] sqlite-vec 扩展加载成功 ✓

[90mstdout[2m | tests/merge-redirect.test.ts[2m > [22m[2mTask 11: rejectMerge flips status without redirects[2m > [22m[2mthrows when rejecting an already-processed candidate[22m[39m
Migration applied: enforce_domain_type_constraints

[90mstdout[2m | tests/merge-redirect.test.ts[2m > [22m[2mTask 11: rejectMerge flips status without redirects[2m > [22m[2mthrows when rejecting an already-processed candidate[22m[39m
Migration applied: add_temporal_assertions

[90mstdout[2m | tests/merge-redirect.test.ts[2m > [22m[2mTask 11: rejectMerge flips status without redirects[2m > [22m[2mthrows when rejecting an already-processed candidate[22m[39m
Migration applied: add_ingestion_documents_and_chunks

[90mstdout[2m | tests/conflict-transactions.test.ts[2m > [22m[2massertion conflict transactions[2m > [22m[2mupgrades a persisted v17 database without losing relationships[22m[39m
Migration applied: add_assertion_conflict_audit

[90mstdout[2m | tests/merge-redirect.test.ts[2m > [22m[2mTask 11: rejectMerge flips status without redirects[2m > [22m[2mthrows when rejecting an already-processed candidate[22m[39m
Migration applied: add_entity_resolution_review_queue

[90mstdout[2m | tests/merge-redirect.test.ts[2m > [22m[2mTask 11: rejectMerge flips status without redirects[2m > [22m[2mthrows when rejecting an already-processed candidate[22m[39m
Migration applied: add_assertion_conflict_audit

[90mstdout[2m | tests/agent-loop-abort-dedup.test.ts[2m > [22m[2mTask 12: notification dedup guards[2m > [22m[2mhasRecentNotification returns true after a matching notification is created[22m[39m
Migration applied: add_assertion_literal_type_versioning_fts

[90mstdout[2m | tests/merge-redirect.test.ts[2m > [22m[2mTask 11: rejectMerge flips status without redirects[2m > [22m[2mthrows when rejecting an already-processed candidate[22m[39m
Migration applied: add_incremental_relationship_decay

[90mstdout[2m | tests/merge-redirect.test.ts[2m > [22m[2mTask 11: rejectMerge flips status without redirects[2m > [22m[2mthrows when rejecting an already-processed candidate[22m[39m
Migration applied: add_behavior_events_and_proactive_insights

[90mstdout[2m | tests/merge-redirect.test.ts[2m > [22m[2mTask 11: rejectMerge flips status without redirects[2m > [22m[2mthrows when rejecting an already-processed candidate[22m[39m
Migration applied: add_assertion_literal_type_versioning_fts

[90mstdout[2m | tests/assertion-fact-layer.test.ts[2m > [22m[2mAssertion fact layer — literal types, versioning, FTS, consistency scan[2m > [22m[2msupports version numbers and previous_version_id for assertion versioning[22m[39m
Migration applied: unified_graph_schema_v2

[90mstdout[2m | tests/agent-loop-abort-dedup.test.ts[2m > [22m[2mTask 12: notification dedup guards[2m > [22m[2mhasRecentNotification returns true after a matching notification is created[22m[39m
Migration applied: extend_entity_merge_audit_with_redirect_summary

[90mstdout[2m | tests/assertion-fact-layer.test.ts[2m > [22m[2mAssertion fact layer — literal types, versioning, FTS, consistency scan[2m > [22m[2msupports version numbers and previous_version_id for assertion versioning[22m[39m
Migration applied: add_performance_indexes_v2

[90mstdout[2m | tests/merge-redirect.test.ts[2m > [22m[2mTask 11: rejectMerge flips status without redirects[2m > [22m[2mthrows when rejecting an already-processed candidate[22m[39m
Migration applied: extend_entity_merge_audit_with_redirect_summary

[90mstdout[2m | tests/merge-redirect.test.ts[2m > [22m[2mTask 11: rejectMerge flips status without redirects[2m > [22m[2mthrows when rejecting an already-processed candidate[22m[39m
Migration applied: add_failed_tasks_and_ingestion_provenance

[90mstdout[2m | tests/agent-loop-abort-dedup.test.ts[2m > [22m[2mTask 12: notification dedup guards[2m > [22m[2mhasRecentNotification returns true after a matching notification is created[22m[39m
Migration applied: add_failed_tasks_and_ingestion_provenance

[90mstdout[2m | tests/assertion-fact-layer.test.ts[2m > [22m[2mAssertion fact layer — literal types, versioning, FTS, consistency scan[2m > [22m[2msupports version numbers and previous_version_id for assertion versioning[22m[39m
Migration applied: add_memory_tables

[90mstdout[2m | tests/assertion-fact-layer.test.ts[2m > [22m[2mAssertion fact layer — literal types, versioning, FTS, consistency scan[2m > [22m[2msupports version numbers and previous_version_id for assertion versioning[22m[39m
Migration applied: add_vec0_virtual_table

[90mstdout[2m | tests/assertion-fact-layer.test.ts[2m > [22m[2mAssertion fact layer — literal types, versioning, FTS, consistency scan[2m > [22m[2msupports version numbers and previous_version_id for assertion versioning[22m[39m
Migration applied: add_fts5_fulltext_search

[90mstdout[2m | tests/assertion-fact-layer.test.ts[2m > [22m[2mAssertion fact layer — literal types, versioning, FTS, consistency scan[2m > [22m[2msupports version numbers and previous_version_id for assertion versioning[22m[39m
Migration applied: add_notifications_table

[90mstdout[2m | tests/assertion-fact-layer.test.ts[2m > [22m[2mAssertion fact layer — literal types, versioning, FTS, consistency scan[2m > [22m[2msupports version numbers and previous_version_id for assertion versioning[22m[39m
Migration applied: add_core_memory_summary

[90mstdout[2m | tests/assertion-fact-layer.test.ts[2m > [22m[2mAssertion fact layer — literal types, versioning, FTS, consistency scan[2m > [22m[2msupports version numbers and previous_version_id for assertion versioning[22m[39m
Migration applied: add_temporal_graph_fields

[90mstdout[2m | tests/agent-loop-abort-dedup.test.ts[2m > [22m[2mTask 12: notification dedup guards[2m > [22m[2mhasRecentNotification does prefix matching on title[22m[39m
[Database] sqlite-vec 扩展加载成功 ✓

[90mstdout[2m | tests/assertion-fact-layer.test.ts[2m > [22m[2mAssertion fact layer — literal types, versioning, FTS, consistency scan[2m > [22m[2msupports version numbers and previous_version_id for assertion versioning[22m[39m
Migration applied: add_invalidation_reason_to_relationships

[90mstdout[2m | tests/agent-loop-abort-dedup.test.ts[2m > [22m[2mTask 12: notification dedup guards[2m > [22m[2mhasRecentNotification does prefix matching on title[22m[39m
Migration applied: unified_graph_schema_v2

[90mstdout[2m | tests/assertion-fact-layer.test.ts[2m > [22m[2mAssertion fact layer — literal types, versioning, FTS, consistency scan[2m > [22m[2msupports version numbers and previous_version_id for assertion versioning[22m[39m
Migration applied: add_app_meta

[90mstdout[2m | tests/entity-resolution-policy.test.ts[2m > [22m[2mtype-specific entity resolution policy[2m > [22m[2mupgrades a persisted v16 database with review and audit tables[22m[39m
Migration applied: add_memory_tables

[90mstdout[2m | tests/agent-loop-abort-dedup.test.ts[2m > [22m[2mTask 12: notification dedup guards[2m > [22m[2mhasRecentNotification does prefix matching on title[22m[39m
Migration applied: add_performance_indexes_v2

[90mstdout[2m | tests/assertion-fact-layer.test.ts[2m > [22m[2mAssertion fact layer — literal types, versioning, FTS, consistency scan[2m > [22m[2msupports version numbers and previous_version_id for assertion versioning[22m[39m
Migration applied: add_discussions_table

[90mstdout[2m | tests/conflict-transactions.test.ts[2m > [22m[2massertion conflict transactions[2m > [22m[2mupgrades a persisted v17 database without losing relationships[22m[39m
Migration applied: add_incremental_relationship_decay

[90mstdout[2m | tests/agent-loop-abort-dedup.test.ts[2m > [22m[2mTask 12: notification dedup guards[2m > [22m[2mhasRecentNotification does prefix matching on title[22m[39m
Migration applied: add_memory_tables

[90mstdout[2m | tests/agent-loop-abort-dedup.test.ts[2m > [22m[2mTask 12: notification dedup guards[2m > [22m[2mhasRecentNotification does prefix matching on title[22m[39m
Migration applied: add_vec0_virtual_table

[90mstdout[2m | tests/agent-loop-abort-dedup.test.ts[2m > [22m[2mTask 12: notification dedup guards[2m > [22m[2mhasRecentNotification does prefix matching on title[22m[39m
Migration applied: add_fts5_fulltext_search

[90mstdout[2m | tests/agent-loop-abort-dedup.test.ts[2m > [22m[2mTask 12: notification dedup guards[2m > [22m[2mhasRecentNotification does prefix matching on title[22m[39m
Migration applied: add_notifications_table

[90mstdout[2m | tests/agent-loop-abort-dedup.test.ts[2m > [22m[2mTask 12: notification dedup guards[2m > [22m[2mhasRecentNotification does prefix matching on title[22m[39m
Migration applied: add_core_memory_summary

[90mstdout[2m | tests/agent-loop-abort-dedup.test.ts[2m > [22m[2mTask 12: notification dedup guards[2m > [22m[2mhasRecentNotification does prefix matching on title[22m[39m
Migration applied: add_temporal_graph_fields

[90mstdout[2m | tests/agent-loop-abort-dedup.test.ts[2m > [22m[2mTask 12: notification dedup guards[2m > [22m[2mhasRecentNotification does prefix matching on title[22m[39m
Migration applied: add_invalidation_reason_to_relationships

[90mstdout[2m | tests/agent-loop-abort-dedup.test.ts[2m > [22m[2mTask 12: notification dedup guards[2m > [22m[2mhasRecentNotification does prefix matching on title[22m[39m
Migration applied: add_app_meta

[90mstdout[2m | tests/agent-loop-abort-dedup.test.ts[2m > [22m[2mTask 12: notification dedup guards[2m > [22m[2mhasRecentNotification does prefix matching on title[22m[39m
Migration applied: add_discussions_table

[90mstdout[2m | tests/agent-loop-abort-dedup.test.ts[2m > [22m[2mTask 12: notification dedup guards[2m > [22m[2mhasRecentNotification does prefix matching on title[22m[39m
Migration applied: add_mcp_usage_log

[90mstdout[2m | tests/entity-resolution-policy.test.ts[2m > [22m[2mtype-specific entity resolution policy[2m > [22m[2mupgrades a persisted v16 database with review and audit tables[22m[39m
Migration applied: add_vec0_virtual_table

[90mstdout[2m | tests/agent-loop-abort-dedup.test.ts[2m > [22m[2mTask 12: notification dedup guards[2m > [22m[2mhasRecentNotification does prefix matching on title[22m[39m
Migration applied: add_scoped_device_tokens

[90mstdout[2m | tests/assertion-fact-layer.test.ts[2m > [22m[2mAssertion fact layer — literal types, versioning, FTS, consistency scan[2m > [22m[2msupports version numbers and previous_version_id for assertion versioning[22m[39m
Migration applied: add_mcp_usage_log

[90mstdout[2m | tests/agent-loop-abort-dedup.test.ts[2m > [22m[2mTask 12: notification dedup guards[2m > [22m[2mhasRecentNotification does prefix matching on title[22m[39m
Migration applied: enforce_domain_type_constraints

[90mstdout[2m | tests/assertion-fact-layer.test.ts[2m > [22m[2mAssertion fact layer — literal types, versioning, FTS, consistency scan[2m > [22m[2msupports version numbers and previous_version_id for assertion versioning[22m[39m
Migration applied: add_scoped_device_tokens

[90mstdout[2m | tests/agent-loop-abort-dedup.test.ts[2m > [22m[2mTask 12: notification dedup guards[2m > [22m[2mhasRecentNotification does prefix matching on title[22m[39m
Migration applied: add_temporal_assertions

[90mstdout[2m | tests/agent-loop-abort-dedup.test.ts[2m > [22m[2mTask 12: notification dedup guards[2m > [22m[2mhasRecentNotification does prefix matching on title[22m[39m
Migration applied: add_ingestion_documents_and_chunks

[90mstdout[2m | tests/assertion-fact-layer.test.ts[2m > [22m[2mAssertion fact layer — literal types, versioning, FTS, consistency scan[2m > [22m[2msupports version numbers and previous_version_id for assertion versioning[22m[39m
Migration applied: enforce_domain_type_constraints

[90mstdout[2m | tests/assertion-fact-layer.test.ts[2m > [22m[2mAssertion fact layer — literal types, versioning, FTS, consistency scan[2m > [22m[2msupports version numbers and previous_version_id for assertion versioning[22m[39m
Migration applied: add_temporal_assertions

[90mstdout[2m | tests/conflict-transactions.test.ts[2m > [22m[2massertion conflict transactions[2m > [22m[2mupgrades a persisted v17 database without losing relationships[22m[39m
Migration applied: add_behavior_events_and_proactive_insights

[90mstdout[2m | tests/assertion-fact-layer.test.ts[2m > [22m[2mAssertion fact layer — literal types, versioning, FTS, consistency scan[2m > [22m[2msupports version numbers and previous_version_id for assertion versioning[22m[39m
Migration applied: add_ingestion_documents_and_chunks

[90mstdout[2m | tests/assertion-fact-layer.test.ts[2m > [22m[2mAssertion fact layer — literal types, versioning, FTS, consistency scan[2m > [22m[2msupports version numbers and previous_version_id for assertion versioning[22m[39m
Migration applied: add_entity_resolution_review_queue

[90mstdout[2m | tests/agent-loop-abort-dedup.test.ts[2m > [22m[2mTask 12: notification dedup guards[2m > [22m[2mhasRecentNotification does prefix matching on title[22m[39m
Migration applied: add_entity_resolution_review_queue

[90mstdout[2m | tests/entity-resolution-policy.test.ts[2m > [22m[2mtype-specific entity resolution policy[2m > [22m[2mupgrades a persisted v16 database with review and audit tables[22m[39m
Migration applied: add_fts5_fulltext_search

[90mstdout[2m | tests/assertion-fact-layer.test.ts[2m > [22m[2mAssertion fact layer — literal types, versioning, FTS, consistency scan[2m > [22m[2msupports version numbers and previous_version_id for assertion versioning[22m[39m
Migration applied: add_assertion_conflict_audit

[90mstdout[2m | tests/assertion-fact-layer.test.ts[2m > [22m[2mAssertion fact layer — literal types, versioning, FTS, consistency scan[2m > [22m[2msupports version numbers and previous_version_id for assertion versioning[22m[39m
Migration applied: add_incremental_relationship_decay

[90mstdout[2m | tests/agent-loop-abort-dedup.test.ts[2m > [22m[2mTask 12: notification dedup guards[2m > [22m[2mhasRecentNotification does prefix matching on title[22m[39m
Migration applied: add_assertion_conflict_audit

[90mstdout[2m | tests/assertion-fact-layer.test.ts[2m > [22m[2mAssertion fact layer — literal types, versioning, FTS, consistency scan[2m > [22m[2msupports version numbers and previous_version_id for assertion versioning[22m[39m
Migration applied: add_behavior_events_and_proactive_insights

[90mstdout[2m | tests/assertion-fact-layer.test.ts[2m > [22m[2mAssertion fact layer — literal types, versioning, FTS, consistency scan[2m > [22m[2msupports version numbers and previous_version_id for assertion versioning[22m[39m
Migration applied: add_assertion_literal_type_versioning_fts

[90mstdout[2m | tests/agent-loop-abort-dedup.test.ts[2m > [22m[2mTask 12: notification dedup guards[2m > [22m[2mhasRecentNotification does prefix matching on title[22m[39m
Migration applied: add_incremental_relationship_decay

[90mstdout[2m | tests/agent-loop-abort-dedup.test.ts[2m > [22m[2mTask 12: notification dedup guards[2m > [22m[2mhasRecentNotification does prefix matching on title[22m[39m
Migration applied: add_behavior_events_and_proactive_insights

[90mstdout[2m | tests/assertion-fact-layer.test.ts[2m > [22m[2mAssertion fact layer — literal types, versioning, FTS, consistency scan[2m > [22m[2msupports version numbers and previous_version_id for assertion versioning[22m[39m
Migration applied: extend_entity_merge_audit_with_redirect_summary

[90mstdout[2m | tests/assertion-fact-layer.test.ts[2m > [22m[2mAssertion fact layer — literal types, versioning, FTS, consistency scan[2m > [22m[2msupports version numbers and previous_version_id for assertion versioning[22m[39m
Migration applied: add_failed_tasks_and_ingestion_provenance

[90mstdout[2m | tests/agent-loop-abort-dedup.test.ts[2m > [22m[2mTask 12: notification dedup guards[2m > [22m[2mhasRecentNotification does prefix matching on title[22m[39m
Migration applied: add_assertion_literal_type_versioning_fts

[90mstdout[2m | tests/agent-loop-abort-dedup.test.ts[2m > [22m[2mTask 12: notification dedup guards[2m > [22m[2mhasRecentNotification does prefix matching on title[22m[39m
Migration applied: extend_entity_merge_audit_with_redirect_summary

 [32m✓[39m tests/assertion-fact-layer.test.ts [2m ([22m[2m9 tests[22m[2m)[22m[33m 1831[2mms[22m[39m
[90mstdout[2m | tests/entity-resolution-policy.test.ts[2m > [22m[2mtype-specific entity resolution policy[2m > [22m[2mupgrades a persisted v16 database with review and audit tables[22m[39m
Migration applied: add_notifications_table

[90mstdout[2m | tests/conflict-transactions.test.ts[2m > [22m[2massertion conflict transactions[2m > [22m[2mupgrades a persisted v17 database without losing relationships[22m[39m
Migration applied: add_assertion_literal_type_versioning_fts

[90mstdout[2m | tests/agent-loop-abort-dedup.test.ts[2m > [22m[2mTask 12: notification dedup guards[2m > [22m[2mhasRecentNotification does prefix matching on title[22m[39m
Migration applied: add_failed_tasks_and_ingestion_provenance

[90mstdout[2m | tests/agent-loop-abort-dedup.test.ts[2m > [22m[2mTask 12: notification dedup guards[2m > [22m[2mhasRecentNotification respects the days window[22m[39m
[Database] sqlite-vec 扩展加载成功 ✓

[90mstdout[2m | tests/agent-loop-abort-dedup.test.ts[2m > [22m[2mTask 12: notification dedup guards[2m > [22m[2mhasRecentNotification respects the days window[22m[39m
Migration applied: unified_graph_schema_v2

[90mstdout[2m | tests/agent-loop-abort-dedup.test.ts[2m > [22m[2mTask 12: notification dedup guards[2m > [22m[2mhasRecentNotification respects the days window[22m[39m
Migration applied: add_performance_indexes_v2

[90mstdout[2m | tests/agent-loop-abort-dedup.test.ts[2m > [22m[2mTask 12: notification dedup guards[2m > [22m[2mhasRecentNotification respects the days window[22m[39m
Migration applied: add_memory_tables

[90mstdout[2m | tests/agent-loop-abort-dedup.test.ts[2m > [22m[2mTask 12: notification dedup guards[2m > [22m[2mhasRecentNotification respects the days window[22m[39m
Migration applied: add_vec0_virtual_table

[90mstdout[2m | tests/agent-loop-abort-dedup.test.ts[2m > [22m[2mTask 12: notification dedup guards[2m > [22m[2mhasRecentNotification respects the days window[22m[39m
Migration applied: add_fts5_fulltext_search

[90mstdout[2m | tests/agent-loop-abort-dedup.test.ts[2m > [22m[2mTask 12: notification dedup guards[2m > [22m[2mhasRecentNotification respects the days window[22m[39m
Migration applied: add_notifications_table

[90mstdout[2m | tests/agent-loop-abort-dedup.test.ts[2m > [22m[2mTask 12: notification dedup guards[2m > [22m[2mhasRecentNotification respects the days window[22m[39m
Migration applied: add_core_memory_summary

[90mstdout[2m | tests/agent-loop-abort-dedup.test.ts[2m > [22m[2mTask 12: notification dedup guards[2m > [22m[2mhasRecentNotification respects the days window[22m[39m
Migration applied: add_temporal_graph_fields

[90mstdout[2m | tests/agent-loop-abort-dedup.test.ts[2m > [22m[2mTask 12: notification dedup guards[2m > [22m[2mhasRecentNotification respects the days window[22m[39m
Migration applied: add_invalidation_reason_to_relationships

[90mstdout[2m | tests/agent-loop-abort-dedup.test.ts[2m > [22m[2mTask 12: notification dedup guards[2m > [22m[2mhasRecentNotification respects the days window[22m[39m
Migration applied: add_app_meta

[90mstdout[2m | tests/agent-loop-abort-dedup.test.ts[2m > [22m[2mTask 12: notification dedup guards[2m > [22m[2mhasRecentNotification respects the days window[22m[39m
Migration applied: add_discussions_table

[90mstdout[2m | tests/conflict-transactions.test.ts[2m > [22m[2massertion conflict transactions[2m > [22m[2mupgrades a persisted v17 database without losing relationships[22m[39m
Migration applied: extend_entity_merge_audit_with_redirect_summary

[90mstdout[2m | tests/agent-loop-abort-dedup.test.ts[2m > [22m[2mTask 12: notification dedup guards[2m > [22m[2mhasRecentNotification respects the days window[22m[39m
Migration applied: add_mcp_usage_log

[90mstdout[2m | tests/entity-resolution-policy.test.ts[2m > [22m[2mtype-specific entity resolution policy[2m > [22m[2mupgrades a persisted v16 database with review and audit tables[22m[39m
Migration applied: add_core_memory_summary

[90mstdout[2m | tests/agent-loop-abort-dedup.test.ts[2m > [22m[2mTask 12: notification dedup guards[2m > [22m[2mhasRecentNotification respects the days window[22m[39m
Migration applied: add_scoped_device_tokens

[90mstdout[2m | tests/agent-loop-abort-dedup.test.ts[2m > [22m[2mTask 12: notification dedup guards[2m > [22m[2mhasRecentNotification respects the days window[22m[39m
Migration applied: enforce_domain_type_constraints

[90mstdout[2m | tests/agent-loop-abort-dedup.test.ts[2m > [22m[2mTask 12: notification dedup guards[2m > [22m[2mhasRecentNotification respects the days window[22m[39m
Migration applied: add_temporal_assertions

[90mstdout[2m | tests/agent-loop-abort-dedup.test.ts[2m > [22m[2mTask 12: notification dedup guards[2m > [22m[2mhasRecentNotification respects the days window[22m[39m
Migration applied: add_ingestion_documents_and_chunks

[90mstdout[2m | tests/agent-loop-abort-dedup.test.ts[2m > [22m[2mTask 12: notification dedup guards[2m > [22m[2mhasRecentNotification respects the days window[22m[39m
Migration applied: add_entity_resolution_review_queue

[90mstdout[2m | tests/conflict-transactions.test.ts[2m > [22m[2massertion conflict transactions[2m > [22m[2mupgrades a persisted v17 database without losing relationships[22m[39m
Migration applied: add_failed_tasks_and_ingestion_provenance

[90mstdout[2m | tests/entity-resolution-policy.test.ts[2m > [22m[2mtype-specific entity resolution policy[2m > [22m[2mupgrades a persisted v16 database with review and audit tables[22m[39m
Migration applied: add_temporal_graph_fields

[90mstdout[2m | tests/agent-loop-abort-dedup.test.ts[2m > [22m[2mTask 12: notification dedup guards[2m > [22m[2mhasRecentNotification respects the days window[22m[39m
Migration applied: add_assertion_conflict_audit

[90mstdout[2m | tests/agent-loop-abort-dedup.test.ts[2m > [22m[2mTask 12: notification dedup guards[2m > [22m[2mhasRecentNotification respects the days window[22m[39m
Migration applied: add_incremental_relationship_decay

[90mstdout[2m | tests/agent-loop-abort-dedup.test.ts[2m > [22m[2mTask 12: notification dedup guards[2m > [22m[2mhasRecentNotification respects the days window[22m[39m
Migration applied: add_behavior_events_and_proactive_insights

[90mstdout[2m | tests/agent-loop-abort-dedup.test.ts[2m > [22m[2mTask 12: notification dedup guards[2m > [22m[2mhasRecentNotification respects the days window[22m[39m
Migration applied: add_assertion_literal_type_versioning_fts

[90mstdout[2m | tests/agent-loop-abort-dedup.test.ts[2m > [22m[2mTask 12: notification dedup guards[2m > [22m[2mhasRecentNotification respects the days window[22m[39m
Migration applied: extend_entity_merge_audit_with_redirect_summary

[90mstdout[2m | tests/agent-loop-abort-dedup.test.ts[2m > [22m[2mTask 12: notification dedup guards[2m > [22m[2mhasRecentNotification respects the days window[22m[39m
Migration applied: add_failed_tasks_and_ingestion_provenance

[90mstdout[2m | tests/agent-loop-abort-dedup.test.ts[2m > [22m[2mTask 12: notification dedup guards[2m > [22m[2mhasRecentNotification with contentIncludes filters by content substring[22m[39m
[Database] sqlite-vec 扩展加载成功 ✓

[90mstdout[2m | tests/agent-loop-abort-dedup.test.ts[2m > [22m[2mTask 12: notification dedup guards[2m > [22m[2mhasRecentNotification with contentIncludes filters by content substring[22m[39m
Migration applied: unified_graph_schema_v2

[90mstdout[2m | tests/entity-resolution-policy.test.ts[2m > [22m[2mtype-specific entity resolution policy[2m > [22m[2mupgrades a persisted v16 database with review and audit tables[22m[39m
Migration applied: add_invalidation_reason_to_relationships

[90mstdout[2m | tests/agent-loop-abort-dedup.test.ts[2m > [22m[2mTask 12: notification dedup guards[2m > [22m[2mhasRecentNotification with contentIncludes filters by content substring[22m[39m
Migration applied: add_performance_indexes_v2

[90mstdout[2m | tests/agent-loop-abort-dedup.test.ts[2m > [22m[2mTask 12: notification dedup guards[2m > [22m[2mhasRecentNotification with contentIncludes filters by content substring[22m[39m
Migration applied: add_memory_tables

[90mstdout[2m | tests/agent-loop-abort-dedup.test.ts[2m > [22m[2mTask 12: notification dedup guards[2m > [22m[2mhasRecentNotification with contentIncludes filters by content substring[22m[39m
Migration applied: add_vec0_virtual_table

[90mstdout[2m | tests/agent-loop-abort-dedup.test.ts[2m > [22m[2mTask 12: notification dedup guards[2m > [22m[2mhasRecentNotification with contentIncludes filters by content substring[22m[39m
Migration applied: add_fts5_fulltext_search

[90mstdout[2m | tests/agent-loop-abort-dedup.test.ts[2m > [22m[2mTask 12: notification dedup guards[2m > [22m[2mhasRecentNotification with contentIncludes filters by content substring[22m[39m
Migration applied: add_notifications_table

[90mstdout[2m | tests/agent-loop-abort-dedup.test.ts[2m > [22m[2mTask 12: notification dedup guards[2m > [22m[2mhasRecentNotification with contentIncludes filters by content substring[22m[39m
Migration applied: add_core_memory_summary

[90mstdout[2m | tests/entity-resolution-policy.test.ts[2m > [22m[2mtype-specific entity resolution policy[2m > [22m[2mupgrades a persisted v16 database with review and audit tables[22m[39m
Migration applied: add_app_meta

[90mstdout[2m | tests/agent-loop-abort-dedup.test.ts[2m > [22m[2mTask 12: notification dedup guards[2m > [22m[2mhasRecentNotification with contentIncludes filters by content substring[22m[39m
Migration applied: add_temporal_graph_fields

[90mstdout[2m | tests/agent-loop-abort-dedup.test.ts[2m > [22m[2mTask 12: notification dedup guards[2m > [22m[2mhasRecentNotification with contentIncludes filters by content substring[22m[39m
Migration applied: add_invalidation_reason_to_relationships

[90mstdout[2m | tests/agent-loop-abort-dedup.test.ts[2m > [22m[2mTask 12: notification dedup guards[2m > [22m[2mhasRecentNotification with contentIncludes filters by content substring[22m[39m
Migration applied: add_app_meta

[90mstdout[2m | tests/agent-loop-abort-dedup.test.ts[2m > [22m[2mTask 12: notification dedup guards[2m > [22m[2mhasRecentNotification with contentIncludes filters by content substring[22m[39m
Migration applied: add_discussions_table

[90mstdout[2m | tests/agent-loop-abort-dedup.test.ts[2m > [22m[2mTask 12: notification dedup guards[2m > [22m[2mhasRecentNotification with contentIncludes filters by content substring[22m[39m
Migration applied: add_mcp_usage_log

[90mstdout[2m | tests/agent-loop-abort-dedup.test.ts[2m > [22m[2mTask 12: notification dedup guards[2m > [22m[2mhasRecentNotification with contentIncludes filters by content substring[22m[39m
Migration applied: add_scoped_device_tokens

[90mstdout[2m | tests/agent-loop-abort-dedup.test.ts[2m > [22m[2mTask 12: notification dedup guards[2m > [22m[2mhasRecentNotification with contentIncludes filters by content substring[22m[39m
Migration applied: enforce_domain_type_constraints

[90mstdout[2m | tests/agent-loop-abort-dedup.test.ts[2m > [22m[2mTask 12: notification dedup guards[2m > [22m[2mhasRecentNotification with contentIncludes filters by content substring[22m[39m
Migration applied: add_temporal_assertions

[90mstdout[2m | tests/agent-loop-abort-dedup.test.ts[2m > [22m[2mTask 12: notification dedup guards[2m > [22m[2mhasRecentNotification with contentIncludes filters by content substring[22m[39m
Migration applied: add_ingestion_documents_and_chunks

[90mstdout[2m | tests/agent-loop-abort-dedup.test.ts[2m > [22m[2mTask 12: notification dedup guards[2m > [22m[2mhasRecentNotification with contentIncludes filters by content substring[22m[39m
Migration applied: add_entity_resolution_review_queue

[90mstdout[2m | tests/entity-resolution-policy.test.ts[2m > [22m[2mtype-specific entity resolution policy[2m > [22m[2mupgrades a persisted v16 database with review and audit tables[22m[39m
Migration applied: add_discussions_table

[90mstdout[2m | tests/agent-loop-abort-dedup.test.ts[2m > [22m[2mTask 12: notification dedup guards[2m > [22m[2mhasRecentNotification with contentIncludes filters by content substring[22m[39m
Migration applied: add_assertion_conflict_audit

[90mstdout[2m | tests/agent-loop-abort-dedup.test.ts[2m > [22m[2mTask 12: notification dedup guards[2m > [22m[2mhasRecentNotification with contentIncludes filters by content substring[22m[39m
Migration applied: add_incremental_relationship_decay

[90mstdout[2m | tests/agent-loop-abort-dedup.test.ts[2m > [22m[2mTask 12: notification dedup guards[2m > [22m[2mhasRecentNotification with contentIncludes filters by content substring[22m[39m
Migration applied: add_behavior_events_and_proactive_insights

[90mstdout[2m | tests/agent-loop-abort-dedup.test.ts[2m > [22m[2mTask 12: notification dedup guards[2m > [22m[2mhasRecentNotification with contentIncludes filters by content substring[22m[39m
Migration applied: add_assertion_literal_type_versioning_fts

[90mstdout[2m | tests/agent-loop-abort-dedup.test.ts[2m > [22m[2mTask 12: notification dedup guards[2m > [22m[2mhasRecentNotification with contentIncludes filters by content substring[22m[39m
Migration applied: extend_entity_merge_audit_with_redirect_summary

[90mstdout[2m | tests/agent-loop-abort-dedup.test.ts[2m > [22m[2mTask 12: notification dedup guards[2m > [22m[2mhasRecentNotification with contentIncludes filters by content substring[22m[39m
Migration applied: add_failed_tasks_and_ingestion_provenance

[90mstdout[2m | tests/agent-loop-abort-dedup.test.ts[2m > [22m[2mTask 12: AgentLoop with decay scheduler — dedup prevents repeat notifications[2m > [22m[2mdoes not create duplicate decay_warning notifications within 24h[22m[39m
[Database] sqlite-vec 扩展加载成功 ✓

[90mstdout[2m | tests/agent-loop-abort-dedup.test.ts[2m > [22m[2mTask 12: AgentLoop with decay scheduler — dedup prevents repeat notifications[2m > [22m[2mdoes not create duplicate decay_warning notifications within 24h[22m[39m
Migration applied: unified_graph_schema_v2

[90mstdout[2m | tests/agent-loop-abort-dedup.test.ts[2m > [22m[2mTask 12: AgentLoop with decay scheduler — dedup prevents repeat notifications[2m > [22m[2mdoes not create duplicate decay_warning notifications within 24h[22m[39m
Migration applied: add_performance_indexes_v2

[90mstdout[2m | tests/agent-loop-abort-dedup.test.ts[2m > [22m[2mTask 12: AgentLoop with decay scheduler — dedup prevents repeat notifications[2m > [22m[2mdoes not create duplicate decay_warning notifications within 24h[22m[39m
Migration applied: add_memory_tables

[90mstdout[2m | tests/agent-loop-abort-dedup.test.ts[2m > [22m[2mTask 12: AgentLoop with decay scheduler — dedup prevents repeat notifications[2m > [22m[2mdoes not create duplicate decay_warning notifications within 24h[22m[39m
Migration applied: add_vec0_virtual_table

[90mstdout[2m | tests/agent-loop-abort-dedup.test.ts[2m > [22m[2mTask 12: AgentLoop with decay scheduler — dedup prevents repeat notifications[2m > [22m[2mdoes not create duplicate decay_warning notifications within 24h[22m[39m
Migration applied: add_fts5_fulltext_search

[90mstdout[2m | tests/agent-loop-abort-dedup.test.ts[2m > [22m[2mTask 12: AgentLoop with decay scheduler — dedup prevents repeat notifications[2m > [22m[2mdoes not create duplicate decay_warning notifications within 24h[22m[39m
Migration applied: add_notifications_table

[90mstdout[2m | tests/entity-resolution-policy.test.ts[2m > [22m[2mtype-specific entity resolution policy[2m > [22m[2mupgrades a persisted v16 database with review and audit tables[22m[39m
Migration applied: add_mcp_usage_log

[90mstdout[2m | tests/agent-loop-abort-dedup.test.ts[2m > [22m[2mTask 12: AgentLoop with decay scheduler — dedup prevents repeat notifications[2m > [22m[2mdoes not create duplicate decay_warning notifications within 24h[22m[39m
Migration applied: add_core_memory_summary

[90mstdout[2m | tests/agent-loop-abort-dedup.test.ts[2m > [22m[2mTask 12: AgentLoop with decay scheduler — dedup prevents repeat notifications[2m > [22m[2mdoes not create duplicate decay_warning notifications within 24h[22m[39m
Migration applied: add_temporal_graph_fields

[90mstdout[2m | tests/agent-loop-abort-dedup.test.ts[2m > [22m[2mTask 12: AgentLoop with decay scheduler — dedup prevents repeat notifications[2m > [22m[2mdoes not create duplicate decay_warning notifications within 24h[22m[39m
Migration applied: add_invalidation_reason_to_relationships

[90mstdout[2m | tests/agent-loop-abort-dedup.test.ts[2m > [22m[2mTask 12: AgentLoop with decay scheduler — dedup prevents repeat notifications[2m > [22m[2mdoes not create duplicate decay_warning notifications within 24h[22m[39m
Migration applied: add_app_meta

[90mstdout[2m | tests/agent-loop-abort-dedup.test.ts[2m > [22m[2mTask 12: AgentLoop with decay scheduler — dedup prevents repeat notifications[2m > [22m[2mdoes not create duplicate decay_warning notifications within 24h[22m[39m
Migration applied: add_discussions_table

[90mstdout[2m | tests/agent-loop-abort-dedup.test.ts[2m > [22m[2mTask 12: AgentLoop with decay scheduler — dedup prevents repeat notifications[2m > [22m[2mdoes not create duplicate decay_warning notifications within 24h[22m[39m
Migration applied: add_mcp_usage_log

[90mstdout[2m | tests/agent-loop-abort-dedup.test.ts[2m > [22m[2mTask 12: AgentLoop with decay scheduler — dedup prevents repeat notifications[2m > [22m[2mdoes not create duplicate decay_warning notifications within 24h[22m[39m
Migration applied: add_scoped_device_tokens

[90mstdout[2m | tests/agent-loop-abort-dedup.test.ts[2m > [22m[2mTask 12: AgentLoop with decay scheduler — dedup prevents repeat notifications[2m > [22m[2mdoes not create duplicate decay_warning notifications within 24h[22m[39m
Migration applied: enforce_domain_type_constraints

[90mstdout[2m | tests/agent-loop-abort-dedup.test.ts[2m > [22m[2mTask 12: AgentLoop with decay scheduler — dedup prevents repeat notifications[2m > [22m[2mdoes not create duplicate decay_warning notifications within 24h[22m[39m
Migration applied: add_temporal_assertions

[90mstdout[2m | tests/agent-loop-abort-dedup.test.ts[2m > [22m[2mTask 12: AgentLoop with decay scheduler — dedup prevents repeat notifications[2m > [22m[2mdoes not create duplicate decay_warning notifications within 24h[22m[39m
Migration applied: add_ingestion_documents_and_chunks

[90mstdout[2m | tests/agent-loop-abort-dedup.test.ts[2m > [22m[2mTask 12: AgentLoop with decay scheduler — dedup prevents repeat notifications[2m > [22m[2mdoes not create duplicate decay_warning notifications within 24h[22m[39m
Migration applied: add_entity_resolution_review_queue

[90mstdout[2m | tests/agent-loop-abort-dedup.test.ts[2m > [22m[2mTask 12: AgentLoop with decay scheduler — dedup prevents repeat notifications[2m > [22m[2mdoes not create duplicate decay_warning notifications within 24h[22m[39m
Migration applied: add_assertion_conflict_audit

[90mstdout[2m | tests/agent-loop-abort-dedup.test.ts[2m > [22m[2mTask 12: AgentLoop with decay scheduler — dedup prevents repeat notifications[2m > [22m[2mdoes not create duplicate decay_warning notifications within 24h[22m[39m
Migration applied: add_incremental_relationship_decay

[90mstdout[2m | tests/agent-loop-abort-dedup.test.ts[2m > [22m[2mTask 12: AgentLoop with decay scheduler — dedup prevents repeat notifications[2m > [22m[2mdoes not create duplicate decay_warning notifications within 24h[22m[39m
Migration applied: add_behavior_events_and_proactive_insights

[90mstdout[2m | tests/agent-loop-abort-dedup.test.ts[2m > [22m[2mTask 12: AgentLoop with decay scheduler — dedup prevents repeat notifications[2m > [22m[2mdoes not create duplicate decay_warning notifications within 24h[22m[39m
Migration applied: add_assertion_literal_type_versioning_fts

[90mstdout[2m | tests/agent-loop-abort-dedup.test.ts[2m > [22m[2mTask 12: AgentLoop with decay scheduler — dedup prevents repeat notifications[2m > [22m[2mdoes not create duplicate decay_warning notifications within 24h[22m[39m
Migration applied: extend_entity_merge_audit_with_redirect_summary

[90mstdout[2m | tests/agent-loop-abort-dedup.test.ts[2m > [22m[2mTask 12: AgentLoop with decay scheduler — dedup prevents repeat notifications[2m > [22m[2mdoes not create duplicate decay_warning notifications within 24h[22m[39m
Migration applied: add_failed_tasks_and_ingestion_provenance
[MemoryDecay] 启动调度器 (间隔: 3600s)

[90mstdout[2m | tests/entity-resolution-policy.test.ts[2m > [22m[2mtype-specific entity resolution policy[2m > [22m[2mupgrades a persisted v16 database with review and audit tables[22m[39m
Migration applied: add_scoped_device_tokens

[90mstdout[2m | tests/agent-loop-abort-dedup.test.ts[2m > [22m[2mTask 12: AgentLoop with decay scheduler — dedup prevents repeat notifications[2m > [22m[2mdoes not create duplicate insight notifications with the same title within 24h[22m[39m
[Database] sqlite-vec 扩展加载成功 ✓

[90mstdout[2m | tests/agent-loop-abort-dedup.test.ts[2m > [22m[2mTask 12: AgentLoop with decay scheduler — dedup prevents repeat notifications[2m > [22m[2mdoes not create duplicate insight notifications with the same title within 24h[22m[39m
Migration applied: unified_graph_schema_v2

[90mstdout[2m | tests/agent-loop-abort-dedup.test.ts[2m > [22m[2mTask 12: AgentLoop with decay scheduler — dedup prevents repeat notifications[2m > [22m[2mdoes not create duplicate insight notifications with the same title within 24h[22m[39m
Migration applied: add_performance_indexes_v2

[90mstdout[2m | tests/agent-loop-abort-dedup.test.ts[2m > [22m[2mTask 12: AgentLoop with decay scheduler — dedup prevents repeat notifications[2m > [22m[2mdoes not create duplicate insight notifications with the same title within 24h[22m[39m
Migration applied: add_memory_tables

[90mstdout[2m | tests/conflict-transactions.test.ts[2m > [22m[2massertion conflict transactions[2m > [22m[2mupgrades a persisted v17 database without losing relationships[22m[39m
[Database] sqlite-vec 扩展加载成功 ✓

[90mstdout[2m | tests/agent-loop-abort-dedup.test.ts[2m > [22m[2mTask 12: AgentLoop with decay scheduler — dedup prevents repeat notifications[2m > [22m[2mdoes not create duplicate insight notifications with the same title within 24h[22m[39m
Migration applied: add_vec0_virtual_table

[90mstdout[2m | tests/agent-loop-abort-dedup.test.ts[2m > [22m[2mTask 12: AgentLoop with decay scheduler — dedup prevents repeat notifications[2m > [22m[2mdoes not create duplicate insight notifications with the same title within 24h[22m[39m
Migration applied: add_fts5_fulltext_search

[90mstdout[2m | tests/agent-loop-abort-dedup.test.ts[2m > [22m[2mTask 12: AgentLoop with decay scheduler — dedup prevents repeat notifications[2m > [22m[2mdoes not create duplicate insight notifications with the same title within 24h[22m[39m
Migration applied: add_notifications_table

[90mstdout[2m | tests/agent-loop-abort-dedup.test.ts[2m > [22m[2mTask 12: AgentLoop with decay scheduler — dedup prevents repeat notifications[2m > [22m[2mdoes not create duplicate insight notifications with the same title within 24h[22m[39m
Migration applied: add_core_memory_summary

[90mstdout[2m | tests/agent-loop-abort-dedup.test.ts[2m > [22m[2mTask 12: AgentLoop with decay scheduler — dedup prevents repeat notifications[2m > [22m[2mdoes not create duplicate insight notifications with the same title within 24h[22m[39m
Migration applied: add_temporal_graph_fields

[90mstdout[2m | tests/agent-loop-abort-dedup.test.ts[2m > [22m[2mTask 12: AgentLoop with decay scheduler — dedup prevents repeat notifications[2m > [22m[2mdoes not create duplicate insight notifications with the same title within 24h[22m[39m
Migration applied: add_invalidation_reason_to_relationships

[90mstdout[2m | tests/agent-loop-abort-dedup.test.ts[2m > [22m[2mTask 12: AgentLoop with decay scheduler — dedup prevents repeat notifications[2m > [22m[2mdoes not create duplicate insight notifications with the same title within 24h[22m[39m
Migration applied: add_app_meta
Migration applied: add_discussions_table

[90mstdout[2m | tests/agent-loop-abort-dedup.test.ts[2m > [22m[2mTask 12: AgentLoop with decay scheduler — dedup prevents repeat notifications[2m > [22m[2mdoes not create duplicate insight notifications with the same title within 24h[22m[39m
Migration applied: add_mcp_usage_log

[90mstdout[2m | tests/agent-loop-abort-dedup.test.ts[2m > [22m[2mTask 12: AgentLoop with decay scheduler — dedup prevents repeat notifications[2m > [22m[2mdoes not create duplicate insight notifications with the same title within 24h[22m[39m
Migration applied: add_scoped_device_tokens

[90mstdout[2m | tests/entity-resolution-policy.test.ts[2m > [22m[2mtype-specific entity resolution policy[2m > [22m[2mupgrades a persisted v16 database with review and audit tables[22m[39m
Migration applied: enforce_domain_type_constraints

[90mstdout[2m | tests/agent-loop-abort-dedup.test.ts[2m > [22m[2mTask 12: AgentLoop with decay scheduler — dedup prevents repeat notifications[2m > [22m[2mdoes not create duplicate insight notifications with the same title within 24h[22m[39m
Migration applied: enforce_domain_type_constraints

[90mstdout[2m | tests/agent-loop-abort-dedup.test.ts[2m > [22m[2mTask 12: AgentLoop with decay scheduler — dedup prevents repeat notifications[2m > [22m[2mdoes not create duplicate insight notifications with the same title within 24h[22m[39m
Migration applied: add_temporal_assertions

[90mstdout[2m | tests/agent-loop-abort-dedup.test.ts[2m > [22m[2mTask 12: AgentLoop with decay scheduler — dedup prevents repeat notifications[2m > [22m[2mdoes not create duplicate insight notifications with the same title within 24h[22m[39m
Migration applied: add_ingestion_documents_and_chunks

[90mstdout[2m | tests/agent-loop-abort-dedup.test.ts[2m > [22m[2mTask 12: AgentLoop with decay scheduler — dedup prevents repeat notifications[2m > [22m[2mdoes not create duplicate insight notifications with the same title within 24h[22m[39m
Migration applied: add_entity_resolution_review_queue

[90mstdout[2m | tests/agent-loop-abort-dedup.test.ts[2m > [22m[2mTask 12: AgentLoop with decay scheduler — dedup prevents repeat notifications[2m > [22m[2mdoes not create duplicate insight notifications with the same title within 24h[22m[39m
Migration applied: add_assertion_conflict_audit

[90mstdout[2m | tests/agent-loop-abort-dedup.test.ts[2m > [22m[2mTask 12: AgentLoop with decay scheduler — dedup prevents repeat notifications[2m > [22m[2mdoes not create duplicate insight notifications with the same title within 24h[22m[39m
Migration applied: add_incremental_relationship_decay

[90mstdout[2m | tests/entity-resolution-policy.test.ts[2m > [22m[2mtype-specific entity resolution policy[2m > [22m[2mupgrades a persisted v16 database with review and audit tables[22m[39m
Migration applied: add_temporal_assertions

[90mstdout[2m | tests/agent-loop-abort-dedup.test.ts[2m > [22m[2mTask 12: AgentLoop with decay scheduler — dedup prevents repeat notifications[2m > [22m[2mdoes not create duplicate insight notifications with the same title within 24h[22m[39m
Migration applied: add_behavior_events_and_proactive_insights

[90mstdout[2m | tests/agent-loop-abort-dedup.test.ts[2m > [22m[2mTask 12: AgentLoop with decay scheduler — dedup prevents repeat notifications[2m > [22m[2mdoes not create duplicate insight notifications with the same title within 24h[22m[39m
Migration applied: add_assertion_literal_type_versioning_fts

[90mstdout[2m | tests/agent-loop-abort-dedup.test.ts[2m > [22m[2mTask 12: AgentLoop with decay scheduler — dedup prevents repeat notifications[2m > [22m[2mdoes not create duplicate insight notifications with the same title within 24h[22m[39m
Migration applied: extend_entity_merge_audit_with_redirect_summary

[90mstdout[2m | tests/agent-loop-abort-dedup.test.ts[2m > [22m[2mTask 12: AgentLoop with decay scheduler — dedup prevents repeat notifications[2m > [22m[2mdoes not create duplicate insight notifications with the same title within 24h[22m[39m
Migration applied: add_failed_tasks_and_ingestion_provenance
[MemoryDecay] 启动调度器 (间隔: 3600s)

[90mstdout[2m | tests/agent-loop-abort-dedup.test.ts[2m > [22m[2mTask 12: AgentLoop with decay scheduler — dedup prevents repeat notifications[2m > [22m[2mdoes not create duplicate blindspot notifications with the same title within 24h[22m[39m
[Database] sqlite-vec 扩展加载成功 ✓

[90mstdout[2m | tests/agent-loop-abort-dedup.test.ts[2m > [22m[2mTask 12: AgentLoop with decay scheduler — dedup prevents repeat notifications[2m > [22m[2mdoes not create duplicate blindspot notifications with the same title within 24h[22m[39m
Migration applied: unified_graph_schema_v2

[90mstdout[2m | tests/agent-loop-abort-dedup.test.ts[2m > [22m[2mTask 12: AgentLoop with decay scheduler — dedup prevents repeat notifications[2m > [22m[2mdoes not create duplicate blindspot notifications with the same title within 24h[22m[39m
Migration applied: add_performance_indexes_v2

[90mstdout[2m | tests/agent-loop-abort-dedup.test.ts[2m > [22m[2mTask 12: AgentLoop with decay scheduler — dedup prevents repeat notifications[2m > [22m[2mdoes not create duplicate blindspot notifications with the same title within 24h[22m[39m
Migration applied: add_memory_tables

[90mstdout[2m | tests/agent-loop-abort-dedup.test.ts[2m > [22m[2mTask 12: AgentLoop with decay scheduler — dedup prevents repeat notifications[2m > [22m[2mdoes not create duplicate blindspot notifications with the same title within 24h[22m[39m
Migration applied: add_vec0_virtual_table

[90mstdout[2m | tests/agent-loop-abort-dedup.test.ts[2m > [22m[2mTask 12: AgentLoop with decay scheduler — dedup prevents repeat notifications[2m > [22m[2mdoes not create duplicate blindspot notifications with the same title within 24h[22m[39m
Migration applied: add_fts5_fulltext_search

[90mstdout[2m | tests/agent-loop-abort-dedup.test.ts[2m > [22m[2mTask 12: AgentLoop with decay scheduler — dedup prevents repeat notifications[2m > [22m[2mdoes not create duplicate blindspot notifications with the same title within 24h[22m[39m
Migration applied: add_notifications_table

[90mstdout[2m | tests/entity-resolution-policy.test.ts[2m > [22m[2mtype-specific entity resolution policy[2m > [22m[2mupgrades a persisted v16 database with review and audit tables[22m[39m
Migration applied: add_ingestion_documents_and_chunks

[90mstdout[2m | tests/agent-loop-abort-dedup.test.ts[2m > [22m[2mTask 12: AgentLoop with decay scheduler — dedup prevents repeat notifications[2m > [22m[2mdoes not create duplicate blindspot notifications with the same title within 24h[22m[39m
Migration applied: add_core_memory_summary

[90mstdout[2m | tests/agent-loop-abort-dedup.test.ts[2m > [22m[2mTask 12: AgentLoop with decay scheduler — dedup prevents repeat notifications[2m > [22m[2mdoes not create duplicate blindspot notifications with the same title within 24h[22m[39m
Migration applied: add_temporal_graph_fields

[90mstdout[2m | tests/agent-loop-abort-dedup.test.ts[2m > [22m[2mTask 12: AgentLoop with decay scheduler — dedup prevents repeat notifications[2m > [22m[2mdoes not create duplicate blindspot notifications with the same title within 24h[22m[39m
Migration applied: add_invalidation_reason_to_relationships

[90mstdout[2m | tests/agent-loop-abort-dedup.test.ts[2m > [22m[2mTask 12: AgentLoop with decay scheduler — dedup prevents repeat notifications[2m > [22m[2mdoes not create duplicate blindspot notifications with the same title within 24h[22m[39m
Migration applied: add_app_meta

[90mstdout[2m | tests/agent-loop-abort-dedup.test.ts[2m > [22m[2mTask 12: AgentLoop with decay scheduler — dedup prevents repeat notifications[2m > [22m[2mdoes not create duplicate blindspot notifications with the same title within 24h[22m[39m
Migration applied: add_discussions_table

[90mstdout[2m | tests/entity-resolution-policy.test.ts[2m > [22m[2mtype-specific entity resolution policy[2m > [22m[2mupgrades a persisted v16 database with review and audit tables[22m[39m
Migration applied: add_entity_resolution_review_queue

[90mstdout[2m | tests/agent-loop-abort-dedup.test.ts[2m > [22m[2mTask 12: AgentLoop with decay scheduler — dedup prevents repeat notifications[2m > [22m[2mdoes not create duplicate blindspot notifications with the same title within 24h[22m[39m
Migration applied: add_mcp_usage_log

[90mstdout[2m | tests/conflict-transactions.test.ts[2m > [22m[2massertion conflict transactions[2m > [22m[2mupgrades a persisted v17 database without losing relationships[22m[39m
Migration applied: add_assertion_conflict_audit

[90mstdout[2m | tests/agent-loop-abort-dedup.test.ts[2m > [22m[2mTask 12: AgentLoop with decay scheduler — dedup prevents repeat notifications[2m > [22m[2mdoes not create duplicate blindspot notifications with the same title within 24h[22m[39m
Migration applied: add_scoped_device_tokens

[90mstdout[2m | tests/agent-loop-abort-dedup.test.ts[2m > [22m[2mTask 12: AgentLoop with decay scheduler — dedup prevents repeat notifications[2m > [22m[2mdoes not create duplicate blindspot notifications with the same title within 24h[22m[39m
Migration applied: enforce_domain_type_constraints

[90mstdout[2m | tests/agent-loop-abort-dedup.test.ts[2m > [22m[2mTask 12: AgentLoop with decay scheduler — dedup prevents repeat notifications[2m > [22m[2mdoes not create duplicate blindspot notifications with the same title within 24h[22m[39m
Migration applied: add_temporal_assertions

[90mstdout[2m | tests/agent-loop-abort-dedup.test.ts[2m > [22m[2mTask 12: AgentLoop with decay scheduler — dedup prevents repeat notifications[2m > [22m[2mdoes not create duplicate blindspot notifications with the same title within 24h[22m[39m
Migration applied: add_ingestion_documents_and_chunks

[90mstdout[2m | tests/agent-loop-abort-dedup.test.ts[2m > [22m[2mTask 12: AgentLoop with decay scheduler — dedup prevents repeat notifications[2m > [22m[2mdoes not create duplicate blindspot notifications with the same title within 24h[22m[39m
Migration applied: add_entity_resolution_review_queue

[90mstdout[2m | tests/agent-loop-abort-dedup.test.ts[2m > [22m[2mTask 12: AgentLoop with decay scheduler — dedup prevents repeat notifications[2m > [22m[2mdoes not create duplicate blindspot notifications with the same title within 24h[22m[39m
Migration applied: add_assertion_conflict_audit

[90mstdout[2m | tests/agent-loop-abort-dedup.test.ts[2m > [22m[2mTask 12: AgentLoop with decay scheduler — dedup prevents repeat notifications[2m > [22m[2mdoes not create duplicate blindspot notifications with the same title within 24h[22m[39m
Migration applied: add_incremental_relationship_decay

[90mstdout[2m | tests/entity-resolution-policy.test.ts[2m > [22m[2mtype-specific entity resolution policy[2m > [22m[2mupgrades a persisted v16 database with review and audit tables[22m[39m
Migration applied: add_assertion_conflict_audit

 [32m✓[39m tests/conflict-transactions.test.ts [2m ([22m[2m5 tests[22m[2m)[22m[33m 2395[2mms[22m[39m
[90mstdout[2m | tests/agent-loop-abort-dedup.test.ts[2m > [22m[2mTask 12: AgentLoop with decay scheduler — dedup prevents repeat notifications[2m > [22m[2mdoes not create duplicate blindspot notifications with the same title within 24h[22m[39m
Migration applied: add_behavior_events_and_proactive_insights

[90mstdout[2m | tests/agent-loop-abort-dedup.test.ts[2m > [22m[2mTask 12: AgentLoop with decay scheduler — dedup prevents repeat notifications[2m > [22m[2mdoes not create duplicate blindspot notifications with the same title within 24h[22m[39m
Migration applied: add_assertion_literal_type_versioning_fts

[90mstdout[2m | tests/agent-loop-abort-dedup.test.ts[2m > [22m[2mTask 12: AgentLoop with decay scheduler — dedup prevents repeat notifications[2m > [22m[2mdoes not create duplicate blindspot notifications with the same title within 24h[22m[39m
Migration applied: extend_entity_merge_audit_with_redirect_summary

[90mstdout[2m | tests/entity-resolution-policy.test.ts[2m > [22m[2mtype-specific entity resolution policy[2m > [22m[2mupgrades a persisted v16 database with review and audit tables[22m[39m
Migration applied: add_incremental_relationship_decay

[90mstdout[2m | tests/agent-loop-abort-dedup.test.ts[2m > [22m[2mTask 12: AgentLoop with decay scheduler — dedup prevents repeat notifications[2m > [22m[2mdoes not create duplicate blindspot notifications with the same title within 24h[22m[39m
Migration applied: add_failed_tasks_and_ingestion_provenance
[MemoryDecay] 启动调度器 (间隔: 3600s)

[90mstdout[2m | tests/agent-loop-abort-dedup.test.ts[2m > [22m[2mTask 12: polishInsightWithLLM and generateInsight accept cycle signal[2m > [22m[2mInsightGenerator.generateInsight accepts an optional AbortSignal[22m[39m
[Database] sqlite-vec 扩展加载成功 ✓

[90mstdout[2m | tests/agent-loop-abort-dedup.test.ts[2m > [22m[2mTask 12: polishInsightWithLLM and generateInsight accept cycle signal[2m > [22m[2mInsightGenerator.generateInsight accepts an optional AbortSignal[22m[39m
Migration applied: unified_graph_schema_v2

[90mstdout[2m | tests/agent-loop-abort-dedup.test.ts[2m > [22m[2mTask 12: polishInsightWithLLM and generateInsight accept cycle signal[2m > [22m[2mInsightGenerator.generateInsight accepts an optional AbortSignal[22m[39m
Migration applied: add_performance_indexes_v2

[90mstdout[2m | tests/agent-loop-abort-dedup.test.ts[2m > [22m[2mTask 12: polishInsightWithLLM and generateInsight accept cycle signal[2m > [22m[2mInsightGenerator.generateInsight accepts an optional AbortSignal[22m[39m
Migration applied: add_memory_tables

[90mstdout[2m | tests/agent-loop-abort-dedup.test.ts[2m > [22m[2mTask 12: polishInsightWithLLM and generateInsight accept cycle signal[2m > [22m[2mInsightGenerator.generateInsight accepts an optional AbortSignal[22m[39m
Migration applied: add_vec0_virtual_table

[90mstdout[2m | tests/agent-loop-abort-dedup.test.ts[2m > [22m[2mTask 12: polishInsightWithLLM and generateInsight accept cycle signal[2m > [22m[2mInsightGenerator.generateInsight accepts an optional AbortSignal[22m[39m
Migration applied: add_fts5_fulltext_search

[90mstdout[2m | tests/agent-loop-abort-dedup.test.ts[2m > [22m[2mTask 12: polishInsightWithLLM and generateInsight accept cycle signal[2m > [22m[2mInsightGenerator.generateInsight accepts an optional AbortSignal[22m[39m
Migration applied: add_notifications_table

[90mstdout[2m | tests/agent-loop-abort-dedup.test.ts[2m > [22m[2mTask 12: polishInsightWithLLM and generateInsight accept cycle signal[2m > [22m[2mInsightGenerator.generateInsight accepts an optional AbortSignal[22m[39m
Migration applied: add_core_memory_summary

[90mstdout[2m | tests/agent-loop-abort-dedup.test.ts[2m > [22m[2mTask 12: polishInsightWithLLM and generateInsight accept cycle signal[2m > [22m[2mInsightGenerator.generateInsight accepts an optional AbortSignal[22m[39m
Migration applied: add_temporal_graph_fields

[90mstdout[2m | tests/agent-loop-abort-dedup.test.ts[2m > [22m[2mTask 12: polishInsightWithLLM and generateInsight accept cycle signal[2m > [22m[2mInsightGenerator.generateInsight accepts an optional AbortSignal[22m[39m
Migration applied: add_invalidation_reason_to_relationships

[90mstdout[2m | tests/agent-loop-abort-dedup.test.ts[2m > [22m[2mTask 12: polishInsightWithLLM and generateInsight accept cycle signal[2m > [22m[2mInsightGenerator.generateInsight accepts an optional AbortSignal[22m[39m
Migration applied: add_app_meta

[90mstdout[2m | tests/agent-loop-abort-dedup.test.ts[2m > [22m[2mTask 12: polishInsightWithLLM and generateInsight accept cycle signal[2m > [22m[2mInsightGenerator.generateInsight accepts an optional AbortSignal[22m[39m
Migration applied: add_discussions_table

[90mstdout[2m | tests/agent-loop-abort-dedup.test.ts[2m > [22m[2mTask 12: polishInsightWithLLM and generateInsight accept cycle signal[2m > [22m[2mInsightGenerator.generateInsight accepts an optional AbortSignal[22m[39m
Migration applied: add_mcp_usage_log

[90mstdout[2m | tests/agent-loop-abort-dedup.test.ts[2m > [22m[2mTask 12: polishInsightWithLLM and generateInsight accept cycle signal[2m > [22m[2mInsightGenerator.generateInsight accepts an optional AbortSignal[22m[39m
Migration applied: add_scoped_device_tokens

[90mstdout[2m | tests/agent-loop-abort-dedup.test.ts[2m > [22m[2mTask 12: polishInsightWithLLM and generateInsight accept cycle signal[2m > [22m[2mInsightGenerator.generateInsight accepts an optional AbortSignal[22m[39m
Migration applied: enforce_domain_type_constraints

[90mstdout[2m | tests/entity-resolution-policy.test.ts[2m > [22m[2mtype-specific entity resolution policy[2m > [22m[2mupgrades a persisted v16 database with review and audit tables[22m[39m
Migration applied: add_behavior_events_and_proactive_insights

[90mstdout[2m | tests/agent-loop-abort-dedup.test.ts[2m > [22m[2mTask 12: polishInsightWithLLM and generateInsight accept cycle signal[2m > [22m[2mInsightGenerator.generateInsight accepts an optional AbortSignal[22m[39m
Migration applied: add_temporal_assertions

[90mstdout[2m | tests/agent-loop-abort-dedup.test.ts[2m > [22m[2mTask 12: polishInsightWithLLM and generateInsight accept cycle signal[2m > [22m[2mInsightGenerator.generateInsight accepts an optional AbortSignal[22m[39m
Migration applied: add_ingestion_documents_and_chunks

[90mstdout[2m | tests/agent-loop-abort-dedup.test.ts[2m > [22m[2mTask 12: polishInsightWithLLM and generateInsight accept cycle signal[2m > [22m[2mInsightGenerator.generateInsight accepts an optional AbortSignal[22m[39m
Migration applied: add_entity_resolution_review_queue

[90mstdout[2m | tests/agent-loop-abort-dedup.test.ts[2m > [22m[2mTask 12: polishInsightWithLLM and generateInsight accept cycle signal[2m > [22m[2mInsightGenerator.generateInsight accepts an optional AbortSignal[22m[39m
Migration applied: add_assertion_conflict_audit

[90mstdout[2m | tests/entity-resolution-policy.test.ts[2m > [22m[2mtype-specific entity resolution policy[2m > [22m[2mupgrades a persisted v16 database with review and audit tables[22m[39m
Migration applied: add_assertion_literal_type_versioning_fts

[90mstdout[2m | tests/agent-loop-abort-dedup.test.ts[2m > [22m[2mTask 12: polishInsightWithLLM and generateInsight accept cycle signal[2m > [22m[2mInsightGenerator.generateInsight accepts an optional AbortSignal[22m[39m
Migration applied: add_incremental_relationship_decay

[90mstdout[2m | tests/agent-loop-abort-dedup.test.ts[2m > [22m[2mTask 12: polishInsightWithLLM and generateInsight accept cycle signal[2m > [22m[2mInsightGenerator.generateInsight accepts an optional AbortSignal[22m[39m
Migration applied: add_behavior_events_and_proactive_insights

[90mstdout[2m | tests/agent-loop-abort-dedup.test.ts[2m > [22m[2mTask 12: polishInsightWithLLM and generateInsight accept cycle signal[2m > [22m[2mInsightGenerator.generateInsight accepts an optional AbortSignal[22m[39m
Migration applied: add_assertion_literal_type_versioning_fts

[90mstdout[2m | tests/agent-loop-abort-dedup.test.ts[2m > [22m[2mTask 12: polishInsightWithLLM and generateInsight accept cycle signal[2m > [22m[2mInsightGenerator.generateInsight accepts an optional AbortSignal[22m[39m
Migration applied: extend_entity_merge_audit_with_redirect_summary

[90mstdout[2m | tests/entity-resolution-policy.test.ts[2m > [22m[2mtype-specific entity resolution policy[2m > [22m[2mupgrades a persisted v16 database with review and audit tables[22m[39m
Migration applied: extend_entity_merge_audit_with_redirect_summary

stderr | tests/agent-loop-abort-dedup.test.ts > Task 12: polishInsightWithLLM and generateInsight accept cycle signal > InsightGenerator.generateInsight accepts an optional AbortSignal
[AgentLoop] 洞见生成失败: DOMException [AbortError]: This operation was aborted
    at node:internal/deps/undici/undici:13510:13
    at auditedAiFetch (<repo>\brain-server\src\security\audited-ai-fetch.ts:114:22)
    at InsightGenerator.generateInsight (<repo>\brain-server\src\agent\agent-loop.ts:68:26)
    at <repo>\brain-server\tests\agent-loop-abort-dedup.test.ts:283:20
    at runTest (file:///<repo>/brain-server/node_modules/@vitest/runner/dist/index.js:781:11)
[90mstdout[2m | tests/agent-loop-abort-dedup.test.ts[2m > [22m[2mTask 12: polishInsightWithLLM and generateInsight accept cycle signal[2m > [22m[2mInsightGenerator.generateInsight accepts an optional AbortSignal[22m[39m
Migration applied: add_failed_tasks_and_ingestion_provenance

    at runSuite (file:///<repo>/brain-server/node_modules/@vitest/runner/dist/index.js:909:15)
    at runSuite (file:///<repo>/brain-server/node_modules/@vitest/runner/dist/index.js:909:15)
    at runFiles (file:///<repo>/brain-server/node_modules/@vitest/runner/dist/index.js:958:5)
    at startTests (file:///<repo>/brain-server/node_modules/@vitest/runner/dist/index.js:967:3)
    at file:///<repo>/brain-server/node_modules/vitest/dist/chunks/runtime-runBaseTests.oAvMKtQC.js:116:7

 [32m✓[39m tests/agent-loop-abort-dedup.test.ts [2m ([22m[2m15 tests[22m[2m)[22m[33m 2478[2mms[22m[39m
[90mstdout[2m | tests/entity-resolution-policy.test.ts[2m > [22m[2mtype-specific entity resolution policy[2m > [22m[2mupgrades a persisted v16 database with review and audit tables[22m[39m
Migration applied: add_failed_tasks_and_ingestion_provenance

[90mstdout[2m | tests/behavior-events.test.ts[2m > [22m[2mbehavior events[2m > [22m[2mstores typed consumption and action events independently of access_count[22m[39m
[Database] sqlite-vec 扩展加载成功 ✓

[90mstdout[2m | tests/behavior-events.test.ts[2m > [22m[2mbehavior events[2m > [22m[2mstores typed consumption and action events independently of access_count[22m[39m
Migration applied: unified_graph_schema_v2

[90mstdout[2m | tests/behavior-events.test.ts[2m > [22m[2mbehavior events[2m > [22m[2mstores typed consumption and action events independently of access_count[22m[39m
Migration applied: add_performance_indexes_v2

[90mstdout[2m | tests/behavior-events.test.ts[2m > [22m[2mbehavior events[2m > [22m[2mstores typed consumption and action events independently of access_count[22m[39m
Migration applied: add_memory_tables

[90mstdout[2m | tests/behavior-events.test.ts[2m > [22m[2mbehavior events[2m > [22m[2mstores typed consumption and action events independently of access_count[22m[39m
Migration applied: add_vec0_virtual_table

[90mstdout[2m | tests/behavior-events.test.ts[2m > [22m[2mbehavior events[2m > [22m[2mstores typed consumption and action events independently of access_count[22m[39m
Migration applied: add_fts5_fulltext_search

[90mstdout[2m | tests/behavior-events.test.ts[2m > [22m[2mbehavior events[2m > [22m[2mstores typed consumption and action events independently of access_count[22m[39m
Migration applied: add_notifications_table

[90mstdout[2m | tests/behavior-events.test.ts[2m > [22m[2mbehavior events[2m > [22m[2mstores typed consumption and action events independently of access_count[22m[39m
Migration applied: add_core_memory_summary

[90mstdout[2m | tests/behavior-events.test.ts[2m > [22m[2mbehavior events[2m > [22m[2mstores typed consumption and action events independently of access_count[22m[39m
Migration applied: add_temporal_graph_fields

[90mstdout[2m | tests/behavior-events.test.ts[2m > [22m[2mbehavior events[2m > [22m[2mstores typed consumption and action events independently of access_count[22m[39m
Migration applied: add_invalidation_reason_to_relationships

[90mstdout[2m | tests/behavior-events.test.ts[2m > [22m[2mbehavior events[2m > [22m[2mstores typed consumption and action events independently of access_count[22m[39m
Migration applied: add_app_meta

[90mstdout[2m | tests/behavior-events.test.ts[2m > [22m[2mbehavior events[2m > [22m[2mstores typed consumption and action events independently of access_count[22m[39m
Migration applied: add_discussions_table

[90mstdout[2m | tests/behavior-events.test.ts[2m > [22m[2mbehavior events[2m > [22m[2mstores typed consumption and action events independently of access_count[22m[39m
Migration applied: add_mcp_usage_log

[90mstdout[2m | tests/behavior-events.test.ts[2m > [22m[2mbehavior events[2m > [22m[2mstores typed consumption and action events independently of access_count[22m[39m
Migration applied: add_scoped_device_tokens

[90mstdout[2m | tests/behavior-events.test.ts[2m > [22m[2mbehavior events[2m > [22m[2mstores typed consumption and action events independently of access_count[22m[39m
Migration applied: enforce_domain_type_constraints

[90mstdout[2m | tests/behavior-events.test.ts[2m > [22m[2mbehavior events[2m > [22m[2mstores typed consumption and action events independently of access_count[22m[39m
Migration applied: add_temporal_assertions

[90mstdout[2m | tests/behavior-events.test.ts[2m > [22m[2mbehavior events[2m > [22m[2mstores typed consumption and action events independently of access_count[22m[39m
Migration applied: add_ingestion_documents_and_chunks

[90mstdout[2m | tests/behavior-events.test.ts[2m > [22m[2mbehavior events[2m > [22m[2mstores typed consumption and action events independently of access_count[22m[39m
Migration applied: add_entity_resolution_review_queue

[90mstdout[2m | tests/entity-resolution-policy.test.ts[2m > [22m[2mtype-specific entity resolution policy[2m > [22m[2mupgrades a persisted v16 database with review and audit tables[22m[39m
[Database] sqlite-vec 扩展加载成功 ✓

[90mstdout[2m | tests/behavior-events.test.ts[2m > [22m[2mbehavior events[2m > [22m[2mstores typed consumption and action events independently of access_count[22m[39m
Migration applied: add_assertion_conflict_audit

[90mstdout[2m | tests/behavior-events.test.ts[2m > [22m[2mbehavior events[2m > [22m[2mstores typed consumption and action events independently of access_count[22m[39m
Migration applied: add_incremental_relationship_decay

[90mstdout[2m | tests/behavior-events.test.ts[2m > [22m[2mbehavior events[2m > [22m[2mstores typed consumption and action events independently of access_count[22m[39m
Migration applied: add_behavior_events_and_proactive_insights

[90mstdout[2m | tests/behavior-events.test.ts[2m > [22m[2mbehavior events[2m > [22m[2mstores typed consumption and action events independently of access_count[22m[39m
Migration applied: add_assertion_literal_type_versioning_fts

[90mstdout[2m | tests/behavior-events.test.ts[2m > [22m[2mbehavior events[2m > [22m[2mstores typed consumption and action events independently of access_count[22m[39m
Migration applied: extend_entity_merge_audit_with_redirect_summary

[90mstdout[2m | tests/behavior-events.test.ts[2m > [22m[2mbehavior events[2m > [22m[2mstores typed consumption and action events independently of access_count[22m[39m
Migration applied: add_failed_tasks_and_ingestion_provenance

[90mstdout[2m | tests/behavior-events.test.ts[2m > [22m[2mbehavior events[2m > [22m[2mdeduplicates idempotent events[22m[39m
[Database] sqlite-vec 扩展加载成功 ✓

[90mstdout[2m | tests/entity-resolution-policy.test.ts[2m > [22m[2mtype-specific entity resolution policy[2m > [22m[2mupgrades a persisted v16 database with review and audit tables[22m[39m
Migration applied: add_entity_resolution_review_queue

[90mstdout[2m | tests/behavior-events.test.ts[2m > [22m[2mbehavior events[2m > [22m[2mdeduplicates idempotent events[22m[39m
Migration applied: unified_graph_schema_v2

[90mstdout[2m | tests/behavior-events.test.ts[2m > [22m[2mbehavior events[2m > [22m[2mdeduplicates idempotent events[22m[39m
Migration applied: add_performance_indexes_v2

[90mstdout[2m | tests/behavior-events.test.ts[2m > [22m[2mbehavior events[2m > [22m[2mdeduplicates idempotent events[22m[39m
Migration applied: add_memory_tables

[90mstdout[2m | tests/behavior-events.test.ts[2m > [22m[2mbehavior events[2m > [22m[2mdeduplicates idempotent events[22m[39m
Migration applied: add_vec0_virtual_table

[90mstdout[2m | tests/behavior-events.test.ts[2m > [22m[2mbehavior events[2m > [22m[2mdeduplicates idempotent events[22m[39m
Migration applied: add_fts5_fulltext_search

[90mstdout[2m | tests/behavior-events.test.ts[2m > [22m[2mbehavior events[2m > [22m[2mdeduplicates idempotent events[22m[39m
Migration applied: add_notifications_table

[90mstdout[2m | tests/behavior-events.test.ts[2m > [22m[2mbehavior events[2m > [22m[2mdeduplicates idempotent events[22m[39m
Migration applied: add_core_memory_summary

[90mstdout[2m | tests/behavior-events.test.ts[2m > [22m[2mbehavior events[2m > [22m[2mdeduplicates idempotent events[22m[39m
Migration applied: add_temporal_graph_fields

[90mstdout[2m | tests/behavior-events.test.ts[2m > [22m[2mbehavior events[2m > [22m[2mdeduplicates idempotent events[22m[39m
Migration applied: add_invalidation_reason_to_relationships

 [32m✓[39m tests/entity-resolution-policy.test.ts [2m ([22m[2m6 tests[22m[2m)[22m[33m 2795[2mms[22m[39m
[90mstdout[2m | tests/behavior-events.test.ts[2m > [22m[2mbehavior events[2m > [22m[2mdeduplicates idempotent events[22m[39m
Migration applied: add_app_meta

[90mstdout[2m | tests/behavior-events.test.ts[2m > [22m[2mbehavior events[2m > [22m[2mdeduplicates idempotent events[22m[39m
Migration applied: add_discussions_table

[90mstdout[2m | tests/behavior-events.test.ts[2m > [22m[2mbehavior events[2m > [22m[2mdeduplicates idempotent events[22m[39m
Migration applied: add_mcp_usage_log

[90mstdout[2m | tests/behavior-events.test.ts[2m > [22m[2mbehavior events[2m > [22m[2mdeduplicates idempotent events[22m[39m
Migration applied: add_scoped_device_tokens

 [32m✓[39m tests/temporal-parser.test.ts [2m ([22m[2m5 tests[22m[2m)[22m[90m 21[2mms[22m[39m
[90mstdout[2m | tests/behavior-events.test.ts[2m > [22m[2mbehavior events[2m > [22m[2mdeduplicates idempotent events[22m[39m
Migration applied: enforce_domain_type_constraints

[90mstdout[2m | tests/behavior-events.test.ts[2m > [22m[2mbehavior events[2m > [22m[2mdeduplicates idempotent events[22m[39m
Migration applied: add_temporal_assertions

[90mstdout[2m | tests/behavior-events.test.ts[2m > [22m[2mbehavior events[2m > [22m[2mdeduplicates idempotent events[22m[39m
Migration applied: add_ingestion_documents_and_chunks

[90mstdout[2m | tests/behavior-events.test.ts[2m > [22m[2mbehavior events[2m > [22m[2mdeduplicates idempotent events[22m[39m
Migration applied: add_entity_resolution_review_queue

[90mstdout[2m | tests/behavior-events.test.ts[2m > [22m[2mbehavior events[2m > [22m[2mdeduplicates idempotent events[22m[39m
Migration applied: add_assertion_conflict_audit

[90mstdout[2m | tests/behavior-events.test.ts[2m > [22m[2mbehavior events[2m > [22m[2mdeduplicates idempotent events[22m[39m
Migration applied: add_incremental_relationship_decay

[90mstdout[2m | tests/behavior-events.test.ts[2m > [22m[2mbehavior events[2m > [22m[2mdeduplicates idempotent events[22m[39m
Migration applied: add_behavior_events_and_proactive_insights

[90mstdout[2m | tests/behavior-events.test.ts[2m > [22m[2mbehavior events[2m > [22m[2mdeduplicates idempotent events[22m[39m
Migration applied: add_assertion_literal_type_versioning_fts

[90mstdout[2m | tests/behavior-events.test.ts[2m > [22m[2mbehavior events[2m > [22m[2mdeduplicates idempotent events[22m[39m
Migration applied: extend_entity_merge_audit_with_redirect_summary

[90mstdout[2m | tests/behavior-events.test.ts[2m > [22m[2mbehavior events[2m > [22m[2mdeduplicates idempotent events[22m[39m
Migration applied: add_failed_tasks_and_ingestion_provenance

[90mstdout[2m | tests/behavior-events.test.ts[2m > [22m[2mbehavior events[2m > [22m[2mstores auditable proactive insight evidence and feedback[22m[39m
[Database] sqlite-vec 扩展加载成功 ✓

[90mstdout[2m | tests/behavior-events.test.ts[2m > [22m[2mbehavior events[2m > [22m[2mstores auditable proactive insight evidence and feedback[22m[39m
Migration applied: unified_graph_schema_v2

[90mstdout[2m | tests/behavior-events.test.ts[2m > [22m[2mbehavior events[2m > [22m[2mstores auditable proactive insight evidence and feedback[22m[39m
Migration applied: add_performance_indexes_v2

[90mstdout[2m | tests/behavior-events.test.ts[2m > [22m[2mbehavior events[2m > [22m[2mstores auditable proactive insight evidence and feedback[22m[39m
Migration applied: add_memory_tables

[90mstdout[2m | tests/behavior-events.test.ts[2m > [22m[2mbehavior events[2m > [22m[2mstores auditable proactive insight evidence and feedback[22m[39m
Migration applied: add_vec0_virtual_table

[90mstdout[2m | tests/behavior-events.test.ts[2m > [22m[2mbehavior events[2m > [22m[2mstores auditable proactive insight evidence and feedback[22m[39m
Migration applied: add_fts5_fulltext_search

[90mstdout[2m | tests/behavior-events.test.ts[2m > [22m[2mbehavior events[2m > [22m[2mstores auditable proactive insight evidence and feedback[22m[39m
Migration applied: add_notifications_table

[90mstdout[2m | tests/behavior-events.test.ts[2m > [22m[2mbehavior events[2m > [22m[2mstores auditable proactive insight evidence and feedback[22m[39m
Migration applied: add_core_memory_summary

[90mstdout[2m | tests/behavior-events.test.ts[2m > [22m[2mbehavior events[2m > [22m[2mstores auditable proactive insight evidence and feedback[22m[39m
Migration applied: add_temporal_graph_fields

 [32m✓[39m tests/audited-ai-fetch.test.ts [2m ([22m[2m2 tests[22m[2m)[22m[90m 76[2mms[22m[39m
[90mstdout[2m | tests/behavior-events.test.ts[2m > [22m[2mbehavior events[2m > [22m[2mstores auditable proactive insight evidence and feedback[22m[39m
Migration applied: add_invalidation_reason_to_relationships

[90mstdout[2m | tests/behavior-events.test.ts[2m > [22m[2mbehavior events[2m > [22m[2mstores auditable proactive insight evidence and feedback[22m[39m
Migration applied: add_app_meta

[90mstdout[2m | tests/behavior-events.test.ts[2m > [22m[2mbehavior events[2m > [22m[2mstores auditable proactive insight evidence and feedback[22m[39m
Migration applied: add_discussions_table

[90mstdout[2m | tests/behavior-events.test.ts[2m > [22m[2mbehavior events[2m > [22m[2mstores auditable proactive insight evidence and feedback[22m[39m
Migration applied: add_mcp_usage_log

[90mstdout[2m | tests/behavior-events.test.ts[2m > [22m[2mbehavior events[2m > [22m[2mstores auditable proactive insight evidence and feedback[22m[39m
Migration applied: add_scoped_device_tokens

[90mstdout[2m | tests/behavior-events.test.ts[2m > [22m[2mbehavior events[2m > [22m[2mstores auditable proactive insight evidence and feedback[22m[39m
Migration applied: enforce_domain_type_constraints

[90mstdout[2m | tests/behavior-events.test.ts[2m > [22m[2mbehavior events[2m > [22m[2mstores auditable proactive insight evidence and feedback[22m[39m
Migration applied: add_temporal_assertions

[90mstdout[2m | tests/behavior-events.test.ts[2m > [22m[2mbehavior events[2m > [22m[2mstores auditable proactive insight evidence and feedback[22m[39m
Migration applied: add_ingestion_documents_and_chunks

[90mstdout[2m | tests/behavior-events.test.ts[2m > [22m[2mbehavior events[2m > [22m[2mstores auditable proactive insight evidence and feedback[22m[39m
Migration applied: add_entity_resolution_review_queue

 [32m✓[39m tests/chunker.test.ts [2m ([22m[2m4 tests[22m[2m)[22m[90m 15[2mms[22m[39m
[90mstdout[2m | tests/behavior-events.test.ts[2m > [22m[2mbehavior events[2m > [22m[2mstores auditable proactive insight evidence and feedback[22m[39m
Migration applied: add_assertion_conflict_audit

[90mstdout[2m | tests/behavior-events.test.ts[2m > [22m[2mbehavior events[2m > [22m[2mstores auditable proactive insight evidence and feedback[22m[39m
Migration applied: add_incremental_relationship_decay

[90mstdout[2m | tests/behavior-events.test.ts[2m > [22m[2mbehavior events[2m > [22m[2mstores auditable proactive insight evidence and feedback[22m[39m
Migration applied: add_behavior_events_and_proactive_insights

[90mstdout[2m | tests/behavior-events.test.ts[2m > [22m[2mbehavior events[2m > [22m[2mstores auditable proactive insight evidence and feedback[22m[39m
Migration applied: add_assertion_literal_type_versioning_fts

[90mstdout[2m | tests/behavior-events.test.ts[2m > [22m[2mbehavior events[2m > [22m[2mstores auditable proactive insight evidence and feedback[22m[39m
Migration applied: extend_entity_merge_audit_with_redirect_summary

[90mstdout[2m | tests/behavior-events.test.ts[2m > [22m[2mbehavior events[2m > [22m[2mstores auditable proactive insight evidence and feedback[22m[39m
Migration applied: add_failed_tasks_and_ingestion_provenance

 [32m✓[39m tests/behavior-events.test.ts [2m ([22m[2m3 tests[22m[2m)[22m[33m 328[2mms[22m[39m
[90mstdout[2m | tests/agent-loop-scheduling.test.ts[2m > [22m[2mAgentLoop independent scheduling[2m > [22m[2mruns decay and increments cycles even when there are no consolidation entities[22m[39m
[Database] sqlite-vec 扩展加载成功 ✓

[90mstdout[2m | tests/agent-loop-scheduling.test.ts[2m > [22m[2mAgentLoop independent scheduling[2m > [22m[2mruns decay and increments cycles even when there are no consolidation entities[22m[39m
Migration applied: unified_graph_schema_v2

[90mstdout[2m | tests/agent-loop-scheduling.test.ts[2m > [22m[2mAgentLoop independent scheduling[2m > [22m[2mruns decay and increments cycles even when there are no consolidation entities[22m[39m
Migration applied: add_performance_indexes_v2

[90mstdout[2m | tests/agent-loop-scheduling.test.ts[2m > [22m[2mAgentLoop independent scheduling[2m > [22m[2mruns decay and increments cycles even when there are no consolidation entities[22m[39m
Migration applied: add_memory_tables

[90mstdout[2m | tests/agent-loop-scheduling.test.ts[2m > [22m[2mAgentLoop independent scheduling[2m > [22m[2mruns decay and increments cycles even when there are no consolidation entities[22m[39m
Migration applied: add_vec0_virtual_table

[90mstdout[2m | tests/agent-loop-scheduling.test.ts[2m > [22m[2mAgentLoop independent scheduling[2m > [22m[2mruns decay and increments cycles even when there are no consolidation entities[22m[39m
Migration applied: add_fts5_fulltext_search

[90mstdout[2m | tests/agent-loop-scheduling.test.ts[2m > [22m[2mAgentLoop independent scheduling[2m > [22m[2mruns decay and increments cycles even when there are no consolidation entities[22m[39m
Migration applied: add_notifications_table

[90mstdout[2m | tests/agent-loop-scheduling.test.ts[2m > [22m[2mAgentLoop independent scheduling[2m > [22m[2mruns decay and increments cycles even when there are no consolidation entities[22m[39m
Migration applied: add_core_memory_summary

[90mstdout[2m | tests/agent-loop-scheduling.test.ts[2m > [22m[2mAgentLoop independent scheduling[2m > [22m[2mruns decay and increments cycles even when there are no consolidation entities[22m[39m
Migration applied: add_temporal_graph_fields

[90mstdout[2m | tests/agent-loop-scheduling.test.ts[2m > [22m[2mAgentLoop independent scheduling[2m > [22m[2mruns decay and increments cycles even when there are no consolidation entities[22m[39m
Migration applied: add_invalidation_reason_to_relationships

[90mstdout[2m | tests/agent-loop-scheduling.test.ts[2m > [22m[2mAgentLoop independent scheduling[2m > [22m[2mruns decay and increments cycles even when there are no consolidation entities[22m[39m
Migration applied: add_app_meta

[90mstdout[2m | tests/agent-loop-scheduling.test.ts[2m > [22m[2mAgentLoop independent scheduling[2m > [22m[2mruns decay and increments cycles even when there are no consolidation entities[22m[39m
Migration applied: add_discussions_table

[90mstdout[2m | tests/agent-loop-scheduling.test.ts[2m > [22m[2mAgentLoop independent scheduling[2m > [22m[2mruns decay and increments cycles even when there are no consolidation entities[22m[39m
Migration applied: add_mcp_usage_log

[90mstdout[2m | tests/agent-loop-scheduling.test.ts[2m > [22m[2mAgentLoop independent scheduling[2m > [22m[2mruns decay and increments cycles even when there are no consolidation entities[22m[39m
Migration applied: add_scoped_device_tokens

[90mstdout[2m | tests/agent-loop-scheduling.test.ts[2m > [22m[2mAgentLoop independent scheduling[2m > [22m[2mruns decay and increments cycles even when there are no consolidation entities[22m[39m
Migration applied: enforce_domain_type_constraints

[90mstdout[2m | tests/agent-loop-scheduling.test.ts[2m > [22m[2mAgentLoop independent scheduling[2m > [22m[2mruns decay and increments cycles even when there are no consolidation entities[22m[39m
Migration applied: add_temporal_assertions

[90mstdout[2m | tests/agent-loop-scheduling.test.ts[2m > [22m[2mAgentLoop independent scheduling[2m > [22m[2mruns decay and increments cycles even when there are no consolidation entities[22m[39m
Migration applied: add_ingestion_documents_and_chunks

[90mstdout[2m | tests/agent-loop-scheduling.test.ts[2m > [22m[2mAgentLoop independent scheduling[2m > [22m[2mruns decay and increments cycles even when there are no consolidation entities[22m[39m
Migration applied: add_entity_resolution_review_queue

[90mstdout[2m | tests/agent-loop-scheduling.test.ts[2m > [22m[2mAgentLoop independent scheduling[2m > [22m[2mruns decay and increments cycles even when there are no consolidation entities[22m[39m
Migration applied: add_assertion_conflict_audit

[90mstdout[2m | tests/agent-loop-scheduling.test.ts[2m > [22m[2mAgentLoop independent scheduling[2m > [22m[2mruns decay and increments cycles even when there are no consolidation entities[22m[39m
Migration applied: add_incremental_relationship_decay

[90mstdout[2m | tests/agent-loop-scheduling.test.ts[2m > [22m[2mAgentLoop independent scheduling[2m > [22m[2mruns decay and increments cycles even when there are no consolidation entities[22m[39m
Migration applied: add_behavior_events_and_proactive_insights

[90mstdout[2m | tests/agent-loop-scheduling.test.ts[2m > [22m[2mAgentLoop independent scheduling[2m > [22m[2mruns decay and increments cycles even when there are no consolidation entities[22m[39m
Migration applied: add_assertion_literal_type_versioning_fts

[90mstdout[2m | tests/agent-loop-scheduling.test.ts[2m > [22m[2mAgentLoop independent scheduling[2m > [22m[2mruns decay and increments cycles even when there are no consolidation entities[22m[39m
Migration applied: extend_entity_merge_audit_with_redirect_summary

[90mstdout[2m | tests/agent-loop-scheduling.test.ts[2m > [22m[2mAgentLoop independent scheduling[2m > [22m[2mruns decay and increments cycles even when there are no consolidation entities[22m[39m
Migration applied: add_failed_tasks_and_ingestion_provenance
[AgentLoop] 唤醒，执行周期任务...

[90mstdout[2m | tests/agent-loop-scheduling.test.ts[2m > [22m[2mAgentLoop independent scheduling[2m > [22m[2mruns decay and increments cycles even when there are no consolidation entities[22m[39m
[AgentLoop] 洞见数据不足，本轮仅跳过 insight_generation

[90mstdout[2m | tests/agent-loop-scheduling.test.ts[2m > [22m[2mAgentLoop independent scheduling[2m > [22m[2mruns decay and increments cycles even when there are no consolidation entities[22m[39m
[AgentLoop] 唤醒，执行周期任务...
[AgentLoop] 洞见数据不足，本轮仅跳过 insight_generation

[90mstdout[2m | tests/agent-loop-scheduling.test.ts[2m > [22m[2mAgentLoop independent scheduling[2m > [22m[2mcontinues decay work when insight generation throws[22m[39m
[Database] sqlite-vec 扩展加载成功 ✓

[90mstdout[2m | tests/agent-loop-scheduling.test.ts[2m > [22m[2mAgentLoop independent scheduling[2m > [22m[2mcontinues decay work when insight generation throws[22m[39m
Migration applied: unified_graph_schema_v2

[90mstdout[2m | tests/agent-loop-scheduling.test.ts[2m > [22m[2mAgentLoop independent scheduling[2m > [22m[2mcontinues decay work when insight generation throws[22m[39m
Migration applied: add_performance_indexes_v2

[90mstdout[2m | tests/agent-loop-scheduling.test.ts[2m > [22m[2mAgentLoop independent scheduling[2m > [22m[2mcontinues decay work when insight generation throws[22m[39m
Migration applied: add_memory_tables

[90mstdout[2m | tests/agent-loop-scheduling.test.ts[2m > [22m[2mAgentLoop independent scheduling[2m > [22m[2mcontinues decay work when insight generation throws[22m[39m
Migration applied: add_vec0_virtual_table

[90mstdout[2m | tests/agent-loop-scheduling.test.ts[2m > [22m[2mAgentLoop independent scheduling[2m > [22m[2mcontinues decay work when insight generation throws[22m[39m
Migration applied: add_fts5_fulltext_search

[90mstdout[2m | tests/agent-loop-scheduling.test.ts[2m > [22m[2mAgentLoop independent scheduling[2m > [22m[2mcontinues decay work when insight generation throws[22m[39m
Migration applied: add_notifications_table

[90mstdout[2m | tests/agent-loop-scheduling.test.ts[2m > [22m[2mAgentLoop independent scheduling[2m > [22m[2mcontinues decay work when insight generation throws[22m[39m
Migration applied: add_core_memory_summary

[90mstdout[2m | tests/agent-loop-scheduling.test.ts[2m > [22m[2mAgentLoop independent scheduling[2m > [22m[2mcontinues decay work when insight generation throws[22m[39m
Migration applied: add_temporal_graph_fields

[90mstdout[2m | tests/agent-loop-scheduling.test.ts[2m > [22m[2mAgentLoop independent scheduling[2m > [22m[2mcontinues decay work when insight generation throws[22m[39m
Migration applied: add_invalidation_reason_to_relationships

[90mstdout[2m | tests/agent-loop-scheduling.test.ts[2m > [22m[2mAgentLoop independent scheduling[2m > [22m[2mcontinues decay work when insight generation throws[22m[39m
Migration applied: add_app_meta

[90mstdout[2m | tests/agent-loop-scheduling.test.ts[2m > [22m[2mAgentLoop independent scheduling[2m > [22m[2mcontinues decay work when insight generation throws[22m[39m
Migration applied: add_discussions_table

[90mstdout[2m | tests/agent-loop-scheduling.test.ts[2m > [22m[2mAgentLoop independent scheduling[2m > [22m[2mcontinues decay work when insight generation throws[22m[39m
Migration applied: add_mcp_usage_log

[90mstdout[2m | tests/agent-loop-scheduling.test.ts[2m > [22m[2mAgentLoop independent scheduling[2m > [22m[2mcontinues decay work when insight generation throws[22m[39m
Migration applied: add_scoped_device_tokens

[90mstdout[2m | tests/agent-loop-scheduling.test.ts[2m > [22m[2mAgentLoop independent scheduling[2m > [22m[2mcontinues decay work when insight generation throws[22m[39m
Migration applied: enforce_domain_type_constraints

[90mstdout[2m | tests/agent-loop-scheduling.test.ts[2m > [22m[2mAgentLoop independent scheduling[2m > [22m[2mcontinues decay work when insight generation throws[22m[39m
Migration applied: add_temporal_assertions

[90mstdout[2m | tests/agent-loop-scheduling.test.ts[2m > [22m[2mAgentLoop independent scheduling[2m > [22m[2mcontinues decay work when insight generation throws[22m[39m
Migration applied: add_ingestion_documents_and_chunks

[90mstdout[2m | tests/agent-loop-scheduling.test.ts[2m > [22m[2mAgentLoop independent scheduling[2m > [22m[2mcontinues decay work when insight generation throws[22m[39m
Migration applied: add_entity_resolution_review_queue

[90mstdout[2m | tests/agent-loop-scheduling.test.ts[2m > [22m[2mAgentLoop independent scheduling[2m > [22m[2mcontinues decay work when insight generation throws[22m[39m
Migration applied: add_assertion_conflict_audit

[90mstdout[2m | tests/agent-loop-scheduling.test.ts[2m > [22m[2mAgentLoop independent scheduling[2m > [22m[2mcontinues decay work when insight generation throws[22m[39m
Migration applied: add_incremental_relationship_decay

[90mstdout[2m | tests/agent-loop-scheduling.test.ts[2m > [22m[2mAgentLoop independent scheduling[2m > [22m[2mcontinues decay work when insight generation throws[22m[39m
Migration applied: add_behavior_events_and_proactive_insights

[90mstdout[2m | tests/agent-loop-scheduling.test.ts[2m > [22m[2mAgentLoop independent scheduling[2m > [22m[2mcontinues decay work when insight generation throws[22m[39m
Migration applied: add_assertion_literal_type_versioning_fts

[90mstdout[2m | tests/agent-loop-scheduling.test.ts[2m > [22m[2mAgentLoop independent scheduling[2m > [22m[2mcontinues decay work when insight generation throws[22m[39m
Migration applied: extend_entity_merge_audit_with_redirect_summary

stderr | tests/agent-loop-scheduling.test.ts > AgentLoop independent scheduling > continues decay work when insight generation throws
[AgentLoop] insight_generation 失败，继续其他周期任务: Error: fixture insight failure
    at <repo>\brain-server\tests\agent-loop-scheduling.test.ts:25:71
    at runTest (file:///<repo>/brain-server/node_modules/@vitest/runner/dist/index.js:781:11)
    at runSuite (file:///<repo>/brain-server/node_modules/@vitest/runner/dist/index.js:909:15)
    at runSuite (file:///<repo>/brain-server/node_modules/@vitest/runner/dist/index.js:909:15)
[90mstdout[2m | tests/agent-loop-scheduling.test.ts[2m > [22m[2mAgentLoop independent scheduling[2m > [22m[2mcontinues decay work when insight generation throws[22m[39m
Migration applied: add_failed_tasks_and_ingestion_provenance
[AgentLoop] 唤醒，执行周期任务...

    at runFiles (file:///<repo>/brain-server/node_modules/@vitest/runner/dist/index.js:958:5)
    at startTests (file:///<repo>/brain-server/node_modules/@vitest/runner/dist/index.js:967:3)
    at file:///<repo>/brain-server/node_modules/vitest/dist/chunks/runtime-runBaseTests.oAvMKtQC.js:116:7
    at withEnv (file:///<repo>/brain-server/node_modules/vitest/dist/chunks/runtime-runBaseTests.oAvMKtQC.js:83:5)
    at run (file:///<repo>/brain-server/node_modules/vitest/dist/chunks/runtime-runBaseTests.oAvMKtQC.js:105:3)
    at runBaseTests (file:///<repo>/brain-server/node_modules/vitest/dist/vendor/base.Ybri3C14.js:30:3)

[90mstdout[2m | tests/agent-loop-scheduling.test.ts[2m > [22m[2mAgentLoop independent scheduling[2m > [22m[2mcreates one review reminder for a due decision without an outcome[22m[39m
[Database] sqlite-vec 扩展加载成功 ✓

[90mstdout[2m | tests/agent-loop-scheduling.test.ts[2m > [22m[2mAgentLoop independent scheduling[2m > [22m[2mcreates one review reminder for a due decision without an outcome[22m[39m
Migration applied: unified_graph_schema_v2

[90mstdout[2m | tests/agent-loop-scheduling.test.ts[2m > [22m[2mAgentLoop independent scheduling[2m > [22m[2mcreates one review reminder for a due decision without an outcome[22m[39m
Migration applied: add_performance_indexes_v2

[90mstdout[2m | tests/agent-loop-scheduling.test.ts[2m > [22m[2mAgentLoop independent scheduling[2m > [22m[2mcreates one review reminder for a due decision without an outcome[22m[39m
Migration applied: add_memory_tables

[90mstdout[2m | tests/agent-loop-scheduling.test.ts[2m > [22m[2mAgentLoop independent scheduling[2m > [22m[2mcreates one review reminder for a due decision without an outcome[22m[39m
Migration applied: add_vec0_virtual_table

[90mstdout[2m | tests/agent-loop-scheduling.test.ts[2m > [22m[2mAgentLoop independent scheduling[2m > [22m[2mcreates one review reminder for a due decision without an outcome[22m[39m
Migration applied: add_fts5_fulltext_search

[90mstdout[2m | tests/agent-loop-scheduling.test.ts[2m > [22m[2mAgentLoop independent scheduling[2m > [22m[2mcreates one review reminder for a due decision without an outcome[22m[39m
Migration applied: add_notifications_table

[90mstdout[2m | tests/agent-loop-scheduling.test.ts[2m > [22m[2mAgentLoop independent scheduling[2m > [22m[2mcreates one review reminder for a due decision without an outcome[22m[39m
Migration applied: add_core_memory_summary

[90mstdout[2m | tests/agent-loop-scheduling.test.ts[2m > [22m[2mAgentLoop independent scheduling[2m > [22m[2mcreates one review reminder for a due decision without an outcome[22m[39m
Migration applied: add_temporal_graph_fields

[90mstdout[2m | tests/agent-loop-scheduling.test.ts[2m > [22m[2mAgentLoop independent scheduling[2m > [22m[2mcreates one review reminder for a due decision without an outcome[22m[39m
Migration applied: add_invalidation_reason_to_relationships

[90mstdout[2m | tests/agent-loop-scheduling.test.ts[2m > [22m[2mAgentLoop independent scheduling[2m > [22m[2mcreates one review reminder for a due decision without an outcome[22m[39m
Migration applied: add_app_meta

[90mstdout[2m | tests/agent-loop-scheduling.test.ts[2m > [22m[2mAgentLoop independent scheduling[2m > [22m[2mcreates one review reminder for a due decision without an outcome[22m[39m
Migration applied: add_discussions_table

[90mstdout[2m | tests/agent-loop-scheduling.test.ts[2m > [22m[2mAgentLoop independent scheduling[2m > [22m[2mcreates one review reminder for a due decision without an outcome[22m[39m
Migration applied: add_mcp_usage_log

[90mstdout[2m | tests/agent-loop-scheduling.test.ts[2m > [22m[2mAgentLoop independent scheduling[2m > [22m[2mcreates one review reminder for a due decision without an outcome[22m[39m
Migration applied: add_scoped_device_tokens

[90mstdout[2m | tests/agent-loop-scheduling.test.ts[2m > [22m[2mAgentLoop independent scheduling[2m > [22m[2mcreates one review reminder for a due decision without an outcome[22m[39m
Migration applied: enforce_domain_type_constraints

[90mstdout[2m | tests/agent-loop-scheduling.test.ts[2m > [22m[2mAgentLoop independent scheduling[2m > [22m[2mcreates one review reminder for a due decision without an outcome[22m[39m
Migration applied: add_temporal_assertions

[90mstdout[2m | tests/agent-loop-scheduling.test.ts[2m > [22m[2mAgentLoop independent scheduling[2m > [22m[2mcreates one review reminder for a due decision without an outcome[22m[39m
Migration applied: add_ingestion_documents_and_chunks

[90mstdout[2m | tests/agent-loop-scheduling.test.ts[2m > [22m[2mAgentLoop independent scheduling[2m > [22m[2mcreates one review reminder for a due decision without an outcome[22m[39m
Migration applied: add_entity_resolution_review_queue

[90mstdout[2m | tests/agent-loop-scheduling.test.ts[2m > [22m[2mAgentLoop independent scheduling[2m > [22m[2mcreates one review reminder for a due decision without an outcome[22m[39m
Migration applied: add_assertion_conflict_audit

[90mstdout[2m | tests/agent-loop-scheduling.test.ts[2m > [22m[2mAgentLoop independent scheduling[2m > [22m[2mcreates one review reminder for a due decision without an outcome[22m[39m
Migration applied: add_incremental_relationship_decay

[90mstdout[2m | tests/agent-loop-scheduling.test.ts[2m > [22m[2mAgentLoop independent scheduling[2m > [22m[2mcreates one review reminder for a due decision without an outcome[22m[39m
Migration applied: add_behavior_events_and_proactive_insights

[90mstdout[2m | tests/agent-loop-scheduling.test.ts[2m > [22m[2mAgentLoop independent scheduling[2m > [22m[2mcreates one review reminder for a due decision without an outcome[22m[39m
Migration applied: add_assertion_literal_type_versioning_fts

[90mstdout[2m | tests/agent-loop-scheduling.test.ts[2m > [22m[2mAgentLoop independent scheduling[2m > [22m[2mcreates one review reminder for a due decision without an outcome[22m[39m
Migration applied: extend_entity_merge_audit_with_redirect_summary

[90mstdout[2m | tests/agent-loop-scheduling.test.ts[2m > [22m[2mAgentLoop independent scheduling[2m > [22m[2mcreates one review reminder for a due decision without an outcome[22m[39m
Migration applied: add_failed_tasks_and_ingestion_provenance

[90mstdout[2m | tests/agent-loop-scheduling.test.ts[2m > [22m[2mAgentLoop independent scheduling[2m > [22m[2mcreates one review reminder for a due decision without an outcome[22m[39m
[AgentLoop] 唤醒，执行周期任务...
[AgentLoop] 洞见数据不足，本轮仅跳过 insight_generation

[90mstdout[2m | tests/agent-loop-scheduling.test.ts[2m > [22m[2mAgentLoop independent scheduling[2m > [22m[2mcreates one review reminder for a due decision without an outcome[22m[39m
[AgentLoop] 唤醒，执行周期任务...

[90mstdout[2m | tests/agent-loop-scheduling.test.ts[2m > [22m[2mAgentLoop independent scheduling[2m > [22m[2mcreates one review reminder for a due decision without an outcome[22m[39m
[AgentLoop] 洞见数据不足，本轮仅跳过 insight_generation

 [32m✓[39m tests/agent-loop-scheduling.test.ts [2m ([22m[2m3 tests[22m[2m)[22m[33m 339[2mms[22m[39m
[90mstdout[2m | tests/blindspot-behavior.test.ts[2m > [22m[2mbehavior-grounded blindspots[2m > [22m[2mrequires action-intent consumption and suppresses reminders after real action[22m[39m
[Database] sqlite-vec 扩展加载成功 ✓

[90mstdout[2m | tests/blindspot-behavior.test.ts[2m > [22m[2mbehavior-grounded blindspots[2m > [22m[2mrequires action-intent consumption and suppresses reminders after real action[22m[39m
Migration applied: unified_graph_schema_v2

[90mstdout[2m | tests/blindspot-behavior.test.ts[2m > [22m[2mbehavior-grounded blindspots[2m > [22m[2mrequires action-intent consumption and suppresses reminders after real action[22m[39m
Migration applied: add_performance_indexes_v2

[90mstdout[2m | tests/blindspot-behavior.test.ts[2m > [22m[2mbehavior-grounded blindspots[2m > [22m[2mrequires action-intent consumption and suppresses reminders after real action[22m[39m
Migration applied: add_memory_tables

[90mstdout[2m | tests/blindspot-behavior.test.ts[2m > [22m[2mbehavior-grounded blindspots[2m > [22m[2mrequires action-intent consumption and suppresses reminders after real action[22m[39m
Migration applied: add_vec0_virtual_table

[90mstdout[2m | tests/blindspot-behavior.test.ts[2m > [22m[2mbehavior-grounded blindspots[2m > [22m[2mrequires action-intent consumption and suppresses reminders after real action[22m[39m
Migration applied: add_fts5_fulltext_search

[90mstdout[2m | tests/blindspot-behavior.test.ts[2m > [22m[2mbehavior-grounded blindspots[2m > [22m[2mrequires action-intent consumption and suppresses reminders after real action[22m[39m
Migration applied: add_notifications_table

[90mstdout[2m | tests/blindspot-behavior.test.ts[2m > [22m[2mbehavior-grounded blindspots[2m > [22m[2mrequires action-intent consumption and suppresses reminders after real action[22m[39m
Migration applied: add_core_memory_summary

[90mstdout[2m | tests/blindspot-behavior.test.ts[2m > [22m[2mbehavior-grounded blindspots[2m > [22m[2mrequires action-intent consumption and suppresses reminders after real action[22m[39m
Migration applied: add_temporal_graph_fields

[90mstdout[2m | tests/blindspot-behavior.test.ts[2m > [22m[2mbehavior-grounded blindspots[2m > [22m[2mrequires action-intent consumption and suppresses reminders after real action[22m[39m
Migration applied: add_invalidation_reason_to_relationships

[90mstdout[2m | tests/blindspot-behavior.test.ts[2m > [22m[2mbehavior-grounded blindspots[2m > [22m[2mrequires action-intent consumption and suppresses reminders after real action[22m[39m
Migration applied: add_app_meta

[90mstdout[2m | tests/blindspot-behavior.test.ts[2m > [22m[2mbehavior-grounded blindspots[2m > [22m[2mrequires action-intent consumption and suppresses reminders after real action[22m[39m
Migration applied: add_discussions_table

[90mstdout[2m | tests/blindspot-behavior.test.ts[2m > [22m[2mbehavior-grounded blindspots[2m > [22m[2mrequires action-intent consumption and suppresses reminders after real action[22m[39m
Migration applied: add_mcp_usage_log

[90mstdout[2m | tests/blindspot-behavior.test.ts[2m > [22m[2mbehavior-grounded blindspots[2m > [22m[2mrequires action-intent consumption and suppresses reminders after real action[22m[39m
Migration applied: add_scoped_device_tokens

[90mstdout[2m | tests/blindspot-behavior.test.ts[2m > [22m[2mbehavior-grounded blindspots[2m > [22m[2mrequires action-intent consumption and suppresses reminders after real action[22m[39m
Migration applied: enforce_domain_type_constraints

[90mstdout[2m | tests/blindspot-behavior.test.ts[2m > [22m[2mbehavior-grounded blindspots[2m > [22m[2mrequires action-intent consumption and suppresses reminders after real action[22m[39m
Migration applied: add_temporal_assertions

[90mstdout[2m | tests/blindspot-behavior.test.ts[2m > [22m[2mbehavior-grounded blindspots[2m > [22m[2mrequires action-intent consumption and suppresses reminders after real action[22m[39m
Migration applied: add_ingestion_documents_and_chunks

[90mstdout[2m | tests/blindspot-behavior.test.ts[2m > [22m[2mbehavior-grounded blindspots[2m > [22m[2mrequires action-intent consumption and suppresses reminders after real action[22m[39m
Migration applied: add_entity_resolution_review_queue

[90mstdout[2m | tests/blindspot-behavior.test.ts[2m > [22m[2mbehavior-grounded blindspots[2m > [22m[2mrequires action-intent consumption and suppresses reminders after real action[22m[39m
Migration applied: add_assertion_conflict_audit

[90mstdout[2m | tests/ingestion-migration.test.ts[2m > [22m[2mingestion chunk migration[2m > [22m[2mupgrades an existing v15 database without changing legacy entities[22m[39m
[Database] sqlite-vec 扩展加载成功 ✓

[90mstdout[2m | tests/blindspot-behavior.test.ts[2m > [22m[2mbehavior-grounded blindspots[2m > [22m[2mrequires action-intent consumption and suppresses reminders after real action[22m[39m
Migration applied: add_incremental_relationship_decay

[90mstdout[2m | tests/blindspot-behavior.test.ts[2m > [22m[2mbehavior-grounded blindspots[2m > [22m[2mrequires action-intent consumption and suppresses reminders after real action[22m[39m
Migration applied: add_behavior_events_and_proactive_insights

[90mstdout[2m | tests/blindspot-behavior.test.ts[2m > [22m[2mbehavior-grounded blindspots[2m > [22m[2mrequires action-intent consumption and suppresses reminders after real action[22m[39m
Migration applied: add_assertion_literal_type_versioning_fts

[90mstdout[2m | tests/blindspot-behavior.test.ts[2m > [22m[2mbehavior-grounded blindspots[2m > [22m[2mrequires action-intent consumption and suppresses reminders after real action[22m[39m
Migration applied: extend_entity_merge_audit_with_redirect_summary

[90mstdout[2m | tests/blindspot-behavior.test.ts[2m > [22m[2mbehavior-grounded blindspots[2m > [22m[2mrequires action-intent consumption and suppresses reminders after real action[22m[39m
Migration applied: add_failed_tasks_and_ingestion_provenance

[90mstdout[2m | tests/blindspot-behavior.test.ts[2m > [22m[2mbehavior-grounded blindspots[2m > [22m[2muses a semantic search topic instead of noisy Chinese bigrams[22m[39m
[Database] sqlite-vec 扩展加载成功 ✓

[90mstdout[2m | tests/blindspot-behavior.test.ts[2m > [22m[2mbehavior-grounded blindspots[2m > [22m[2muses a semantic search topic instead of noisy Chinese bigrams[22m[39m
Migration applied: unified_graph_schema_v2

[90mstdout[2m | tests/blindspot-behavior.test.ts[2m > [22m[2mbehavior-grounded blindspots[2m > [22m[2muses a semantic search topic instead of noisy Chinese bigrams[22m[39m
Migration applied: add_performance_indexes_v2

[90mstdout[2m | tests/blindspot-behavior.test.ts[2m > [22m[2mbehavior-grounded blindspots[2m > [22m[2muses a semantic search topic instead of noisy Chinese bigrams[22m[39m
Migration applied: add_memory_tables

[90mstdout[2m | tests/blindspot-behavior.test.ts[2m > [22m[2mbehavior-grounded blindspots[2m > [22m[2muses a semantic search topic instead of noisy Chinese bigrams[22m[39m
Migration applied: add_vec0_virtual_table

[90mstdout[2m | tests/blindspot-behavior.test.ts[2m > [22m[2mbehavior-grounded blindspots[2m > [22m[2muses a semantic search topic instead of noisy Chinese bigrams[22m[39m
Migration applied: add_fts5_fulltext_search

[90mstdout[2m | tests/blindspot-behavior.test.ts[2m > [22m[2mbehavior-grounded blindspots[2m > [22m[2muses a semantic search topic instead of noisy Chinese bigrams[22m[39m
Migration applied: add_notifications_table

[90mstdout[2m | tests/blindspot-behavior.test.ts[2m > [22m[2mbehavior-grounded blindspots[2m > [22m[2muses a semantic search topic instead of noisy Chinese bigrams[22m[39m
Migration applied: add_core_memory_summary

[90mstdout[2m | tests/blindspot-behavior.test.ts[2m > [22m[2mbehavior-grounded blindspots[2m > [22m[2muses a semantic search topic instead of noisy Chinese bigrams[22m[39m
Migration applied: add_temporal_graph_fields

[90mstdout[2m | tests/blindspot-behavior.test.ts[2m > [22m[2mbehavior-grounded blindspots[2m > [22m[2muses a semantic search topic instead of noisy Chinese bigrams[22m[39m
Migration applied: add_invalidation_reason_to_relationships

[90mstdout[2m | tests/blindspot-behavior.test.ts[2m > [22m[2mbehavior-grounded blindspots[2m > [22m[2muses a semantic search topic instead of noisy Chinese bigrams[22m[39m
Migration applied: add_app_meta

[90mstdout[2m | tests/ingestion-migration.test.ts[2m > [22m[2mingestion chunk migration[2m > [22m[2mupgrades an existing v15 database without changing legacy entities[22m[39m
Migration applied: unified_graph_schema_v2

[90mstdout[2m | tests/blindspot-behavior.test.ts[2m > [22m[2mbehavior-grounded blindspots[2m > [22m[2muses a semantic search topic instead of noisy Chinese bigrams[22m[39m
Migration applied: add_discussions_table

[90mstdout[2m | tests/blindspot-behavior.test.ts[2m > [22m[2mbehavior-grounded blindspots[2m > [22m[2muses a semantic search topic instead of noisy Chinese bigrams[22m[39m
Migration applied: add_mcp_usage_log

[90mstdout[2m | tests/blindspot-behavior.test.ts[2m > [22m[2mbehavior-grounded blindspots[2m > [22m[2muses a semantic search topic instead of noisy Chinese bigrams[22m[39m
Migration applied: add_scoped_device_tokens

[90mstdout[2m | tests/blindspot-behavior.test.ts[2m > [22m[2mbehavior-grounded blindspots[2m > [22m[2muses a semantic search topic instead of noisy Chinese bigrams[22m[39m
Migration applied: enforce_domain_type_constraints

[90mstdout[2m | tests/blindspot-behavior.test.ts[2m > [22m[2mbehavior-grounded blindspots[2m > [22m[2muses a semantic search topic instead of noisy Chinese bigrams[22m[39m
Migration applied: add_temporal_assertions

[90mstdout[2m | tests/blindspot-behavior.test.ts[2m > [22m[2mbehavior-grounded blindspots[2m > [22m[2muses a semantic search topic instead of noisy Chinese bigrams[22m[39m
Migration applied: add_ingestion_documents_and_chunks

[90mstdout[2m | tests/blindspot-behavior.test.ts[2m > [22m[2mbehavior-grounded blindspots[2m > [22m[2muses a semantic search topic instead of noisy Chinese bigrams[22m[39m
Migration applied: add_entity_resolution_review_queue

[90mstdout[2m | tests/blindspot-behavior.test.ts[2m > [22m[2mbehavior-grounded blindspots[2m > [22m[2muses a semantic search topic instead of noisy Chinese bigrams[22m[39m
Migration applied: add_assertion_conflict_audit

[90mstdout[2m | tests/ingestion-migration.test.ts[2m > [22m[2mingestion chunk migration[2m > [22m[2mupgrades an existing v15 database without changing legacy entities[22m[39m
Migration applied: add_performance_indexes_v2

[90mstdout[2m | tests/blindspot-behavior.test.ts[2m > [22m[2mbehavior-grounded blindspots[2m > [22m[2muses a semantic search topic instead of noisy Chinese bigrams[22m[39m
Migration applied: add_incremental_relationship_decay

[90mstdout[2m | tests/blindspot-behavior.test.ts[2m > [22m[2mbehavior-grounded blindspots[2m > [22m[2muses a semantic search topic instead of noisy Chinese bigrams[22m[39m
Migration applied: add_behavior_events_and_proactive_insights

[90mstdout[2m | tests/blindspot-behavior.test.ts[2m > [22m[2mbehavior-grounded blindspots[2m > [22m[2muses a semantic search topic instead of noisy Chinese bigrams[22m[39m
Migration applied: add_assertion_literal_type_versioning_fts

[90mstdout[2m | tests/blindspot-behavior.test.ts[2m > [22m[2mbehavior-grounded blindspots[2m > [22m[2muses a semantic search topic instead of noisy Chinese bigrams[22m[39m
Migration applied: extend_entity_merge_audit_with_redirect_summary

[90mstdout[2m | tests/ingestion-migration.test.ts[2m > [22m[2mingestion chunk migration[2m > [22m[2mupgrades an existing v15 database without changing legacy entities[22m[39m
Migration applied: add_memory_tables

[90mstdout[2m | tests/blindspot-behavior.test.ts[2m > [22m[2mbehavior-grounded blindspots[2m > [22m[2muses a semantic search topic instead of noisy Chinese bigrams[22m[39m
Migration applied: add_failed_tasks_and_ingestion_provenance

 [32m✓[39m tests/blindspot-behavior.test.ts [2m ([22m[2m2 tests[22m[2m)[22m[90m 150[2mms[22m[39m
[90mstdout[2m | tests/ingestion-migration.test.ts[2m > [22m[2mingestion chunk migration[2m > [22m[2mupgrades an existing v15 database without changing legacy entities[22m[39m
Migration applied: add_vec0_virtual_table

[90mstdout[2m | tests/ingestion-migration.test.ts[2m > [22m[2mingestion chunk migration[2m > [22m[2mupgrades an existing v15 database without changing legacy entities[22m[39m
Migration applied: add_fts5_fulltext_search

[90mstdout[2m | tests/ingestion-migration.test.ts[2m > [22m[2mingestion chunk migration[2m > [22m[2mupgrades an existing v15 database without changing legacy entities[22m[39m
Migration applied: add_notifications_table

[90mstdout[2m | tests/ingestion-migration.test.ts[2m > [22m[2mingestion chunk migration[2m > [22m[2mupgrades an existing v15 database without changing legacy entities[22m[39m
Migration applied: add_core_memory_summary

[90mstdout[2m | tests/ingestion-migration.test.ts[2m > [22m[2mingestion chunk migration[2m > [22m[2mupgrades an existing v15 database without changing legacy entities[22m[39m
Migration applied: add_temporal_graph_fields

[90mstdout[2m | tests/ingestion-migration.test.ts[2m > [22m[2mingestion chunk migration[2m > [22m[2mupgrades an existing v15 database without changing legacy entities[22m[39m
Migration applied: add_invalidation_reason_to_relationships

[90mstdout[2m | tests/ingestion-migration.test.ts[2m > [22m[2mingestion chunk migration[2m > [22m[2mupgrades an existing v15 database without changing legacy entities[22m[39m
Migration applied: add_app_meta

[90mstdout[2m | tests/ingestion-migration.test.ts[2m > [22m[2mingestion chunk migration[2m > [22m[2mupgrades an existing v15 database without changing legacy entities[22m[39m
Migration applied: add_discussions_table

[90mstdout[2m | tests/ingestion-migration.test.ts[2m > [22m[2mingestion chunk migration[2m > [22m[2mupgrades an existing v15 database without changing legacy entities[22m[39m
Migration applied: add_mcp_usage_log

[90mstdout[2m | tests/ingestion-migration.test.ts[2m > [22m[2mingestion chunk migration[2m > [22m[2mupgrades an existing v15 database without changing legacy entities[22m[39m
Migration applied: add_scoped_device_tokens

[90mstdout[2m | tests/ingestion-migration.test.ts[2m > [22m[2mingestion chunk migration[2m > [22m[2mupgrades an existing v15 database without changing legacy entities[22m[39m
Migration applied: enforce_domain_type_constraints

[90mstdout[2m | tests/ingestion-migration.test.ts[2m > [22m[2mingestion chunk migration[2m > [22m[2mupgrades an existing v15 database without changing legacy entities[22m[39m
Migration applied: add_temporal_assertions

[90mstdout[2m | tests/ingestion-migration.test.ts[2m > [22m[2mingestion chunk migration[2m > [22m[2mupgrades an existing v15 database without changing legacy entities[22m[39m
Migration applied: add_ingestion_documents_and_chunks

[90mstdout[2m | tests/ingestion-migration.test.ts[2m > [22m[2mingestion chunk migration[2m > [22m[2mupgrades an existing v15 database without changing legacy entities[22m[39m
Migration applied: add_entity_resolution_review_queue

[90mstdout[2m | tests/ingestion-migration.test.ts[2m > [22m[2mingestion chunk migration[2m > [22m[2mupgrades an existing v15 database without changing legacy entities[22m[39m
Migration applied: add_assertion_conflict_audit

[90mstdout[2m | tests/ingestion-migration.test.ts[2m > [22m[2mingestion chunk migration[2m > [22m[2mupgrades an existing v15 database without changing legacy entities[22m[39m
Migration applied: add_incremental_relationship_decay

[90mstdout[2m | tests/ingestion-migration.test.ts[2m > [22m[2mingestion chunk migration[2m > [22m[2mupgrades an existing v15 database without changing legacy entities[22m[39m
Migration applied: add_behavior_events_and_proactive_insights

[90mstdout[2m | tests/ingestion-migration.test.ts[2m > [22m[2mingestion chunk migration[2m > [22m[2mupgrades an existing v15 database without changing legacy entities[22m[39m
Migration applied: add_assertion_literal_type_versioning_fts

[90mstdout[2m | tests/ingestion-migration.test.ts[2m > [22m[2mingestion chunk migration[2m > [22m[2mupgrades an existing v15 database without changing legacy entities[22m[39m
Migration applied: extend_entity_merge_audit_with_redirect_summary

[90mstdout[2m | tests/ingestion-migration.test.ts[2m > [22m[2mingestion chunk migration[2m > [22m[2mupgrades an existing v15 database without changing legacy entities[22m[39m
Migration applied: add_failed_tasks_and_ingestion_provenance

[90mstdout[2m | tests/ingestion-migration.test.ts[2m > [22m[2mingestion chunk migration[2m > [22m[2mupgrades an existing v15 database without changing legacy entities[22m[39m
[Database] sqlite-vec 扩展加载成功 ✓

[90mstdout[2m | tests/ingestion-migration.test.ts[2m > [22m[2mingestion chunk migration[2m > [22m[2mupgrades an existing v15 database without changing legacy entities[22m[39m
Migration applied: add_ingestion_documents_and_chunks

 [32m✓[39m tests/ingestion-migration.test.ts [2m ([22m[2m1 test[22m[2m)[22m[33m 730[2mms[22m[39m
[90mstdout[2m | tests/api.smoke.test.ts[22m[39m
[Database] sqlite-vec 扩展加载成功 ✓

[90mstdout[2m | tests/api.smoke.test.ts[22m[39m
Migration applied: unified_graph_schema_v2

[90mstdout[2m | tests/api.smoke.test.ts[22m[39m
Migration applied: add_performance_indexes_v2

[90mstdout[2m | tests/api.smoke.test.ts[22m[39m
Migration applied: add_memory_tables

[90mstdout[2m | tests/api.smoke.test.ts[22m[39m
Migration applied: add_vec0_virtual_table

[90mstdout[2m | tests/api.smoke.test.ts[22m[39m
Migration applied: add_fts5_fulltext_search

[90mstdout[2m | tests/api.smoke.test.ts[22m[39m
Migration applied: add_notifications_table

[90mstdout[2m | tests/api.smoke.test.ts[22m[39m
Migration applied: add_core_memory_summary

[90mstdout[2m | tests/api.smoke.test.ts[22m[39m
Migration applied: add_temporal_graph_fields

[90mstdout[2m | tests/api.smoke.test.ts[22m[39m
Migration applied: add_invalidation_reason_to_relationships

[90mstdout[2m | tests/api.smoke.test.ts[22m[39m
Migration applied: add_app_meta
Migration applied: add_discussions_table

[90mstdout[2m | tests/api.smoke.test.ts[22m[39m
Migration applied: add_mcp_usage_log
Migration applied: add_scoped_device_tokens

[90mstdout[2m | tests/api.smoke.test.ts[22m[39m
Migration applied: enforce_domain_type_constraints

[90mstdout[2m | tests/api.smoke.test.ts[22m[39m
Migration applied: add_temporal_assertions

[90mstdout[2m | tests/api.smoke.test.ts[22m[39m
Migration applied: add_ingestion_documents_and_chunks

[90mstdout[2m | tests/api.smoke.test.ts[22m[39m
Migration applied: add_entity_resolution_review_queue

[90mstdout[2m | tests/api.smoke.test.ts[22m[39m
Migration applied: add_assertion_conflict_audit

[90mstdout[2m | tests/api.smoke.test.ts[22m[39m
Migration applied: add_incremental_relationship_decay

[90mstdout[2m | tests/api.smoke.test.ts[22m[39m
Migration applied: add_behavior_events_and_proactive_insights

[90mstdout[2m | tests/api.smoke.test.ts[22m[39m
Migration applied: add_assertion_literal_type_versioning_fts

[90mstdout[2m | tests/api.smoke.test.ts[22m[39m
Migration applied: extend_entity_merge_audit_with_redirect_summary

[90mstdout[2m | tests/api.smoke.test.ts[22m[39m
Migration applied: add_failed_tasks_and_ingestion_provenance
[MemoryDecay] 启动调度器 (间隔: 3600s)

[90mstdout[2m | Module.initDatabase [as default] (<repo>\brain-server\src\db\sqlite.ts:2739:13)[22m[39m
[Database] sqlite-vec 扩展加载成功 ✓

[90mstdout[2m | MemoryDecayScheduler.start (<repo>\brain-server\src\memory\decay-scheduler.ts:72:13)[22m[39m
[MemoryDecay] 启动调度器 (间隔: 3600s)

[90mstdout[2m | tests/index.test.ts[2m > [22m[2mDatabase[22m[39m
[Database] sqlite-vec 扩展加载成功 ✓

[90mstdout[2m | tests/index.test.ts[2m > [22m[2mDatabase[22m[39m
Migration applied: unified_graph_schema_v2

[90mstdout[2m | tests/index.test.ts[2m > [22m[2mDatabase[22m[39m
Migration applied: add_performance_indexes_v2

[90mstdout[2m | tests/index.test.ts[2m > [22m[2mDatabase[22m[39m
Migration applied: add_memory_tables

[90mstdout[2m | tests/index.test.ts[2m > [22m[2mDatabase[22m[39m
Migration applied: add_vec0_virtual_table

[90mstdout[2m | tests/index.test.ts[2m > [22m[2mDatabase[22m[39m
Migration applied: add_fts5_fulltext_search

stderr | tests/index.test.ts > Database
Omni-Context Brain Server v2 (统一 GraphRAG 架构) 已启动
Omni-Context API Server 运行在 http://127.0.0.1:3001 (供外部生态接入)

[90mstdout[2m | tests/index.test.ts[2m > [22m[2mDatabase[22m[39m
Migration applied: add_notifications_table
[AgentLoop] 启动主动智能引擎，周期: 600000ms

stderr | tests/index.test.ts > Database
<empty line>
[90mstdout[2m | tests/index.test.ts[2m > [22m[2mDatabase[22m[39m
Migration applied: add_core_memory_summary

stderr | tests/index.test.ts > Database
<empty line>
[90mstdout[2m | tests/index.test.ts[2m > [22m[2mDatabase[22m[39m
Migration applied: add_temporal_graph_fields

stderr | tests/index.test.ts > Database
<empty line>
[90mstdout[2m | tests/index.test.ts[2m > [22m[2mDatabase[22m[39m
Migration applied: add_invalidation_reason_to_relationships

stderr | tests/index.test.ts > Database
<empty line>
[90mstdout[2m | tests/index.test.ts[2m > [22m[2mDatabase[22m[39m
Migration applied: add_app_meta

stderr | tests/index.test.ts > Database
<empty line>
[90mstdout[2m | tests/index.test.ts[2m > [22m[2mDatabase[22m[39m
Migration applied: add_discussions_table

stderr | tests/index.test.ts > Database
<empty line>
[90mstdout[2m | tests/index.test.ts[2m > [22m[2mDatabase[22m[39m
Migration applied: add_mcp_usage_log

stderr | tests/index.test.ts > Database
<empty line>
[90mstdout[2m | tests/index.test.ts[2m > [22m[2mDatabase[22m[39m
Migration applied: add_scoped_device_tokens

stderr | tests/index.test.ts > Database
<empty line>
[90mstdout[2m | tests/index.test.ts[2m > [22m[2mDatabase[22m[39m
Migration applied: enforce_domain_type_constraints

stderr | tests/index.test.ts > Database
<empty line>
[90mstdout[2m | tests/index.test.ts[2m > [22m[2mDatabase[22m[39m
Migration applied: add_temporal_assertions

stderr | tests/index.test.ts > Database
<empty line>
[90mstdout[2m | tests/index.test.ts[2m > [22m[2mDatabase[22m[39m
Migration applied: add_ingestion_documents_and_chunks

stderr | tests/index.test.ts > Database
<empty line>
[90mstdout[2m | tests/index.test.ts[2m > [22m[2mDatabase[22m[39m
Migration applied: add_entity_resolution_review_queue

stderr | tests/index.test.ts > Database
<empty line>
[90mstdout[2m | tests/index.test.ts[2m > [22m[2mDatabase[22m[39m
Migration applied: add_assertion_conflict_audit

stderr | tests/index.test.ts > Database
<empty line>
[90mstdout[2m | tests/index.test.ts[2m > [22m[2mDatabase[22m[39m
Migration applied: add_incremental_relationship_decay

stderr | tests/index.test.ts > Database
<empty line>
[90mstdout[2m | tests/index.test.ts[2m > [22m[2mDatabase[22m[39m
Migration applied: add_behavior_events_and_proactive_insights

stderr | tests/index.test.ts > Database
<empty line>
[90mstdout[2m | tests/index.test.ts[2m > [22m[2mDatabase[22m[39m
Migration applied: add_assertion_literal_type_versioning_fts

stderr | tests/index.test.ts > Database
<empty line>
[90mstdout[2m | tests/index.test.ts[2m > [22m[2mDatabase[22m[39m
Migration applied: extend_entity_merge_audit_with_redirect_summary

stderr | tests/index.test.ts > Database
[90mstdout[2m | tests/index.test.ts[2m > [22m[2mDatabase[22m[39m
<empty line>
Migration applied: add_failed_tasks_and_ingestion_provenance

[90mstdout[2m | tests/index.test.ts[2m > [22m[2mCoreMemory[22m[39m
[Database] sqlite-vec 扩展加载成功 ✓

[90mstdout[2m | tests/index.test.ts[2m > [22m[2mCoreMemory[22m[39m
Migration applied: unified_graph_schema_v2

[90mstdout[2m | tests/index.test.ts[2m > [22m[2mCoreMemory[22m[39m
Migration applied: add_performance_indexes_v2

[90mstdout[2m | tests/index.test.ts[2m > [22m[2mCoreMemory[22m[39m
Migration applied: add_memory_tables

[90mstdout[2m | tests/index.test.ts[2m > [22m[2mCoreMemory[22m[39m
Migration applied: add_vec0_virtual_table

[90mstdout[2m | tests/index.test.ts[2m > [22m[2mCoreMemory[22m[39m
Migration applied: add_fts5_fulltext_search

[90mstdout[2m | tests/index.test.ts[2m > [22m[2mCoreMemory[22m[39m
Migration applied: add_notifications_table

[90mstdout[2m | tests/index.test.ts[2m > [22m[2mCoreMemory[22m[39m
Migration applied: add_core_memory_summary

[90mstdout[2m | tests/index.test.ts[2m > [22m[2mCoreMemory[22m[39m
Migration applied: add_temporal_graph_fields

[90mstdout[2m | tests/index.test.ts[2m > [22m[2mCoreMemory[22m[39m
Migration applied: add_invalidation_reason_to_relationships

[90mstdout[2m | tests/index.test.ts[2m > [22m[2mCoreMemory[22m[39m
Migration applied: add_app_meta

[90mstdout[2m | tests/index.test.ts[2m > [22m[2mCoreMemory[22m[39m
Migration applied: add_discussions_table

[90mstdout[2m | tests/index.test.ts[2m > [22m[2mCoreMemory[22m[39m
Migration applied: add_mcp_usage_log

[90mstdout[2m | tests/index.test.ts[2m > [22m[2mCoreMemory[22m[39m
Migration applied: add_scoped_device_tokens

[90mstdout[2m | tests/index.test.ts[2m > [22m[2mCoreMemory[22m[39m
Migration applied: enforce_domain_type_constraints

[90mstdout[2m | tests/index.test.ts[2m > [22m[2mCoreMemory[22m[39m
Migration applied: add_temporal_assertions

[90mstdout[2m | tests/index.test.ts[2m > [22m[2mCoreMemory[22m[39m
Migration applied: add_ingestion_documents_and_chunks

[90mstdout[2m | tests/index.test.ts[2m > [22m[2mCoreMemory[22m[39m
Migration applied: add_entity_resolution_review_queue

[90mstdout[2m | tests/index.test.ts[2m > [22m[2mCoreMemory[22m[39m
Migration applied: add_assertion_conflict_audit

[90mstdout[2m | tests/index.test.ts[2m > [22m[2mCoreMemory[22m[39m
Migration applied: add_incremental_relationship_decay

[90mstdout[2m | tests/index.test.ts[2m > [22m[2mCoreMemory[22m[39m
Migration applied: add_behavior_events_and_proactive_insights

[90mstdout[2m | tests/index.test.ts[2m > [22m[2mCoreMemory[22m[39m
Migration applied: add_assertion_literal_type_versioning_fts

[90mstdout[2m | tests/index.test.ts[2m > [22m[2mCoreMemory[22m[39m
Migration applied: extend_entity_merge_audit_with_redirect_summary

[90mstdout[2m | tests/index.test.ts[2m > [22m[2mCoreMemory[22m[39m
Migration applied: add_failed_tasks_and_ingestion_provenance

[90mstdout[2m | tests/index.test.ts[2m > [22m[2mArchivalMemory[22m[39m
[Database] sqlite-vec 扩展加载成功 ✓

[90mstdout[2m | tests/index.test.ts[2m > [22m[2mArchivalMemory[22m[39m
Migration applied: unified_graph_schema_v2

[90mstdout[2m | tests/index.test.ts[2m > [22m[2mArchivalMemory[22m[39m
Migration applied: add_performance_indexes_v2

[90mstdout[2m | tests/index.test.ts[2m > [22m[2mArchivalMemory[22m[39m
Migration applied: add_memory_tables

[90mstdout[2m | tests/index.test.ts[2m > [22m[2mArchivalMemory[22m[39m
Migration applied: add_vec0_virtual_table

[90mstdout[2m | tests/index.test.ts[2m > [22m[2mArchivalMemory[22m[39m
Migration applied: add_fts5_fulltext_search

[90mstdout[2m | tests/index.test.ts[2m > [22m[2mArchivalMemory[22m[39m
Migration applied: add_notifications_table

[90mstdout[2m | tests/index.test.ts[2m > [22m[2mArchivalMemory[22m[39m
Migration applied: add_core_memory_summary

[90mstdout[2m | tests/index.test.ts[2m > [22m[2mArchivalMemory[22m[39m
Migration applied: add_temporal_graph_fields
Migration applied: add_invalidation_reason_to_relationships

[90mstdout[2m | tests/index.test.ts[2m > [22m[2mArchivalMemory[22m[39m
Migration applied: add_app_meta
Migration applied: add_discussions_table

[90mstdout[2m | tests/index.test.ts[2m > [22m[2mArchivalMemory[22m[39m
Migration applied: add_mcp_usage_log

[90mstdout[2m | tests/index.test.ts[2m > [22m[2mArchivalMemory[22m[39m
Migration applied: add_scoped_device_tokens

[90mstdout[2m | tests/index.test.ts[2m > [22m[2mArchivalMemory[22m[39m
Migration applied: enforce_domain_type_constraints

[90mstdout[2m | tests/index.test.ts[2m > [22m[2mArchivalMemory[22m[39m
Migration applied: add_temporal_assertions

[90mstdout[2m | tests/index.test.ts[2m > [22m[2mArchivalMemory[22m[39m
Migration applied: add_ingestion_documents_and_chunks

[90mstdout[2m | tests/index.test.ts[2m > [22m[2mArchivalMemory[22m[39m
Migration applied: add_entity_resolution_review_queue

[90mstdout[2m | tests/index.test.ts[2m > [22m[2mArchivalMemory[22m[39m
Migration applied: add_assertion_conflict_audit

[90mstdout[2m | tests/index.test.ts[2m > [22m[2mArchivalMemory[22m[39m
Migration applied: add_incremental_relationship_decay

[90mstdout[2m | tests/index.test.ts[2m > [22m[2mArchivalMemory[22m[39m
Migration applied: add_behavior_events_and_proactive_insights

[90mstdout[2m | tests/index.test.ts[2m > [22m[2mArchivalMemory[22m[39m
Migration applied: add_assertion_literal_type_versioning_fts

[90mstdout[2m | tests/index.test.ts[2m > [22m[2mArchivalMemory[22m[39m
Migration applied: extend_entity_merge_audit_with_redirect_summary

[90mstdout[2m | tests/index.test.ts[2m > [22m[2mArchivalMemory[22m[39m
Migration applied: add_failed_tasks_and_ingestion_provenance

stderr | tests/index.test.ts > GraphRAGExtractor > should extract entities from text
[LLMExtractor] 提取失败: TypeError: fetch failed
    at node:internal/deps/undici/undici:13510:13
    at processTicksAndRejections (node:internal/process/task_queues:105:5)
    at Module.auditedAiFetch (<repo>\brain-server\src\security\audited-ai-fetch.ts:114:22)
    at LLMExtractorPipeline.extractWithDiagnostics (<repo>\brain-server\src\graphrag\llm-pipeline.ts:308:24)
    at GraphRAGExtractor.extract (<repo>\brain-server\src\graphrag\extractor.ts:361:31)
    at <repo>\brain-server\tests\index.test.ts:360:20
    at runTest (file:///<repo>/brain-server/node_modules/@vitest/runner/dist/index.js:781:11)
    at runSuite (file:///<repo>/brain-server/node_modules/@vitest/runner/dist/index.js:909:15)
    at runSuite (file:///<repo>/brain-server/node_modules/@vitest/runner/dist/index.js:909:15)
    at runFiles (file:///<repo>/brain-server/node_modules/@vitest/runner/dist/index.js:958:5) {
  [cause]: AggregateError:
      at internalConnectMultiple (node:net:1139:18)
      at afterConnectMultiple (node:net:1714:7) {
    code: 'ECONNREFUSED',
    [errors]: [ [Error], [Error] ]
  }
}

stderr | tests/index.test.ts > GraphRAGExtractor > should extract relationships
[LLMExtractor] 提取失败: TypeError: fetch failed
    at node:internal/deps/undici/undici:13510:13
    at processTicksAndRejections (node:internal/process/task_queues:105:5)
    at Module.auditedAiFetch (<repo>\brain-server\src\security\audited-ai-fetch.ts:114:22)
    at LLMExtractorPipeline.extractWithDiagnostics (<repo>\brain-server\src\graphrag\llm-pipeline.ts:308:24)
    at GraphRAGExtractor.extract (<repo>\brain-server\src\graphrag\extractor.ts:361:31)
    at <repo>\brain-server\tests\index.test.ts:369:20
    at runTest (file:///<repo>/brain-server/node_modules/@vitest/runner/dist/index.js:781:11)
    at runSuite (file:///<repo>/brain-server/node_modules/@vitest/runner/dist/index.js:909:15)
    at runSuite (file:///<repo>/brain-server/node_modules/@vitest/runner/dist/index.js:909:15)
    at runFiles (file:///<repo>/brain-server/node_modules/@vitest/runner/dist/index.js:958:5) {
  [cause]: AggregateError:
      at internalConnectMultiple (node:net:1139:18)
      at afterConnectMultiple (node:net:1714:7) {
    code: 'ECONNREFUSED',
    [errors]: [ [Error], [Error] ]
  }
}

stderr | tests/index.test.ts > GraphRAGExtractor > should extract principles
[LLMExtractor] 提取失败: TypeError: fetch failed
    at node:internal/deps/undici/undici:13510:13
    at processTicksAndRejections (node:internal/process/task_queues:105:5)
    at Module.auditedAiFetch (<repo>\brain-server\src\security\audited-ai-fetch.ts:114:22)
    at LLMExtractorPipeline.extractWithDiagnostics (<repo>\brain-server\src\graphrag\llm-pipeline.ts:308:24)
    at GraphRAGExtractor.extract (<repo>\brain-server\src\graphrag\extractor.ts:361:31)
    at <repo>\brain-server\tests\index.test.ts:378:20
    at runTest (file:///<repo>/brain-server/node_modules/@vitest/runner/dist/index.js:781:11)
    at runSuite (file:///<repo>/brain-server/node_modules/@vitest/runner/dist/index.js:909:15)
    at runSuite (file:///<repo>/brain-server/node_modules/@vitest/runner/dist/index.js:909:15)
    at runFiles (file:///<repo>/brain-server/node_modules/@vitest/runner/dist/index.js:958:5) {
  [cause]: AggregateError:
      at internalConnectMultiple (node:net:1139:18)
      at afterConnectMultiple (node:net:1714:7) {
    code: 'ECONNREFUSED',
    [errors]: [ [Error], [Error] ]
  }
}

stderr | tests/index.test.ts > GraphRAGExtractor > should extract URLs as entities
[LLMExtractor] 提取失败: TypeError: fetch failed
    at node:internal/deps/undici/undici:13510:13
    at processTicksAndRejections (node:internal/process/task_queues:105:5)
    at Module.auditedAiFetch (<repo>\brain-server\src\security\audited-ai-fetch.ts:114:22)
    at LLMExtractorPipeline.extractWithDiagnostics (<repo>\brain-server\src\graphrag\llm-pipeline.ts:308:24)
    at GraphRAGExtractor.extract (<repo>\brain-server\src\graphrag\extractor.ts:361:31)
    at <repo>\brain-server\tests\index.test.ts:387:20
    at runTest (file:///<repo>/brain-server/node_modules/@vitest/runner/dist/index.js:781:11)
    at runSuite (file:///<repo>/brain-server/node_modules/@vitest/runner/dist/index.js:909:15)
    at runSuite (file:///<repo>/brain-server/node_modules/@vitest/runner/dist/index.js:909:15)
    at runFiles (file:///<repo>/brain-server/node_modules/@vitest/runner/dist/index.js:958:5) {
  [cause]: AggregateError:
      at internalConnectMultiple (node:net:1139:18)
      at afterConnectMultiple (node:net:1714:7) {
    code: 'ECONNREFUSED',
    [errors]: [ [Error], [Error] ]
  }
}

stderr | tests/index.test.ts > GraphRAGExtractor > should summarize entities
[LLMExtractor] 提取失败: TypeError: fetch failed
    at node:internal/deps/undici/undici:13510:13
    at processTicksAndRejections (node:internal/process/task_queues:105:5)
    at Module.auditedAiFetch (<repo>\brain-server\src\security\audited-ai-fetch.ts:114:22)
    at LLMExtractorPipeline.extractWithDiagnostics (<repo>\brain-server\src\graphrag\llm-pipeline.ts:308:24)
    at GraphRAGExtractor.extract (<repo>\brain-server\src\graphrag\extractor.ts:361:31)
    at <repo>\brain-server\tests\index.test.ts:397:20
    at runTest (file:///<repo>/brain-server/node_modules/@vitest/runner/dist/index.js:781:11)
    at runSuite (file:///<repo>/brain-server/node_modules/@vitest/runner/dist/index.js:909:15)
    at runSuite (file:///<repo>/brain-server/node_modules/@vitest/runner/dist/index.js:909:15)
    at runFiles (file:///<repo>/brain-server/node_modules/@vitest/runner/dist/index.js:958:5) {
  [cause]: AggregateError:
      at internalConnectMultiple (node:net:1139:18)
      at afterConnectMultiple (node:net:1714:7) {
    code: 'ECONNREFUSED',
    [errors]: [ [Error], [Error] ]
  }
}

stderr | tests/index.test.ts > GraphRAGExtractor > should handle empty input
[LLMExtractor] 提取失败: TypeError: fetch failed
    at node:internal/deps/undici/undici:13510:13
    at processTicksAndRejections (node:internal/process/task_queues:105:5)
    at Module.auditedAiFetch (<repo>\brain-server\src\security\audited-ai-fetch.ts:114:22)
    at LLMExtractorPipeline.extractWithDiagnostics (<repo>\brain-server\src\graphrag\llm-pipeline.ts:308:24)
    at GraphRAGExtractor.extract (<repo>\brain-server\src\graphrag\extractor.ts:361:31)
    at <repo>\brain-server\tests\index.test.ts:408:20
[90mstdout[2m | tests/index.test.ts[2m > [22m[2mConflict Resolution[22m[39m
[Database] sqlite-vec 扩展加载成功 ✓

    at runTest (file:///<repo>/brain-server/node_modules/@vitest/runner/dist/index.js:781:11)
    at runSuite (file:///<repo>/brain-server/node_modules/@vitest/runner/dist/index.js:909:15)
    at runSuite (file:///<repo>/brain-server/node_modules/@vitest/runner/dist/index.js:909:15)
    at runFiles (file:///<repo>/brain-server/node_modules/@vitest/runner/dist/index.js:958:5) {
  [cause]: AggregateError:
      at internalConnectMultiple (node:net:1139:18)
      at afterConnectMultiple (node:net:1714:7) {
    code: 'ECONNREFUSED',
    [errors]: [ [Error], [Error] ]
  }
}

[90mstdout[2m | tests/index.test.ts[2m > [22m[2mConflict Resolution[22m[39m
Migration applied: unified_graph_schema_v2

[90mstdout[2m | tests/index.test.ts[2m > [22m[2mConflict Resolution[22m[39m
Migration applied: add_performance_indexes_v2

[90mstdout[2m | tests/index.test.ts[2m > [22m[2mConflict Resolution[22m[39m
Migration applied: add_memory_tables

[90mstdout[2m | tests/index.test.ts[2m > [22m[2mConflict Resolution[22m[39m
Migration applied: add_vec0_virtual_table

[90mstdout[2m | tests/index.test.ts[2m > [22m[2mConflict Resolution[22m[39m
Migration applied: add_fts5_fulltext_search

[90mstdout[2m | tests/index.test.ts[2m > [22m[2mConflict Resolution[22m[39m
Migration applied: add_notifications_table

[90mstdout[2m | tests/index.test.ts[2m > [22m[2mConflict Resolution[22m[39m
Migration applied: add_core_memory_summary

[90mstdout[2m | tests/index.test.ts[2m > [22m[2mConflict Resolution[22m[39m
Migration applied: add_temporal_graph_fields

[90mstdout[2m | tests/index.test.ts[2m > [22m[2mConflict Resolution[22m[39m
Migration applied: add_invalidation_reason_to_relationships

[90mstdout[2m | tests/index.test.ts[2m > [22m[2mConflict Resolution[22m[39m
Migration applied: add_app_meta

[90mstdout[2m | tests/index.test.ts[2m > [22m[2mConflict Resolution[22m[39m
Migration applied: add_discussions_table

[90mstdout[2m | tests/index.test.ts[2m > [22m[2mConflict Resolution[22m[39m
Migration applied: add_mcp_usage_log

[90mstdout[2m | tests/index.test.ts[2m > [22m[2mConflict Resolution[22m[39m
Migration applied: add_scoped_device_tokens

[90mstdout[2m | tests/index.test.ts[2m > [22m[2mConflict Resolution[22m[39m
Migration applied: enforce_domain_type_constraints

[90mstdout[2m | tests/index.test.ts[2m > [22m[2mConflict Resolution[22m[39m
Migration applied: add_temporal_assertions

[90mstdout[2m | tests/index.test.ts[2m > [22m[2mConflict Resolution[22m[39m
Migration applied: add_ingestion_documents_and_chunks

[90mstdout[2m | tests/index.test.ts[2m > [22m[2mConflict Resolution[22m[39m
Migration applied: add_entity_resolution_review_queue

[90mstdout[2m | tests/index.test.ts[2m > [22m[2mConflict Resolution[22m[39m
Migration applied: add_assertion_conflict_audit

[90mstdout[2m | tests/index.test.ts[2m > [22m[2mConflict Resolution[22m[39m
Migration applied: add_incremental_relationship_decay

[90mstdout[2m | tests/index.test.ts[2m > [22m[2mConflict Resolution[22m[39m
Migration applied: add_behavior_events_and_proactive_insights

[90mstdout[2m | tests/index.test.ts[2m > [22m[2mConflict Resolution[22m[39m
Migration applied: add_assertion_literal_type_versioning_fts

[90mstdout[2m | tests/api.smoke.test.ts[2m > [22m[2mAPI smoke: graph extract[2m > [22m[2mextracts entities from inline text[22m[39m
[EmbeddingService] 正在加载本地模型: Xenova/multilingual-e5-small...

[90mstdout[2m | tests/index.test.ts[2m > [22m[2mConflict Resolution[22m[39m
Migration applied: extend_entity_merge_audit_with_redirect_summary

[90mstdout[2m | tests/index.test.ts[2m > [22m[2mConflict Resolution[22m[39m
Migration applied: add_failed_tasks_and_ingestion_provenance

 [32m✓[39m tests/preprocess.test.ts [2m ([22m[2m7 tests[22m[2m)[22m[90m 284[2mms[22m[39m
[90mstdout[2m | tests/index.test.ts[2m > [22m[2mEntity Resolution & Remapping[22m[39m
[Database] sqlite-vec 扩展加载成功 ✓

[90mstdout[2m | tests/index.test.ts[2m > [22m[2mEntity Resolution & Remapping[22m[39m
Migration applied: unified_graph_schema_v2

[90mstdout[2m | tests/index.test.ts[2m > [22m[2mEntity Resolution & Remapping[22m[39m
Migration applied: add_performance_indexes_v2

[90mstdout[2m | tests/index.test.ts[2m > [22m[2mEntity Resolution & Remapping[22m[39m
Migration applied: add_memory_tables

[90mstdout[2m | tests/index.test.ts[2m > [22m[2mEntity Resolution & Remapping[22m[39m
Migration applied: add_vec0_virtual_table

[90mstdout[2m | tests/index.test.ts[2m > [22m[2mEntity Resolution & Remapping[22m[39m
Migration applied: add_fts5_fulltext_search

[90mstdout[2m | tests/index.test.ts[2m > [22m[2mEntity Resolution & Remapping[22m[39m
Migration applied: add_notifications_table

[90mstdout[2m | tests/index.test.ts[2m > [22m[2mEntity Resolution & Remapping[22m[39m
Migration applied: add_core_memory_summary

[90mstdout[2m | tests/index.test.ts[2m > [22m[2mEntity Resolution & Remapping[22m[39m
Migration applied: add_temporal_graph_fields
Migration applied: add_invalidation_reason_to_relationships
Migration applied: add_app_meta

[90mstdout[2m | tests/index.test.ts[2m > [22m[2mEntity Resolution & Remapping[22m[39m
Migration applied: add_discussions_table

[90mstdout[2m | tests/index.test.ts[2m > [22m[2mEntity Resolution & Remapping[22m[39m
Migration applied: add_mcp_usage_log

[90mstdout[2m | tests/index.test.ts[2m > [22m[2mEntity Resolution & Remapping[22m[39m
Migration applied: add_scoped_device_tokens

[90mstdout[2m | tests/index.test.ts[2m > [22m[2mEntity Resolution & Remapping[22m[39m
Migration applied: enforce_domain_type_constraints

[90mstdout[2m | tests/index.test.ts[2m > [22m[2mEntity Resolution & Remapping[22m[39m
Migration applied: add_temporal_assertions

[90mstdout[2m | tests/index.test.ts[2m > [22m[2mEntity Resolution & Remapping[22m[39m
Migration applied: add_ingestion_documents_and_chunks

[90mstdout[2m | tests/index.test.ts[2m > [22m[2mEntity Resolution & Remapping[22m[39m
Migration applied: add_entity_resolution_review_queue

[90mstdout[2m | tests/index.test.ts[2m > [22m[2mEntity Resolution & Remapping[22m[39m
Migration applied: add_assertion_conflict_audit

[90mstdout[2m | tests/index.test.ts[2m > [22m[2mEntity Resolution & Remapping[22m[39m
Migration applied: add_incremental_relationship_decay

[90mstdout[2m | tests/index.test.ts[2m > [22m[2mEntity Resolution & Remapping[22m[39m
Migration applied: add_behavior_events_and_proactive_insights

[90mstdout[2m | tests/index.test.ts[2m > [22m[2mEntity Resolution & Remapping[22m[39m
Migration applied: add_assertion_literal_type_versioning_fts

[90mstdout[2m | tests/index.test.ts[2m > [22m[2mEntity Resolution & Remapping[22m[39m
Migration applied: extend_entity_merge_audit_with_redirect_summary

[90mstdout[2m | tests/index.test.ts[2m > [22m[2mEntity Resolution & Remapping[22m[39m
Migration applied: add_failed_tasks_and_ingestion_provenance

[90mstdout[2m | tests/index.test.ts[2m > [22m[2mBitemporal Edges & Single-Valued Relation Invalidation[22m[39m
[Database] sqlite-vec 扩展加载成功 ✓

[90mstdout[2m | tests/index.test.ts[2m > [22m[2mBitemporal Edges & Single-Valued Relation Invalidation[22m[39m
Migration applied: unified_graph_schema_v2

[90mstdout[2m | tests/index.test.ts[2m > [22m[2mBitemporal Edges & Single-Valued Relation Invalidation[22m[39m
Migration applied: add_performance_indexes_v2

[90mstdout[2m | tests/index.test.ts[2m > [22m[2mBitemporal Edges & Single-Valued Relation Invalidation[22m[39m
Migration applied: add_memory_tables

[90mstdout[2m | tests/index.test.ts[2m > [22m[2mBitemporal Edges & Single-Valued Relation Invalidation[22m[39m
Migration applied: add_vec0_virtual_table

[90mstdout[2m | tests/index.test.ts[2m > [22m[2mBitemporal Edges & Single-Valued Relation Invalidation[22m[39m
Migration applied: add_fts5_fulltext_search

[90mstdout[2m | tests/index.test.ts[2m > [22m[2mBitemporal Edges & Single-Valued Relation Invalidation[22m[39m
Migration applied: add_notifications_table

[90mstdout[2m | tests/index.test.ts[2m > [22m[2mBitemporal Edges & Single-Valued Relation Invalidation[22m[39m
Migration applied: add_core_memory_summary

[90mstdout[2m | tests/index.test.ts[2m > [22m[2mBitemporal Edges & Single-Valued Relation Invalidation[22m[39m
Migration applied: add_temporal_graph_fields

[90mstdout[2m | tests/index.test.ts[2m > [22m[2mBitemporal Edges & Single-Valued Relation Invalidation[22m[39m
Migration applied: add_invalidation_reason_to_relationships
Migration applied: add_app_meta

[90mstdout[2m | tests/index.test.ts[2m > [22m[2mBitemporal Edges & Single-Valued Relation Invalidation[22m[39m
Migration applied: add_discussions_table

[90mstdout[2m | tests/index.test.ts[2m > [22m[2mBitemporal Edges & Single-Valued Relation Invalidation[22m[39m
Migration applied: add_mcp_usage_log

[90mstdout[2m | tests/index.test.ts[2m > [22m[2mBitemporal Edges & Single-Valued Relation Invalidation[22m[39m
Migration applied: add_scoped_device_tokens

[90mstdout[2m | tests/index.test.ts[2m > [22m[2mBitemporal Edges & Single-Valued Relation Invalidation[22m[39m
Migration applied: enforce_domain_type_constraints

[90mstdout[2m | tests/index.test.ts[2m > [22m[2mBitemporal Edges & Single-Valued Relation Invalidation[22m[39m
Migration applied: add_temporal_assertions

[90mstdout[2m | tests/index.test.ts[2m > [22m[2mBitemporal Edges & Single-Valued Relation Invalidation[22m[39m
Migration applied: add_ingestion_documents_and_chunks

[90mstdout[2m | tests/index.test.ts[2m > [22m[2mBitemporal Edges & Single-Valued Relation Invalidation[22m[39m
Migration applied: add_entity_resolution_review_queue

[90mstdout[2m | tests/index.test.ts[2m > [22m[2mBitemporal Edges & Single-Valued Relation Invalidation[22m[39m
Migration applied: add_assertion_conflict_audit

[90mstdout[2m | tests/index.test.ts[2m > [22m[2mBitemporal Edges & Single-Valued Relation Invalidation[22m[39m
Migration applied: add_incremental_relationship_decay

[90mstdout[2m | tests/index.test.ts[2m > [22m[2mBitemporal Edges & Single-Valued Relation Invalidation[22m[39m
Migration applied: add_behavior_events_and_proactive_insights

[90mstdout[2m | tests/index.test.ts[2m > [22m[2mBitemporal Edges & Single-Valued Relation Invalidation[22m[39m
Migration applied: add_assertion_literal_type_versioning_fts

[90mstdout[2m | tests/index.test.ts[2m > [22m[2mBitemporal Edges & Single-Valued Relation Invalidation[22m[39m
Migration applied: extend_entity_merge_audit_with_redirect_summary

[90mstdout[2m | tests/index.test.ts[2m > [22m[2mBitemporal Edges & Single-Valued Relation Invalidation[22m[39m
Migration applied: add_failed_tasks_and_ingestion_provenance

[90mstdout[2m | tests/index.test.ts[2m > [22m[2mType-gated Similarity Deduplication[22m[39m
[Database] sqlite-vec 扩展加载成功 ✓

[90mstdout[2m | tests/index.test.ts[2m > [22m[2mType-gated Similarity Deduplication[22m[39m
Migration applied: unified_graph_schema_v2

[90mstdout[2m | tests/index.test.ts[2m > [22m[2mType-gated Similarity Deduplication[22m[39m
Migration applied: add_performance_indexes_v2

[90mstdout[2m | tests/index.test.ts[2m > [22m[2mType-gated Similarity Deduplication[22m[39m
Migration applied: add_memory_tables

[90mstdout[2m | tests/index.test.ts[2m > [22m[2mType-gated Similarity Deduplication[22m[39m
Migration applied: add_vec0_virtual_table

[90mstdout[2m | tests/index.test.ts[2m > [22m[2mType-gated Similarity Deduplication[22m[39m
Migration applied: add_fts5_fulltext_search

[90mstdout[2m | tests/index.test.ts[2m > [22m[2mType-gated Similarity Deduplication[22m[39m
Migration applied: add_notifications_table

[90mstdout[2m | tests/index.test.ts[2m > [22m[2mType-gated Similarity Deduplication[22m[39m
Migration applied: add_core_memory_summary

[90mstdout[2m | tests/index.test.ts[2m > [22m[2mType-gated Similarity Deduplication[22m[39m
Migration applied: add_temporal_graph_fields

[90mstdout[2m | tests/index.test.ts[2m > [22m[2mType-gated Similarity Deduplication[22m[39m
Migration applied: add_invalidation_reason_to_relationships

[90mstdout[2m | tests/index.test.ts[2m > [22m[2mType-gated Similarity Deduplication[22m[39m
Migration applied: add_app_meta

[90mstdout[2m | tests/index.test.ts[2m > [22m[2mType-gated Similarity Deduplication[22m[39m
Migration applied: add_discussions_table

[90mstdout[2m | tests/index.test.ts[2m > [22m[2mType-gated Similarity Deduplication[22m[39m
Migration applied: add_mcp_usage_log

[90mstdout[2m | tests/index.test.ts[2m > [22m[2mType-gated Similarity Deduplication[22m[39m
Migration applied: add_scoped_device_tokens

[90mstdout[2m | tests/index.test.ts[2m > [22m[2mType-gated Similarity Deduplication[22m[39m
Migration applied: enforce_domain_type_constraints

[90mstdout[2m | tests/index.test.ts[2m > [22m[2mType-gated Similarity Deduplication[22m[39m
Migration applied: add_temporal_assertions

[90mstdout[2m | tests/index.test.ts[2m > [22m[2mType-gated Similarity Deduplication[22m[39m
Migration applied: add_ingestion_documents_and_chunks

[90mstdout[2m | tests/index.test.ts[2m > [22m[2mType-gated Similarity Deduplication[22m[39m
Migration applied: add_entity_resolution_review_queue

[90mstdout[2m | tests/index.test.ts[2m > [22m[2mType-gated Similarity Deduplication[22m[39m
Migration applied: add_assertion_conflict_audit

[90mstdout[2m | tests/index.test.ts[2m > [22m[2mType-gated Similarity Deduplication[22m[39m
Migration applied: add_incremental_relationship_decay

[90mstdout[2m | tests/index.test.ts[2m > [22m[2mType-gated Similarity Deduplication[22m[39m
Migration applied: add_behavior_events_and_proactive_insights

[90mstdout[2m | tests/index.test.ts[2m > [22m[2mType-gated Similarity Deduplication[22m[39m
Migration applied: add_assertion_literal_type_versioning_fts

[90mstdout[2m | tests/index.test.ts[2m > [22m[2mType-gated Similarity Deduplication[22m[39m
Migration applied: extend_entity_merge_audit_with_redirect_summary

[90mstdout[2m | tests/index.test.ts[2m > [22m[2mType-gated Similarity Deduplication[22m[39m
Migration applied: add_failed_tasks_and_ingestion_provenance

[90mstdout[2m | tests/index.test.ts[2m > [22m[2mNotification / Insight Promotion Operations[22m[39m
[Database] sqlite-vec 扩展加载成功 ✓

[90mstdout[2m | tests/index.test.ts[2m > [22m[2mNotification / Insight Promotion Operations[22m[39m
Migration applied: unified_graph_schema_v2

[90mstdout[2m | tests/index.test.ts[2m > [22m[2mNotification / Insight Promotion Operations[22m[39m
Migration applied: add_performance_indexes_v2

[90mstdout[2m | tests/index.test.ts[2m > [22m[2mNotification / Insight Promotion Operations[22m[39m
Migration applied: add_memory_tables

[90mstdout[2m | tests/index.test.ts[2m > [22m[2mNotification / Insight Promotion Operations[22m[39m
Migration applied: add_vec0_virtual_table

[90mstdout[2m | tests/index.test.ts[2m > [22m[2mNotification / Insight Promotion Operations[22m[39m
Migration applied: add_fts5_fulltext_search

[90mstdout[2m | tests/index.test.ts[2m > [22m[2mNotification / Insight Promotion Operations[22m[39m
Migration applied: add_notifications_table

[90mstdout[2m | tests/index.test.ts[2m > [22m[2mNotification / Insight Promotion Operations[22m[39m
Migration applied: add_core_memory_summary

[90mstdout[2m | tests/index.test.ts[2m > [22m[2mNotification / Insight Promotion Operations[22m[39m
Migration applied: add_temporal_graph_fields

[90mstdout[2m | tests/index.test.ts[2m > [22m[2mNotification / Insight Promotion Operations[22m[39m
Migration applied: add_invalidation_reason_to_relationships

[90mstdout[2m | tests/index.test.ts[2m > [22m[2mNotification / Insight Promotion Operations[22m[39m
Migration applied: add_app_meta

[90mstdout[2m | tests/index.test.ts[2m > [22m[2mNotification / Insight Promotion Operations[22m[39m
Migration applied: add_discussions_table

[90mstdout[2m | tests/index.test.ts[2m > [22m[2mNotification / Insight Promotion Operations[22m[39m
Migration applied: add_mcp_usage_log

[90mstdout[2m | tests/index.test.ts[2m > [22m[2mNotification / Insight Promotion Operations[22m[39m
Migration applied: add_scoped_device_tokens

[90mstdout[2m | tests/index.test.ts[2m > [22m[2mNotification / Insight Promotion Operations[22m[39m
Migration applied: enforce_domain_type_constraints

[90mstdout[2m | tests/index.test.ts[2m > [22m[2mNotification / Insight Promotion Operations[22m[39m
Migration applied: add_temporal_assertions

[90mstdout[2m | tests/index.test.ts[2m > [22m[2mNotification / Insight Promotion Operations[22m[39m
Migration applied: add_ingestion_documents_and_chunks

[90mstdout[2m | tests/index.test.ts[2m > [22m[2mNotification / Insight Promotion Operations[22m[39m
Migration applied: add_entity_resolution_review_queue

[90mstdout[2m | tests/index.test.ts[2m > [22m[2mNotification / Insight Promotion Operations[22m[39m
Migration applied: add_assertion_conflict_audit

[90mstdout[2m | tests/index.test.ts[2m > [22m[2mNotification / Insight Promotion Operations[22m[39m
Migration applied: add_incremental_relationship_decay

[90mstdout[2m | tests/index.test.ts[2m > [22m[2mNotification / Insight Promotion Operations[22m[39m
Migration applied: add_behavior_events_and_proactive_insights

[90mstdout[2m | tests/index.test.ts[2m > [22m[2mNotification / Insight Promotion Operations[22m[39m
Migration applied: add_assertion_literal_type_versioning_fts

[90mstdout[2m | tests/index.test.ts[2m > [22m[2mNotification / Insight Promotion Operations[22m[39m
Migration applied: extend_entity_merge_audit_with_redirect_summary

[90mstdout[2m | tests/index.test.ts[2m > [22m[2mNotification / Insight Promotion Operations[22m[39m
Migration applied: add_failed_tasks_and_ingestion_provenance

[90mstdout[2m | tests/index.test.ts[2m > [22m[2mConsolidation Watermark Operations[22m[39m
[Database] sqlite-vec 扩展加载成功 ✓

[90mstdout[2m | tests/index.test.ts[2m > [22m[2mConsolidation Watermark Operations[22m[39m
Migration applied: unified_graph_schema_v2

[90mstdout[2m | tests/index.test.ts[2m > [22m[2mConsolidation Watermark Operations[22m[39m
Migration applied: add_performance_indexes_v2

[90mstdout[2m | tests/index.test.ts[2m > [22m[2mConsolidation Watermark Operations[22m[39m
Migration applied: add_memory_tables

[90mstdout[2m | tests/index.test.ts[2m > [22m[2mConsolidation Watermark Operations[22m[39m
Migration applied: add_vec0_virtual_table

[90mstdout[2m | tests/index.test.ts[2m > [22m[2mConsolidation Watermark Operations[22m[39m
Migration applied: add_fts5_fulltext_search

[90mstdout[2m | tests/index.test.ts[2m > [22m[2mConsolidation Watermark Operations[22m[39m
Migration applied: add_notifications_table

[90mstdout[2m | tests/index.test.ts[2m > [22m[2mConsolidation Watermark Operations[22m[39m
Migration applied: add_core_memory_summary

[90mstdout[2m | tests/index.test.ts[2m > [22m[2mConsolidation Watermark Operations[22m[39m
Migration applied: add_temporal_graph_fields

[90mstdout[2m | tests/index.test.ts[2m > [22m[2mConsolidation Watermark Operations[22m[39m
Migration applied: add_invalidation_reason_to_relationships

[90mstdout[2m | tests/index.test.ts[2m > [22m[2mConsolidation Watermark Operations[22m[39m
Migration applied: add_app_meta

[90mstdout[2m | tests/index.test.ts[2m > [22m[2mConsolidation Watermark Operations[22m[39m
Migration applied: add_discussions_table

[90mstdout[2m | tests/index.test.ts[2m > [22m[2mConsolidation Watermark Operations[22m[39m
Migration applied: add_mcp_usage_log

[90mstdout[2m | tests/index.test.ts[2m > [22m[2mConsolidation Watermark Operations[22m[39m
Migration applied: add_scoped_device_tokens

[90mstdout[2m | tests/index.test.ts[2m > [22m[2mConsolidation Watermark Operations[22m[39m
Migration applied: enforce_domain_type_constraints

[90mstdout[2m | tests/index.test.ts[2m > [22m[2mConsolidation Watermark Operations[22m[39m
Migration applied: add_temporal_assertions

[90mstdout[2m | tests/index.test.ts[2m > [22m[2mConsolidation Watermark Operations[22m[39m
Migration applied: add_ingestion_documents_and_chunks

[90mstdout[2m | tests/index.test.ts[2m > [22m[2mConsolidation Watermark Operations[22m[39m
Migration applied: add_entity_resolution_review_queue

[90mstdout[2m | tests/index.test.ts[2m > [22m[2mConsolidation Watermark Operations[22m[39m
Migration applied: add_assertion_conflict_audit

[90mstdout[2m | tests/index.test.ts[2m > [22m[2mConsolidation Watermark Operations[22m[39m
Migration applied: add_incremental_relationship_decay

[90mstdout[2m | tests/index.test.ts[2m > [22m[2mConsolidation Watermark Operations[22m[39m
Migration applied: add_behavior_events_and_proactive_insights

[90mstdout[2m | tests/index.test.ts[2m > [22m[2mConsolidation Watermark Operations[22m[39m
Migration applied: add_assertion_literal_type_versioning_fts

[90mstdout[2m | tests/index.test.ts[2m > [22m[2mConsolidation Watermark Operations[22m[39m
Migration applied: extend_entity_merge_audit_with_redirect_summary

[90mstdout[2m | tests/index.test.ts[2m > [22m[2mConsolidation Watermark Operations[22m[39m
Migration applied: add_failed_tasks_and_ingestion_provenance

[90mstdout[2m | tests/index.test.ts[2m > [22m[2mConsolidation Watermark Operations[2m > [22m[2mshould not mark consolidated when LLM is offline or error (ok = false) during AgentLoop run[22m[39m
[Database] sqlite-vec 扩展加载成功 ✓

[90mstdout[2m | tests/index.test.ts[2m > [22m[2mConsolidation Watermark Operations[2m > [22m[2mshould not mark consolidated when LLM is offline or error (ok = false) during AgentLoop run[22m[39m
Migration applied: unified_graph_schema_v2

[90mstdout[2m | tests/index.test.ts[2m > [22m[2mConsolidation Watermark Operations[2m > [22m[2mshould not mark consolidated when LLM is offline or error (ok = false) during AgentLoop run[22m[39m
Migration applied: add_performance_indexes_v2

[90mstdout[2m | tests/index.test.ts[2m > [22m[2mConsolidation Watermark Operations[2m > [22m[2mshould not mark consolidated when LLM is offline or error (ok = false) during AgentLoop run[22m[39m
Migration applied: add_memory_tables

[90mstdout[2m | tests/index.test.ts[2m > [22m[2mConsolidation Watermark Operations[2m > [22m[2mshould not mark consolidated when LLM is offline or error (ok = false) during AgentLoop run[22m[39m
Migration applied: add_vec0_virtual_table

[90mstdout[2m | tests/index.test.ts[2m > [22m[2mConsolidation Watermark Operations[2m > [22m[2mshould not mark consolidated when LLM is offline or error (ok = false) during AgentLoop run[22m[39m
Migration applied: add_fts5_fulltext_search

[90mstdout[2m | tests/index.test.ts[2m > [22m[2mConsolidation Watermark Operations[2m > [22m[2mshould not mark consolidated when LLM is offline or error (ok = false) during AgentLoop run[22m[39m
Migration applied: add_notifications_table

[90mstdout[2m | tests/index.test.ts[2m > [22m[2mConsolidation Watermark Operations[2m > [22m[2mshould not mark consolidated when LLM is offline or error (ok = false) during AgentLoop run[22m[39m
Migration applied: add_core_memory_summary

[90mstdout[2m | tests/index.test.ts[2m > [22m[2mConsolidation Watermark Operations[2m > [22m[2mshould not mark consolidated when LLM is offline or error (ok = false) during AgentLoop run[22m[39m
Migration applied: add_temporal_graph_fields

[90mstdout[2m | tests/index.test.ts[2m > [22m[2mConsolidation Watermark Operations[2m > [22m[2mshould not mark consolidated when LLM is offline or error (ok = false) during AgentLoop run[22m[39m
Migration applied: add_invalidation_reason_to_relationships

[90mstdout[2m | tests/index.test.ts[2m > [22m[2mConsolidation Watermark Operations[2m > [22m[2mshould not mark consolidated when LLM is offline or error (ok = false) during AgentLoop run[22m[39m
Migration applied: add_app_meta

[90mstdout[2m | tests/index.test.ts[2m > [22m[2mConsolidation Watermark Operations[2m > [22m[2mshould not mark consolidated when LLM is offline or error (ok = false) during AgentLoop run[22m[39m
Migration applied: add_discussions_table

[90mstdout[2m | tests/index.test.ts[2m > [22m[2mConsolidation Watermark Operations[2m > [22m[2mshould not mark consolidated when LLM is offline or error (ok = false) during AgentLoop run[22m[39m
Migration applied: add_mcp_usage_log

[90mstdout[2m | tests/index.test.ts[2m > [22m[2mConsolidation Watermark Operations[2m > [22m[2mshould not mark consolidated when LLM is offline or error (ok = false) during AgentLoop run[22m[39m
Migration applied: add_scoped_device_tokens

[90mstdout[2m | tests/index.test.ts[2m > [22m[2mConsolidation Watermark Operations[2m > [22m[2mshould not mark consolidated when LLM is offline or error (ok = false) during AgentLoop run[22m[39m
Migration applied: enforce_domain_type_constraints

[90mstdout[2m | tests/index.test.ts[2m > [22m[2mConsolidation Watermark Operations[2m > [22m[2mshould not mark consolidated when LLM is offline or error (ok = false) during AgentLoop run[22m[39m
Migration applied: add_temporal_assertions

[90mstdout[2m | tests/index.test.ts[2m > [22m[2mConsolidation Watermark Operations[2m > [22m[2mshould not mark consolidated when LLM is offline or error (ok = false) during AgentLoop run[22m[39m
Migration applied: add_ingestion_documents_and_chunks

[90mstdout[2m | tests/index.test.ts[2m > [22m[2mConsolidation Watermark Operations[2m > [22m[2mshould not mark consolidated when LLM is offline or error (ok = false) during AgentLoop run[22m[39m
Migration applied: add_entity_resolution_review_queue

[90mstdout[2m | tests/index.test.ts[2m > [22m[2mConsolidation Watermark Operations[2m > [22m[2mshould not mark consolidated when LLM is offline or error (ok = false) during AgentLoop run[22m[39m
Migration applied: add_assertion_conflict_audit

[90mstdout[2m | tests/index.test.ts[2m > [22m[2mConsolidation Watermark Operations[2m > [22m[2mshould not mark consolidated when LLM is offline or error (ok = false) during AgentLoop run[22m[39m
Migration applied: add_incremental_relationship_decay

[90mstdout[2m | tests/index.test.ts[2m > [22m[2mConsolidation Watermark Operations[2m > [22m[2mshould not mark consolidated when LLM is offline or error (ok = false) during AgentLoop run[22m[39m
Migration applied: add_behavior_events_and_proactive_insights

[90mstdout[2m | tests/index.test.ts[2m > [22m[2mConsolidation Watermark Operations[2m > [22m[2mshould not mark consolidated when LLM is offline or error (ok = false) during AgentLoop run[22m[39m
Migration applied: add_assertion_literal_type_versioning_fts

[90mstdout[2m | tests/index.test.ts[2m > [22m[2mConsolidation Watermark Operations[2m > [22m[2mshould not mark consolidated when LLM is offline or error (ok = false) during AgentLoop run[22m[39m
Migration applied: extend_entity_merge_audit_with_redirect_summary

[90mstdout[2m | tests/index.test.ts[2m > [22m[2mConsolidation Watermark Operations[2m > [22m[2mshould not mark consolidated when LLM is offline or error (ok = false) during AgentLoop run[22m[39m
Migration applied: add_failed_tasks_and_ingestion_provenance

[90mstdout[2m | tests/index.test.ts[2m > [22m[2mConsolidation Watermark Operations[2m > [22m[2mshould not mark consolidated when LLM is offline or error (ok = false) during AgentLoop run[22m[39m
[AgentLoop] 唤醒，执行周期任务...

[90mstdout[2m | tests/index.test.ts[2m > [22m[2mConsolidation Watermark Operations[2m > [22m[2mshould not mark consolidated when LLM is offline or error (ok = false) during AgentLoop run[22m[39m
[AgentLoop] 图分析无候选，fallback 到 LLM 直接生成
[AgentLoop] 本轮未产生有效洞见

[90mstdout[2m | tests/index.test.ts[2m > [22m[2mEntity Importance Scoring Operations[22m[39m
[Database] sqlite-vec 扩展加载成功 ✓

[90mstdout[2m | tests/index.test.ts[2m > [22m[2mEntity Importance Scoring Operations[22m[39m
Migration applied: unified_graph_schema_v2

[90mstdout[2m | tests/index.test.ts[2m > [22m[2mEntity Importance Scoring Operations[22m[39m
Migration applied: add_performance_indexes_v2

[90mstdout[2m | tests/index.test.ts[2m > [22m[2mEntity Importance Scoring Operations[22m[39m
Migration applied: add_memory_tables

[90mstdout[2m | tests/index.test.ts[2m > [22m[2mEntity Importance Scoring Operations[22m[39m
Migration applied: add_vec0_virtual_table

[90mstdout[2m | tests/index.test.ts[2m > [22m[2mEntity Importance Scoring Operations[22m[39m
Migration applied: add_fts5_fulltext_search

[90mstdout[2m | tests/index.test.ts[2m > [22m[2mEntity Importance Scoring Operations[22m[39m
Migration applied: add_notifications_table

[90mstdout[2m | tests/index.test.ts[2m > [22m[2mEntity Importance Scoring Operations[22m[39m
Migration applied: add_core_memory_summary

[90mstdout[2m | tests/index.test.ts[2m > [22m[2mEntity Importance Scoring Operations[22m[39m
Migration applied: add_temporal_graph_fields

[90mstdout[2m | tests/index.test.ts[2m > [22m[2mEntity Importance Scoring Operations[22m[39m
Migration applied: add_invalidation_reason_to_relationships

[90mstdout[2m | tests/index.test.ts[2m > [22m[2mEntity Importance Scoring Operations[22m[39m
Migration applied: add_app_meta

[90mstdout[2m | tests/index.test.ts[2m > [22m[2mEntity Importance Scoring Operations[22m[39m
Migration applied: add_discussions_table

[90mstdout[2m | tests/index.test.ts[2m > [22m[2mEntity Importance Scoring Operations[22m[39m
Migration applied: add_mcp_usage_log

[90mstdout[2m | tests/index.test.ts[2m > [22m[2mEntity Importance Scoring Operations[22m[39m
Migration applied: add_scoped_device_tokens

[90mstdout[2m | tests/index.test.ts[2m > [22m[2mEntity Importance Scoring Operations[22m[39m
Migration applied: enforce_domain_type_constraints

[90mstdout[2m | tests/index.test.ts[2m > [22m[2mEntity Importance Scoring Operations[22m[39m
Migration applied: add_temporal_assertions

[90mstdout[2m | tests/index.test.ts[2m > [22m[2mEntity Importance Scoring Operations[22m[39m
Migration applied: add_ingestion_documents_and_chunks

[90mstdout[2m | tests/index.test.ts[2m > [22m[2mEntity Importance Scoring Operations[22m[39m
Migration applied: add_entity_resolution_review_queue

[90mstdout[2m | tests/index.test.ts[2m > [22m[2mEntity Importance Scoring Operations[22m[39m
Migration applied: add_assertion_conflict_audit

[90mstdout[2m | tests/index.test.ts[2m > [22m[2mEntity Importance Scoring Operations[22m[39m
Migration applied: add_incremental_relationship_decay

[90mstdout[2m | tests/index.test.ts[2m > [22m[2mEntity Importance Scoring Operations[22m[39m
Migration applied: add_behavior_events_and_proactive_insights

[90mstdout[2m | tests/index.test.ts[2m > [22m[2mEntity Importance Scoring Operations[22m[39m
Migration applied: add_assertion_literal_type_versioning_fts

[90mstdout[2m | tests/index.test.ts[2m > [22m[2mEntity Importance Scoring Operations[22m[39m
Migration applied: extend_entity_merge_audit_with_redirect_summary

[90mstdout[2m | tests/index.test.ts[2m > [22m[2mEntity Importance Scoring Operations[22m[39m
Migration applied: add_failed_tasks_and_ingestion_provenance

[90mstdout[2m | tests/index.test.ts[2m > [22m[2mEntity Importance Scoring Operations[2m > [22m[2mshould rank higher importance entities first in getEntitiesForConsolidation when updated_at is identical[22m[39m
[Database] sqlite-vec 扩展加载成功 ✓

[90mstdout[2m | tests/index.test.ts[2m > [22m[2mEntity Importance Scoring Operations[2m > [22m[2mshould rank higher importance entities first in getEntitiesForConsolidation when updated_at is identical[22m[39m
Migration applied: unified_graph_schema_v2

[90mstdout[2m | tests/index.test.ts[2m > [22m[2mEntity Importance Scoring Operations[2m > [22m[2mshould rank higher importance entities first in getEntitiesForConsolidation when updated_at is identical[22m[39m
Migration applied: add_performance_indexes_v2

[90mstdout[2m | tests/index.test.ts[2m > [22m[2mEntity Importance Scoring Operations[2m > [22m[2mshould rank higher importance entities first in getEntitiesForConsolidation when updated_at is identical[22m[39m
Migration applied: add_memory_tables

[90mstdout[2m | tests/index.test.ts[2m > [22m[2mEntity Importance Scoring Operations[2m > [22m[2mshould rank higher importance entities first in getEntitiesForConsolidation when updated_at is identical[22m[39m
Migration applied: add_vec0_virtual_table

[90mstdout[2m | tests/index.test.ts[2m > [22m[2mEntity Importance Scoring Operations[2m > [22m[2mshould rank higher importance entities first in getEntitiesForConsolidation when updated_at is identical[22m[39m
Migration applied: add_fts5_fulltext_search

[90mstdout[2m | tests/index.test.ts[2m > [22m[2mEntity Importance Scoring Operations[2m > [22m[2mshould rank higher importance entities first in getEntitiesForConsolidation when updated_at is identical[22m[39m
Migration applied: add_notifications_table

[90mstdout[2m | tests/index.test.ts[2m > [22m[2mEntity Importance Scoring Operations[2m > [22m[2mshould rank higher importance entities first in getEntitiesForConsolidation when updated_at is identical[22m[39m
Migration applied: add_core_memory_summary

[90mstdout[2m | tests/index.test.ts[2m > [22m[2mEntity Importance Scoring Operations[2m > [22m[2mshould rank higher importance entities first in getEntitiesForConsolidation when updated_at is identical[22m[39m
Migration applied: add_temporal_graph_fields

[90mstdout[2m | tests/index.test.ts[2m > [22m[2mEntity Importance Scoring Operations[2m > [22m[2mshould rank higher importance entities first in getEntitiesForConsolidation when updated_at is identical[22m[39m
Migration applied: add_invalidation_reason_to_relationships

[90mstdout[2m | tests/index.test.ts[2m > [22m[2mEntity Importance Scoring Operations[2m > [22m[2mshould rank higher importance entities first in getEntitiesForConsolidation when updated_at is identical[22m[39m
Migration applied: add_app_meta

[90mstdout[2m | tests/index.test.ts[2m > [22m[2mEntity Importance Scoring Operations[2m > [22m[2mshould rank higher importance entities first in getEntitiesForConsolidation when updated_at is identical[22m[39m
Migration applied: add_discussions_table

[90mstdout[2m | tests/index.test.ts[2m > [22m[2mEntity Importance Scoring Operations[2m > [22m[2mshould rank higher importance entities first in getEntitiesForConsolidation when updated_at is identical[22m[39m
Migration applied: add_mcp_usage_log

[90mstdout[2m | tests/index.test.ts[2m > [22m[2mEntity Importance Scoring Operations[2m > [22m[2mshould rank higher importance entities first in getEntitiesForConsolidation when updated_at is identical[22m[39m
Migration applied: add_scoped_device_tokens

[90mstdout[2m | tests/index.test.ts[2m > [22m[2mEntity Importance Scoring Operations[2m > [22m[2mshould rank higher importance entities first in getEntitiesForConsolidation when updated_at is identical[22m[39m
Migration applied: enforce_domain_type_constraints

[90mstdout[2m | tests/index.test.ts[2m > [22m[2mEntity Importance Scoring Operations[2m > [22m[2mshould rank higher importance entities first in getEntitiesForConsolidation when updated_at is identical[22m[39m
Migration applied: add_temporal_assertions

[90mstdout[2m | tests/index.test.ts[2m > [22m[2mEntity Importance Scoring Operations[2m > [22m[2mshould rank higher importance entities first in getEntitiesForConsolidation when updated_at is identical[22m[39m
Migration applied: add_ingestion_documents_and_chunks

[90mstdout[2m | tests/index.test.ts[2m > [22m[2mEntity Importance Scoring Operations[2m > [22m[2mshould rank higher importance entities first in getEntitiesForConsolidation when updated_at is identical[22m[39m
Migration applied: add_entity_resolution_review_queue

[90mstdout[2m | tests/index.test.ts[2m > [22m[2mEntity Importance Scoring Operations[2m > [22m[2mshould rank higher importance entities first in getEntitiesForConsolidation when updated_at is identical[22m[39m
Migration applied: add_assertion_conflict_audit

[90mstdout[2m | tests/index.test.ts[2m > [22m[2mEntity Importance Scoring Operations[2m > [22m[2mshould rank higher importance entities first in getEntitiesForConsolidation when updated_at is identical[22m[39m
Migration applied: add_incremental_relationship_decay

[90mstdout[2m | tests/index.test.ts[2m > [22m[2mEntity Importance Scoring Operations[2m > [22m[2mshould rank higher importance entities first in getEntitiesForConsolidation when updated_at is identical[22m[39m
Migration applied: add_behavior_events_and_proactive_insights

[90mstdout[2m | tests/index.test.ts[2m > [22m[2mEntity Importance Scoring Operations[2m > [22m[2mshould rank higher importance entities first in getEntitiesForConsolidation when updated_at is identical[22m[39m
Migration applied: add_assertion_literal_type_versioning_fts

[90mstdout[2m | tests/index.test.ts[2m > [22m[2mEntity Importance Scoring Operations[2m > [22m[2mshould rank higher importance entities first in getEntitiesForConsolidation when updated_at is identical[22m[39m
Migration applied: extend_entity_merge_audit_with_redirect_summary

[90mstdout[2m | tests/merge-redirect.test.ts[2m > [22m[2mTask 11: HTTP merge review endpoints[2m > [22m[2mGET /api/entities/merge/candidates returns empty list on fresh DB[22m[39m
[Database] sqlite-vec 扩展加载成功 ✓

[90mstdout[2m | tests/index.test.ts[2m > [22m[2mEntity Importance Scoring Operations[2m > [22m[2mshould rank higher importance entities first in getEntitiesForConsolidation when updated_at is identical[22m[39m
Migration applied: add_failed_tasks_and_ingestion_provenance

[90mstdout[2m | tests/merge-redirect.test.ts[2m > [22m[2mTask 11: HTTP merge review endpoints[2m > [22m[2mGET /api/entities/merge/candidates returns empty list on fresh DB[22m[39m
Migration applied: unified_graph_schema_v2

[90mstdout[2m | tests/merge-redirect.test.ts[2m > [22m[2mTask 11: HTTP merge review endpoints[2m > [22m[2mGET /api/entities/merge/candidates returns empty list on fresh DB[22m[39m
Migration applied: add_performance_indexes_v2

[90mstdout[2m | tests/index.test.ts[2m > [22m[2mEntity Importance Scoring Operations[2m > [22m[2mshould delay decay based on importance in _markStaleEntities[22m[39m
[Database] sqlite-vec 扩展加载成功 ✓

[90mstdout[2m | tests/merge-redirect.test.ts[2m > [22m[2mTask 11: HTTP merge review endpoints[2m > [22m[2mGET /api/entities/merge/candidates returns empty list on fresh DB[22m[39m
Migration applied: add_memory_tables

[90mstdout[2m | tests/merge-redirect.test.ts[2m > [22m[2mTask 11: HTTP merge review endpoints[2m > [22m[2mGET /api/entities/merge/candidates returns empty list on fresh DB[22m[39m
Migration applied: add_vec0_virtual_table

[90mstdout[2m | tests/index.test.ts[2m > [22m[2mEntity Importance Scoring Operations[2m > [22m[2mshould delay decay based on importance in _markStaleEntities[22m[39m
Migration applied: unified_graph_schema_v2

[90mstdout[2m | tests/merge-redirect.test.ts[2m > [22m[2mTask 11: HTTP merge review endpoints[2m > [22m[2mGET /api/entities/merge/candidates returns empty list on fresh DB[22m[39m
Migration applied: add_fts5_fulltext_search

[90mstdout[2m | tests/merge-redirect.test.ts[2m > [22m[2mTask 11: HTTP merge review endpoints[2m > [22m[2mGET /api/entities/merge/candidates returns empty list on fresh DB[22m[39m
Migration applied: add_notifications_table

[90mstdout[2m | tests/index.test.ts[2m > [22m[2mEntity Importance Scoring Operations[2m > [22m[2mshould delay decay based on importance in _markStaleEntities[22m[39m
Migration applied: add_performance_indexes_v2

[90mstdout[2m | tests/merge-redirect.test.ts[2m > [22m[2mTask 11: HTTP merge review endpoints[2m > [22m[2mGET /api/entities/merge/candidates returns empty list on fresh DB[22m[39m
Migration applied: add_core_memory_summary

[90mstdout[2m | tests/index.test.ts[2m > [22m[2mEntity Importance Scoring Operations[2m > [22m[2mshould delay decay based on importance in _markStaleEntities[22m[39m
Migration applied: add_memory_tables

[90mstdout[2m | tests/merge-redirect.test.ts[2m > [22m[2mTask 11: HTTP merge review endpoints[2m > [22m[2mGET /api/entities/merge/candidates returns empty list on fresh DB[22m[39m
Migration applied: add_temporal_graph_fields

[90mstdout[2m | tests/merge-redirect.test.ts[2m > [22m[2mTask 11: HTTP merge review endpoints[2m > [22m[2mGET /api/entities/merge/candidates returns empty list on fresh DB[22m[39m
Migration applied: add_invalidation_reason_to_relationships

[90mstdout[2m | tests/index.test.ts[2m > [22m[2mEntity Importance Scoring Operations[2m > [22m[2mshould delay decay based on importance in _markStaleEntities[22m[39m
Migration applied: add_vec0_virtual_table

[90mstdout[2m | tests/merge-redirect.test.ts[2m > [22m[2mTask 11: HTTP merge review endpoints[2m > [22m[2mGET /api/entities/merge/candidates returns empty list on fresh DB[22m[39m
Migration applied: add_app_meta

[90mstdout[2m | tests/index.test.ts[2m > [22m[2mEntity Importance Scoring Operations[2m > [22m[2mshould delay decay based on importance in _markStaleEntities[22m[39m
Migration applied: add_fts5_fulltext_search
Migration applied: add_notifications_table

[90mstdout[2m | tests/merge-redirect.test.ts[2m > [22m[2mTask 11: HTTP merge review endpoints[2m > [22m[2mGET /api/entities/merge/candidates returns empty list on fresh DB[22m[39m
Migration applied: add_discussions_table

[90mstdout[2m | tests/index.test.ts[2m > [22m[2mEntity Importance Scoring Operations[2m > [22m[2mshould delay decay based on importance in _markStaleEntities[22m[39m
Migration applied: add_core_memory_summary

[90mstdout[2m | tests/merge-redirect.test.ts[2m > [22m[2mTask 11: HTTP merge review endpoints[2m > [22m[2mGET /api/entities/merge/candidates returns empty list on fresh DB[22m[39m
Migration applied: add_mcp_usage_log

[90mstdout[2m | tests/merge-redirect.test.ts[2m > [22m[2mTask 11: HTTP merge review endpoints[2m > [22m[2mGET /api/entities/merge/candidates returns empty list on fresh DB[22m[39m
Migration applied: add_scoped_device_tokens

[90mstdout[2m | tests/index.test.ts[2m > [22m[2mEntity Importance Scoring Operations[2m > [22m[2mshould delay decay based on importance in _markStaleEntities[22m[39m
Migration applied: add_temporal_graph_fields

[90mstdout[2m | tests/index.test.ts[2m > [22m[2mEntity Importance Scoring Operations[2m > [22m[2mshould delay decay based on importance in _markStaleEntities[22m[39m
Migration applied: add_invalidation_reason_to_relationships

[90mstdout[2m | tests/index.test.ts[2m > [22m[2mEntity Importance Scoring Operations[2m > [22m[2mshould delay decay based on importance in _markStaleEntities[22m[39m
Migration applied: add_app_meta
Migration applied: add_discussions_table

[90mstdout[2m | tests/merge-redirect.test.ts[2m > [22m[2mTask 11: HTTP merge review endpoints[2m > [22m[2mGET /api/entities/merge/candidates returns empty list on fresh DB[22m[39m
Migration applied: enforce_domain_type_constraints

[90mstdout[2m | tests/merge-redirect.test.ts[2m > [22m[2mTask 11: HTTP merge review endpoints[2m > [22m[2mGET /api/entities/merge/candidates returns empty list on fresh DB[22m[39m
Migration applied: add_temporal_assertions

[90mstdout[2m | tests/index.test.ts[2m > [22m[2mEntity Importance Scoring Operations[2m > [22m[2mshould delay decay based on importance in _markStaleEntities[22m[39m
Migration applied: add_mcp_usage_log

[90mstdout[2m | tests/index.test.ts[2m > [22m[2mEntity Importance Scoring Operations[2m > [22m[2mshould delay decay based on importance in _markStaleEntities[22m[39m
Migration applied: add_scoped_device_tokens

[90mstdout[2m | tests/index.test.ts[2m > [22m[2mEntity Importance Scoring Operations[2m > [22m[2mshould delay decay based on importance in _markStaleEntities[22m[39m
Migration applied: enforce_domain_type_constraints

[90mstdout[2m | tests/merge-redirect.test.ts[2m > [22m[2mTask 11: HTTP merge review endpoints[2m > [22m[2mGET /api/entities/merge/candidates returns empty list on fresh DB[22m[39m
Migration applied: add_ingestion_documents_and_chunks

[90mstdout[2m | tests/merge-redirect.test.ts[2m > [22m[2mTask 11: HTTP merge review endpoints[2m > [22m[2mGET /api/entities/merge/candidates returns empty list on fresh DB[22m[39m
Migration applied: add_entity_resolution_review_queue

[90mstdout[2m | tests/index.test.ts[2m > [22m[2mEntity Importance Scoring Operations[2m > [22m[2mshould delay decay based on importance in _markStaleEntities[22m[39m
Migration applied: add_temporal_assertions

[90mstdout[2m | tests/index.test.ts[2m > [22m[2mEntity Importance Scoring Operations[2m > [22m[2mshould delay decay based on importance in _markStaleEntities[22m[39m
Migration applied: add_ingestion_documents_and_chunks

[90mstdout[2m | tests/index.test.ts[2m > [22m[2mEntity Importance Scoring Operations[2m > [22m[2mshould delay decay based on importance in _markStaleEntities[22m[39m
Migration applied: add_entity_resolution_review_queue

[90mstdout[2m | tests/merge-redirect.test.ts[2m > [22m[2mTask 11: HTTP merge review endpoints[2m > [22m[2mGET /api/entities/merge/candidates returns empty list on fresh DB[22m[39m
Migration applied: add_assertion_conflict_audit

[90mstdout[2m | tests/merge-redirect.test.ts[2m > [22m[2mTask 11: HTTP merge review endpoints[2m > [22m[2mGET /api/entities/merge/candidates returns empty list on fresh DB[22m[39m
Migration applied: add_incremental_relationship_decay

[90mstdout[2m | tests/merge-redirect.test.ts[2m > [22m[2mTask 11: HTTP merge review endpoints[2m > [22m[2mGET /api/entities/merge/candidates returns empty list on fresh DB[22m[39m
Migration applied: add_behavior_events_and_proactive_insights

[90mstdout[2m | tests/index.test.ts[2m > [22m[2mEntity Importance Scoring Operations[2m > [22m[2mshould delay decay based on importance in _markStaleEntities[22m[39m
Migration applied: add_assertion_conflict_audit

[90mstdout[2m | tests/merge-redirect.test.ts[2m > [22m[2mTask 11: HTTP merge review endpoints[2m > [22m[2mGET /api/entities/merge/candidates returns empty list on fresh DB[22m[39m
Migration applied: add_assertion_literal_type_versioning_fts

[90mstdout[2m | tests/index.test.ts[2m > [22m[2mEntity Importance Scoring Operations[2m > [22m[2mshould delay decay based on importance in _markStaleEntities[22m[39m
Migration applied: add_incremental_relationship_decay

[90mstdout[2m | tests/index.test.ts[2m > [22m[2mEntity Importance Scoring Operations[2m > [22m[2mshould delay decay based on importance in _markStaleEntities[22m[39m
Migration applied: add_behavior_events_and_proactive_insights

[90mstdout[2m | tests/index.test.ts[2m > [22m[2mEntity Importance Scoring Operations[2m > [22m[2mshould delay decay based on importance in _markStaleEntities[22m[39m
Migration applied: add_assertion_literal_type_versioning_fts

[90mstdout[2m | tests/merge-redirect.test.ts[2m > [22m[2mTask 11: HTTP merge review endpoints[2m > [22m[2mGET /api/entities/merge/candidates returns empty list on fresh DB[22m[39m
Migration applied: extend_entity_merge_audit_with_redirect_summary

[90mstdout[2m | tests/index.test.ts[2m > [22m[2mEntity Importance Scoring Operations[2m > [22m[2mshould delay decay based on importance in _markStaleEntities[22m[39m
Migration applied: extend_entity_merge_audit_with_redirect_summary

[90mstdout[2m | tests/index.test.ts[2m > [22m[2mEntity Importance Scoring Operations[2m > [22m[2mshould delay decay based on importance in _markStaleEntities[22m[39m
Migration applied: add_failed_tasks_and_ingestion_provenance

 [32m✓[39m tests/index.test.ts [2m ([22m[2m54 tests[22m[2m)[22m[33m 1099[2mms[22m[39m
[90mstdout[2m | tests/merge-redirect.test.ts[2m > [22m[2mTask 11: HTTP merge review endpoints[2m > [22m[2mGET /api/entities/merge/candidates returns empty list on fresh DB[22m[39m
Migration applied: add_failed_tasks_and_ingestion_provenance
[MemoryDecay] 启动调度器 (间隔: 3600s)

[90mstdout[2m | tests/merge-redirect.test.ts[2m > [22m[2mTask 11: HTTP merge review endpoints[2m > [22m[2mfull confirm → revert lifecycle via HTTP[22m[39m
[Database] sqlite-vec 扩展加载成功 ✓

[90mstdout[2m | tests/merge-redirect.test.ts[2m > [22m[2mTask 11: HTTP merge review endpoints[2m > [22m[2mfull confirm → revert lifecycle via HTTP[22m[39m
Migration applied: unified_graph_schema_v2

[90mstdout[2m | tests/merge-redirect.test.ts[2m > [22m[2mTask 11: HTTP merge review endpoints[2m > [22m[2mfull confirm → revert lifecycle via HTTP[22m[39m
Migration applied: add_performance_indexes_v2

[90mstdout[2m | tests/merge-redirect.test.ts[2m > [22m[2mTask 11: HTTP merge review endpoints[2m > [22m[2mfull confirm → revert lifecycle via HTTP[22m[39m
Migration applied: add_memory_tables

[90mstdout[2m | tests/merge-redirect.test.ts[2m > [22m[2mTask 11: HTTP merge review endpoints[2m > [22m[2mfull confirm → revert lifecycle via HTTP[22m[39m
Migration applied: add_vec0_virtual_table

[90mstdout[2m | tests/merge-redirect.test.ts[2m > [22m[2mTask 11: HTTP merge review endpoints[2m > [22m[2mfull confirm → revert lifecycle via HTTP[22m[39m
Migration applied: add_fts5_fulltext_search

[90mstdout[2m | tests/merge-redirect.test.ts[2m > [22m[2mTask 11: HTTP merge review endpoints[2m > [22m[2mfull confirm → revert lifecycle via HTTP[22m[39m
Migration applied: add_notifications_table

[90mstdout[2m | tests/merge-redirect.test.ts[2m > [22m[2mTask 11: HTTP merge review endpoints[2m > [22m[2mfull confirm → revert lifecycle via HTTP[22m[39m
Migration applied: add_core_memory_summary

[90mstdout[2m | tests/merge-redirect.test.ts[2m > [22m[2mTask 11: HTTP merge review endpoints[2m > [22m[2mfull confirm → revert lifecycle via HTTP[22m[39m
Migration applied: add_temporal_graph_fields

[90mstdout[2m | tests/merge-redirect.test.ts[2m > [22m[2mTask 11: HTTP merge review endpoints[2m > [22m[2mfull confirm → revert lifecycle via HTTP[22m[39m
Migration applied: add_invalidation_reason_to_relationships

[90mstdout[2m | tests/merge-redirect.test.ts[2m > [22m[2mTask 11: HTTP merge review endpoints[2m > [22m[2mfull confirm → revert lifecycle via HTTP[22m[39m
Migration applied: add_app_meta

[90mstdout[2m | tests/merge-redirect.test.ts[2m > [22m[2mTask 11: HTTP merge review endpoints[2m > [22m[2mfull confirm → revert lifecycle via HTTP[22m[39m
Migration applied: add_discussions_table

[90mstdout[2m | tests/merge-redirect.test.ts[2m > [22m[2mTask 11: HTTP merge review endpoints[2m > [22m[2mfull confirm → revert lifecycle via HTTP[22m[39m
Migration applied: add_mcp_usage_log

[90mstdout[2m | tests/merge-redirect.test.ts[2m > [22m[2mTask 11: HTTP merge review endpoints[2m > [22m[2mfull confirm → revert lifecycle via HTTP[22m[39m
Migration applied: add_scoped_device_tokens

[90mstdout[2m | tests/merge-redirect.test.ts[2m > [22m[2mTask 11: HTTP merge review endpoints[2m > [22m[2mfull confirm → revert lifecycle via HTTP[22m[39m
Migration applied: enforce_domain_type_constraints

[90mstdout[2m | tests/merge-redirect.test.ts[2m > [22m[2mTask 11: HTTP merge review endpoints[2m > [22m[2mfull confirm → revert lifecycle via HTTP[22m[39m
Migration applied: add_temporal_assertions

[90mstdout[2m | tests/merge-redirect.test.ts[2m > [22m[2mTask 11: HTTP merge review endpoints[2m > [22m[2mfull confirm → revert lifecycle via HTTP[22m[39m
Migration applied: add_ingestion_documents_and_chunks

[90mstdout[2m | tests/merge-redirect.test.ts[2m > [22m[2mTask 11: HTTP merge review endpoints[2m > [22m[2mfull confirm → revert lifecycle via HTTP[22m[39m
Migration applied: add_entity_resolution_review_queue

[90mstdout[2m | tests/merge-redirect.test.ts[2m > [22m[2mTask 11: HTTP merge review endpoints[2m > [22m[2mfull confirm → revert lifecycle via HTTP[22m[39m
Migration applied: add_assertion_conflict_audit

[90mstdout[2m | tests/merge-redirect.test.ts[2m > [22m[2mTask 11: HTTP merge review endpoints[2m > [22m[2mfull confirm → revert lifecycle via HTTP[22m[39m
Migration applied: add_incremental_relationship_decay

[90mstdout[2m | tests/merge-redirect.test.ts[2m > [22m[2mTask 11: HTTP merge review endpoints[2m > [22m[2mfull confirm → revert lifecycle via HTTP[22m[39m
Migration applied: add_behavior_events_and_proactive_insights

[90mstdout[2m | tests/merge-redirect.test.ts[2m > [22m[2mTask 11: HTTP merge review endpoints[2m > [22m[2mfull confirm → revert lifecycle via HTTP[22m[39m
Migration applied: add_assertion_literal_type_versioning_fts

[90mstdout[2m | tests/merge-redirect.test.ts[2m > [22m[2mTask 11: HTTP merge review endpoints[2m > [22m[2mfull confirm → revert lifecycle via HTTP[22m[39m
Migration applied: extend_entity_merge_audit_with_redirect_summary

[90mstdout[2m | tests/merge-redirect.test.ts[2m > [22m[2mTask 11: HTTP merge review endpoints[2m > [22m[2mfull confirm → revert lifecycle via HTTP[22m[39m
Migration applied: add_failed_tasks_and_ingestion_provenance
[MemoryDecay] 启动调度器 (间隔: 3600s)

[90mstdout[2m | tests/merge-redirect.test.ts[2m > [22m[2mTask 11: HTTP merge review endpoints[2m > [22m[2mreturns 404 when confirming an unknown mergeId[22m[39m
[Database] sqlite-vec 扩展加载成功 ✓

[90mstdout[2m | tests/merge-redirect.test.ts[2m > [22m[2mTask 11: HTTP merge review endpoints[2m > [22m[2mreturns 404 when confirming an unknown mergeId[22m[39m
Migration applied: unified_graph_schema_v2

[90mstdout[2m | tests/merge-redirect.test.ts[2m > [22m[2mTask 11: HTTP merge review endpoints[2m > [22m[2mreturns 404 when confirming an unknown mergeId[22m[39m
Migration applied: add_performance_indexes_v2

[90mstdout[2m | tests/merge-redirect.test.ts[2m > [22m[2mTask 11: HTTP merge review endpoints[2m > [22m[2mreturns 404 when confirming an unknown mergeId[22m[39m
Migration applied: add_memory_tables

[90mstdout[2m | tests/merge-redirect.test.ts[2m > [22m[2mTask 11: HTTP merge review endpoints[2m > [22m[2mreturns 404 when confirming an unknown mergeId[22m[39m
Migration applied: add_vec0_virtual_table

[90mstdout[2m | tests/merge-redirect.test.ts[2m > [22m[2mTask 11: HTTP merge review endpoints[2m > [22m[2mreturns 404 when confirming an unknown mergeId[22m[39m
Migration applied: add_fts5_fulltext_search

[90mstdout[2m | tests/merge-redirect.test.ts[2m > [22m[2mTask 11: HTTP merge review endpoints[2m > [22m[2mreturns 404 when confirming an unknown mergeId[22m[39m
Migration applied: add_notifications_table

[90mstdout[2m | tests/merge-redirect.test.ts[2m > [22m[2mTask 11: HTTP merge review endpoints[2m > [22m[2mreturns 404 when confirming an unknown mergeId[22m[39m
Migration applied: add_core_memory_summary

[90mstdout[2m | tests/merge-redirect.test.ts[2m > [22m[2mTask 11: HTTP merge review endpoints[2m > [22m[2mreturns 404 when confirming an unknown mergeId[22m[39m
Migration applied: add_temporal_graph_fields

[90mstdout[2m | tests/merge-redirect.test.ts[2m > [22m[2mTask 11: HTTP merge review endpoints[2m > [22m[2mreturns 404 when confirming an unknown mergeId[22m[39m
Migration applied: add_invalidation_reason_to_relationships

[90mstdout[2m | tests/merge-redirect.test.ts[2m > [22m[2mTask 11: HTTP merge review endpoints[2m > [22m[2mreturns 404 when confirming an unknown mergeId[22m[39m
Migration applied: add_app_meta
Migration applied: add_discussions_table
Migration applied: add_mcp_usage_log

[90mstdout[2m | tests/merge-redirect.test.ts[2m > [22m[2mTask 11: HTTP merge review endpoints[2m > [22m[2mreturns 404 when confirming an unknown mergeId[22m[39m
Migration applied: add_scoped_device_tokens
Migration applied: enforce_domain_type_constraints

[90mstdout[2m | tests/merge-redirect.test.ts[2m > [22m[2mTask 11: HTTP merge review endpoints[2m > [22m[2mreturns 404 when confirming an unknown mergeId[22m[39m
Migration applied: add_temporal_assertions

[90mstdout[2m | tests/merge-redirect.test.ts[2m > [22m[2mTask 11: HTTP merge review endpoints[2m > [22m[2mreturns 404 when confirming an unknown mergeId[22m[39m
Migration applied: add_ingestion_documents_and_chunks

[90mstdout[2m | tests/merge-redirect.test.ts[2m > [22m[2mTask 11: HTTP merge review endpoints[2m > [22m[2mreturns 404 when confirming an unknown mergeId[22m[39m
Migration applied: add_entity_resolution_review_queue

[90mstdout[2m | tests/merge-redirect.test.ts[2m > [22m[2mTask 11: HTTP merge review endpoints[2m > [22m[2mreturns 404 when confirming an unknown mergeId[22m[39m
Migration applied: add_assertion_conflict_audit

[90mstdout[2m | tests/merge-redirect.test.ts[2m > [22m[2mTask 11: HTTP merge review endpoints[2m > [22m[2mreturns 404 when confirming an unknown mergeId[22m[39m
Migration applied: add_incremental_relationship_decay

[90mstdout[2m | tests/merge-redirect.test.ts[2m > [22m[2mTask 11: HTTP merge review endpoints[2m > [22m[2mreturns 404 when confirming an unknown mergeId[22m[39m
Migration applied: add_behavior_events_and_proactive_insights

[90mstdout[2m | tests/merge-redirect.test.ts[2m > [22m[2mTask 11: HTTP merge review endpoints[2m > [22m[2mreturns 404 when confirming an unknown mergeId[22m[39m
Migration applied: add_assertion_literal_type_versioning_fts

[90mstdout[2m | tests/merge-redirect.test.ts[2m > [22m[2mTask 11: HTTP merge review endpoints[2m > [22m[2mreturns 404 when confirming an unknown mergeId[22m[39m
Migration applied: extend_entity_merge_audit_with_redirect_summary

[90mstdout[2m | tests/merge-redirect.test.ts[2m > [22m[2mTask 11: HTTP merge review endpoints[2m > [22m[2mreturns 404 when confirming an unknown mergeId[22m[39m
Migration applied: add_failed_tasks_and_ingestion_provenance
[MemoryDecay] 启动调度器 (间隔: 3600s)

[90mstdout[2m | tests/merge-redirect.test.ts[2m > [22m[2mTask 11: HTTP merge review endpoints[2m > [22m[2mreturns 404 when reverting an unconfirmed merge[22m[39m
[Database] sqlite-vec 扩展加载成功 ✓

[90mstdout[2m | tests/merge-redirect.test.ts[2m > [22m[2mTask 11: HTTP merge review endpoints[2m > [22m[2mreturns 404 when reverting an unconfirmed merge[22m[39m
Migration applied: unified_graph_schema_v2

[90mstdout[2m | tests/merge-redirect.test.ts[2m > [22m[2mTask 11: HTTP merge review endpoints[2m > [22m[2mreturns 404 when reverting an unconfirmed merge[22m[39m
Migration applied: add_performance_indexes_v2

[90mstdout[2m | tests/merge-redirect.test.ts[2m > [22m[2mTask 11: HTTP merge review endpoints[2m > [22m[2mreturns 404 when reverting an unconfirmed merge[22m[39m
Migration applied: add_memory_tables

[90mstdout[2m | tests/merge-redirect.test.ts[2m > [22m[2mTask 11: HTTP merge review endpoints[2m > [22m[2mreturns 404 when reverting an unconfirmed merge[22m[39m
Migration applied: add_vec0_virtual_table

[90mstdout[2m | tests/merge-redirect.test.ts[2m > [22m[2mTask 11: HTTP merge review endpoints[2m > [22m[2mreturns 404 when reverting an unconfirmed merge[22m[39m
Migration applied: add_fts5_fulltext_search

[90mstdout[2m | tests/merge-redirect.test.ts[2m > [22m[2mTask 11: HTTP merge review endpoints[2m > [22m[2mreturns 404 when reverting an unconfirmed merge[22m[39m
Migration applied: add_notifications_table

[90mstdout[2m | tests/merge-redirect.test.ts[2m > [22m[2mTask 11: HTTP merge review endpoints[2m > [22m[2mreturns 404 when reverting an unconfirmed merge[22m[39m
Migration applied: add_core_memory_summary

[90mstdout[2m | tests/merge-redirect.test.ts[2m > [22m[2mTask 11: HTTP merge review endpoints[2m > [22m[2mreturns 404 when reverting an unconfirmed merge[22m[39m
Migration applied: add_temporal_graph_fields

[90mstdout[2m | tests/merge-redirect.test.ts[2m > [22m[2mTask 11: HTTP merge review endpoints[2m > [22m[2mreturns 404 when reverting an unconfirmed merge[22m[39m
Migration applied: add_invalidation_reason_to_relationships

[90mstdout[2m | tests/merge-redirect.test.ts[2m > [22m[2mTask 11: HTTP merge review endpoints[2m > [22m[2mreturns 404 when reverting an unconfirmed merge[22m[39m
Migration applied: add_app_meta
Migration applied: add_discussions_table

[90mstdout[2m | tests/merge-redirect.test.ts[2m > [22m[2mTask 11: HTTP merge review endpoints[2m > [22m[2mreturns 404 when reverting an unconfirmed merge[22m[39m
Migration applied: add_mcp_usage_log
Migration applied: add_scoped_device_tokens

[90mstdout[2m | tests/merge-redirect.test.ts[2m > [22m[2mTask 11: HTTP merge review endpoints[2m > [22m[2mreturns 404 when reverting an unconfirmed merge[22m[39m
Migration applied: enforce_domain_type_constraints

[90mstdout[2m | tests/merge-redirect.test.ts[2m > [22m[2mTask 11: HTTP merge review endpoints[2m > [22m[2mreturns 404 when reverting an unconfirmed merge[22m[39m
Migration applied: add_temporal_assertions

[90mstdout[2m | tests/merge-redirect.test.ts[2m > [22m[2mTask 11: HTTP merge review endpoints[2m > [22m[2mreturns 404 when reverting an unconfirmed merge[22m[39m
Migration applied: add_ingestion_documents_and_chunks
Migration applied: add_entity_resolution_review_queue

[90mstdout[2m | tests/merge-redirect.test.ts[2m > [22m[2mTask 11: HTTP merge review endpoints[2m > [22m[2mreturns 404 when reverting an unconfirmed merge[22m[39m
Migration applied: add_assertion_conflict_audit

[90mstdout[2m | tests/merge-redirect.test.ts[2m > [22m[2mTask 11: HTTP merge review endpoints[2m > [22m[2mreturns 404 when reverting an unconfirmed merge[22m[39m
Migration applied: add_incremental_relationship_decay

[90mstdout[2m | tests/merge-redirect.test.ts[2m > [22m[2mTask 11: HTTP merge review endpoints[2m > [22m[2mreturns 404 when reverting an unconfirmed merge[22m[39m
Migration applied: add_behavior_events_and_proactive_insights

[90mstdout[2m | tests/merge-redirect.test.ts[2m > [22m[2mTask 11: HTTP merge review endpoints[2m > [22m[2mreturns 404 when reverting an unconfirmed merge[22m[39m
Migration applied: add_assertion_literal_type_versioning_fts

[90mstdout[2m | tests/merge-redirect.test.ts[2m > [22m[2mTask 11: HTTP merge review endpoints[2m > [22m[2mreturns 404 when reverting an unconfirmed merge[22m[39m
Migration applied: extend_entity_merge_audit_with_redirect_summary

[90mstdout[2m | tests/merge-redirect.test.ts[2m > [22m[2mTask 11: HTTP merge review endpoints[2m > [22m[2mreturns 404 when reverting an unconfirmed merge[22m[39m
Migration applied: add_failed_tasks_and_ingestion_provenance
[MemoryDecay] 启动调度器 (间隔: 3600s)

[90mstdout[2m | tests/merge-redirect.test.ts[2m > [22m[2mTask 11: HTTP merge review endpoints[2m > [22m[2mrejects unknown status filter on candidates list[22m[39m
[Database] sqlite-vec 扩展加载成功 ✓

[90mstdout[2m | tests/merge-redirect.test.ts[2m > [22m[2mTask 11: HTTP merge review endpoints[2m > [22m[2mrejects unknown status filter on candidates list[22m[39m
Migration applied: unified_graph_schema_v2

[90mstdout[2m | tests/merge-redirect.test.ts[2m > [22m[2mTask 11: HTTP merge review endpoints[2m > [22m[2mrejects unknown status filter on candidates list[22m[39m
Migration applied: add_performance_indexes_v2

[90mstdout[2m | tests/merge-redirect.test.ts[2m > [22m[2mTask 11: HTTP merge review endpoints[2m > [22m[2mrejects unknown status filter on candidates list[22m[39m
Migration applied: add_memory_tables

[90mstdout[2m | tests/merge-redirect.test.ts[2m > [22m[2mTask 11: HTTP merge review endpoints[2m > [22m[2mrejects unknown status filter on candidates list[22m[39m
Migration applied: add_vec0_virtual_table

[90mstdout[2m | tests/merge-redirect.test.ts[2m > [22m[2mTask 11: HTTP merge review endpoints[2m > [22m[2mrejects unknown status filter on candidates list[22m[39m
Migration applied: add_fts5_fulltext_search

[90mstdout[2m | tests/merge-redirect.test.ts[2m > [22m[2mTask 11: HTTP merge review endpoints[2m > [22m[2mrejects unknown status filter on candidates list[22m[39m
Migration applied: add_notifications_table

[90mstdout[2m | tests/merge-redirect.test.ts[2m > [22m[2mTask 11: HTTP merge review endpoints[2m > [22m[2mrejects unknown status filter on candidates list[22m[39m
Migration applied: add_core_memory_summary

[90mstdout[2m | tests/merge-redirect.test.ts[2m > [22m[2mTask 11: HTTP merge review endpoints[2m > [22m[2mrejects unknown status filter on candidates list[22m[39m
Migration applied: add_temporal_graph_fields

[90mstdout[2m | tests/merge-redirect.test.ts[2m > [22m[2mTask 11: HTTP merge review endpoints[2m > [22m[2mrejects unknown status filter on candidates list[22m[39m
Migration applied: add_invalidation_reason_to_relationships

[90mstdout[2m | tests/merge-redirect.test.ts[2m > [22m[2mTask 11: HTTP merge review endpoints[2m > [22m[2mrejects unknown status filter on candidates list[22m[39m
Migration applied: add_app_meta

[90mstdout[2m | tests/merge-redirect.test.ts[2m > [22m[2mTask 11: HTTP merge review endpoints[2m > [22m[2mrejects unknown status filter on candidates list[22m[39m
Migration applied: add_discussions_table

[90mstdout[2m | tests/merge-redirect.test.ts[2m > [22m[2mTask 11: HTTP merge review endpoints[2m > [22m[2mrejects unknown status filter on candidates list[22m[39m
Migration applied: add_mcp_usage_log

[90mstdout[2m | tests/merge-redirect.test.ts[2m > [22m[2mTask 11: HTTP merge review endpoints[2m > [22m[2mrejects unknown status filter on candidates list[22m[39m
Migration applied: add_scoped_device_tokens

[90mstdout[2m | tests/merge-redirect.test.ts[2m > [22m[2mTask 11: HTTP merge review endpoints[2m > [22m[2mrejects unknown status filter on candidates list[22m[39m
Migration applied: enforce_domain_type_constraints

[90mstdout[2m | tests/merge-redirect.test.ts[2m > [22m[2mTask 11: HTTP merge review endpoints[2m > [22m[2mrejects unknown status filter on candidates list[22m[39m
Migration applied: add_temporal_assertions

[90mstdout[2m | tests/merge-redirect.test.ts[2m > [22m[2mTask 11: HTTP merge review endpoints[2m > [22m[2mrejects unknown status filter on candidates list[22m[39m
Migration applied: add_ingestion_documents_and_chunks

[90mstdout[2m | tests/merge-redirect.test.ts[2m > [22m[2mTask 11: HTTP merge review endpoints[2m > [22m[2mrejects unknown status filter on candidates list[22m[39m
Migration applied: add_entity_resolution_review_queue

[90mstdout[2m | tests/merge-redirect.test.ts[2m > [22m[2mTask 11: HTTP merge review endpoints[2m > [22m[2mrejects unknown status filter on candidates list[22m[39m
Migration applied: add_assertion_conflict_audit

[90mstdout[2m | tests/merge-redirect.test.ts[2m > [22m[2mTask 11: HTTP merge review endpoints[2m > [22m[2mrejects unknown status filter on candidates list[22m[39m
Migration applied: add_incremental_relationship_decay

[90mstdout[2m | tests/merge-redirect.test.ts[2m > [22m[2mTask 11: HTTP merge review endpoints[2m > [22m[2mrejects unknown status filter on candidates list[22m[39m
Migration applied: add_behavior_events_and_proactive_insights

[90mstdout[2m | tests/merge-redirect.test.ts[2m > [22m[2mTask 11: HTTP merge review endpoints[2m > [22m[2mrejects unknown status filter on candidates list[22m[39m
Migration applied: add_assertion_literal_type_versioning_fts

[90mstdout[2m | tests/merge-redirect.test.ts[2m > [22m[2mTask 11: HTTP merge review endpoints[2m > [22m[2mrejects unknown status filter on candidates list[22m[39m
Migration applied: extend_entity_merge_audit_with_redirect_summary

[90mstdout[2m | tests/merge-redirect.test.ts[2m > [22m[2mTask 11: HTTP merge review endpoints[2m > [22m[2mrejects unknown status filter on candidates list[22m[39m
Migration applied: add_failed_tasks_and_ingestion_provenance
[MemoryDecay] 启动调度器 (间隔: 3600s)

 [32m✓[39m tests/merge-redirect.test.ts [2m ([22m[2m25 tests[22m[2m)[22m[33m 12228[2mms[22m[39m
[90mstdout[2m | tests/auth.test.ts[2m > [22m[2mscoped device authentication[22m[39m
[Database] sqlite-vec 扩展加载成功 ✓

[90mstdout[2m | tests/auth.test.ts[2m > [22m[2mscoped device authentication[22m[39m
Migration applied: unified_graph_schema_v2

[90mstdout[2m | tests/auth.test.ts[2m > [22m[2mscoped device authentication[22m[39m
Migration applied: add_performance_indexes_v2

[90mstdout[2m | tests/failed-tasks.test.ts[22m[39m
[Database] sqlite-vec 扩展加载成功 ✓

[90mstdout[2m | tests/auth.test.ts[2m > [22m[2mscoped device authentication[22m[39m
Migration applied: add_memory_tables

[90mstdout[2m | tests/auth.test.ts[2m > [22m[2mscoped device authentication[22m[39m
Migration applied: add_vec0_virtual_table

[90mstdout[2m | tests/auth.test.ts[2m > [22m[2mscoped device authentication[22m[39m
Migration applied: add_fts5_fulltext_search

[90mstdout[2m | tests/auth.test.ts[2m > [22m[2mscoped device authentication[22m[39m
Migration applied: add_notifications_table

[90mstdout[2m | tests/failed-tasks.test.ts[22m[39m
Migration applied: unified_graph_schema_v2

[90mstdout[2m | tests/auth.test.ts[2m > [22m[2mscoped device authentication[22m[39m
Migration applied: add_core_memory_summary

[90mstdout[2m | tests/failed-tasks.test.ts[22m[39m
Migration applied: add_performance_indexes_v2

[90mstdout[2m | tests/auth.test.ts[2m > [22m[2mscoped device authentication[22m[39m
Migration applied: add_temporal_graph_fields

[90mstdout[2m | tests/failed-tasks.test.ts[22m[39m
Migration applied: add_memory_tables

[90mstdout[2m | tests/auth.test.ts[2m > [22m[2mscoped device authentication[22m[39m
Migration applied: add_invalidation_reason_to_relationships
Migration applied: add_app_meta

[90mstdout[2m | tests/failed-tasks.test.ts[22m[39m
Migration applied: add_vec0_virtual_table

[90mstdout[2m | tests/auth.test.ts[2m > [22m[2mscoped device authentication[22m[39m
Migration applied: add_discussions_table

[90mstdout[2m | tests/failed-tasks.test.ts[22m[39m
Migration applied: add_fts5_fulltext_search

[90mstdout[2m | tests/auth.test.ts[2m > [22m[2mscoped device authentication[22m[39m
Migration applied: add_mcp_usage_log

[90mstdout[2m | tests/auth.test.ts[2m > [22m[2mscoped device authentication[22m[39m
Migration applied: add_scoped_device_tokens

[90mstdout[2m | tests/failed-tasks.test.ts[22m[39m
Migration applied: add_notifications_table

[90mstdout[2m | tests/failed-tasks.test.ts[22m[39m
Migration applied: add_core_memory_summary

[90mstdout[2m | tests/failed-tasks.test.ts[22m[39m
Migration applied: add_temporal_graph_fields

[90mstdout[2m | tests/failed-tasks.test.ts[22m[39m
Migration applied: add_invalidation_reason_to_relationships

[90mstdout[2m | tests/auth.test.ts[2m > [22m[2mscoped device authentication[22m[39m
Migration applied: enforce_domain_type_constraints

[90mstdout[2m | tests/failed-tasks.test.ts[22m[39m
Migration applied: add_app_meta

[90mstdout[2m | tests/auth.test.ts[2m > [22m[2mscoped device authentication[22m[39m
Migration applied: add_temporal_assertions

[90mstdout[2m | tests/failed-tasks.test.ts[22m[39m
Migration applied: add_discussions_table

[90mstdout[2m | tests/failed-tasks.test.ts[22m[39m
Migration applied: add_mcp_usage_log

[90mstdout[2m | tests/auth.test.ts[2m > [22m[2mscoped device authentication[22m[39m
Migration applied: add_ingestion_documents_and_chunks

[90mstdout[2m | tests/auth.test.ts[2m > [22m[2mscoped device authentication[22m[39m
Migration applied: add_entity_resolution_review_queue

[90mstdout[2m | tests/failed-tasks.test.ts[22m[39m
Migration applied: add_scoped_device_tokens

[90mstdout[2m | tests/failed-tasks.test.ts[22m[39m
Migration applied: enforce_domain_type_constraints

[90mstdout[2m | tests/failed-tasks.test.ts[22m[39m
Migration applied: add_temporal_assertions

[90mstdout[2m | tests/failed-tasks.test.ts[22m[39m
Migration applied: add_ingestion_documents_and_chunks

[90mstdout[2m | tests/auth.test.ts[2m > [22m[2mscoped device authentication[22m[39m
Migration applied: add_assertion_conflict_audit

[90mstdout[2m | tests/auth.test.ts[2m > [22m[2mscoped device authentication[22m[39m
Migration applied: add_incremental_relationship_decay

[90mstdout[2m | tests/failed-tasks.test.ts[22m[39m
Migration applied: add_entity_resolution_review_queue

[90mstdout[2m | tests/failed-tasks.test.ts[22m[39m
Migration applied: add_assertion_conflict_audit

[90mstdout[2m | tests/auth.test.ts[2m > [22m[2mscoped device authentication[22m[39m
Migration applied: add_behavior_events_and_proactive_insights

[90mstdout[2m | tests/failed-tasks.test.ts[22m[39m
Migration applied: add_incremental_relationship_decay

[90mstdout[2m | tests/auth.test.ts[2m > [22m[2mscoped device authentication[22m[39m
Migration applied: add_assertion_literal_type_versioning_fts

[90mstdout[2m | tests/auth.test.ts[2m > [22m[2mscoped device authentication[22m[39m
Migration applied: extend_entity_merge_audit_with_redirect_summary

[90mstdout[2m | tests/failed-tasks.test.ts[22m[39m
Migration applied: add_behavior_events_and_proactive_insights

[90mstdout[2m | tests/failed-tasks.test.ts[22m[39m
Migration applied: add_assertion_literal_type_versioning_fts

[90mstdout[2m | tests/failed-tasks.test.ts[22m[39m
Migration applied: extend_entity_merge_audit_with_redirect_summary

[90mstdout[2m | tests/failed-tasks.test.ts[22m[39m
Migration applied: add_failed_tasks_and_ingestion_provenance
[MemoryDecay] 启动调度器 (间隔: 3600s)

[90mstdout[2m | tests/auth.test.ts[2m > [22m[2mscoped device authentication[22m[39m
Migration applied: add_failed_tasks_and_ingestion_provenance
[MemoryDecay] 启动调度器 (间隔: 3600s)

[90mstdout[2m | tests/auth.test.ts[2m > [22m[2mdevice token migration[2m > [22m[2mupgrades a database that has all migrations through v12[22m[39m
[Database] sqlite-vec 扩展加载成功 ✓

[90mstdout[2m | tests/auth.test.ts[2m > [22m[2mdevice token migration[2m > [22m[2mupgrades a database that has all migrations through v12[22m[39m
Migration applied: unified_graph_schema_v2

[90mstdout[2m | tests/api.smoke.test.ts[2m > [22m[2mAPI smoke: graph extract[2m > [22m[2mextracts entities from inline text[22m[39m
[EmbeddingService] 本地模型加载完成

[90mstdout[2m | tests/auth.test.ts[2m > [22m[2mdevice token migration[2m > [22m[2mupgrades a database that has all migrations through v12[22m[39m
Migration applied: add_performance_indexes_v2

[90mstdout[2m | tests/auth.test.ts[2m > [22m[2mdevice token migration[2m > [22m[2mupgrades a database that has all migrations through v12[22m[39m
Migration applied: add_memory_tables

stderr | tests/api.smoke.test.ts > API smoke: graph extract > rejects non-JSON content-type
API Error: HttpError: Content-Type must be application/json
    at IncomingMessage.<anonymous> (<repo>\brain-server\src\api\routes.ts:196:18)
    at IncomingMessage.emit (node:events:518:28)
    at endReadableNT (node:internal/streams/readable:1698:12)
    at processTicksAndRejections (node:internal/process/task_queues:90:21) {
  statusCode: 415
}

[90mstdout[2m | tests/auth.test.ts[2m > [22m[2mdevice token migration[2m > [22m[2mupgrades a database that has all migrations through v12[22m[39m
Migration applied: add_vec0_virtual_table

[90mstdout[2m | tests/auth.test.ts[2m > [22m[2mdevice token migration[2m > [22m[2mupgrades a database that has all migrations through v12[22m[39m
Migration applied: add_fts5_fulltext_search

stderr | tests/api.smoke.test.ts > API smoke: MCP retrieval precision > caps unrelated core principles while preserving searched principles
[temporal] parseTemporalQuery: no temporal keyword in query "Project Alpha retrieval precision decision", defaulting to current mode

[90mstdout[2m | tests/auth.test.ts[2m > [22m[2mdevice token migration[2m > [22m[2mupgrades a database that has all migrations through v12[22m[39m
Migration applied: add_notifications_table

stderr | tests/api.smoke.test.ts > API smoke: MCP retrieval precision > does not force core principles into unified memory search results
[temporal] parseTemporalQuery: no temporal keyword in query "Project Alpha retrieval precision decision", defaulting to current mode
[temporal] parseTemporalQuery: no temporal keyword in query "Project Alpha retrieval precision decision", defaulting to current mode

[90mstdout[2m | tests/auth.test.ts[2m > [22m[2mdevice token migration[2m > [22m[2mupgrades a database that has all migrations through v12[22m[39m
Migration applied: add_core_memory_summary

stderr | tests/api.smoke.test.ts > API smoke: ask_memory and graph_answer reachability > ask_memory returns structured response (not 404 / MethodNotFound)
[temporal] parseTemporalQuery: no temporal keyword in query "What do I know about Project Alpha?", defaulting to current mode

[90mstdout[2m | tests/auth.test.ts[2m > [22m[2mdevice token migration[2m > [22m[2mupgrades a database that has all migrations through v12[22m[39m
Migration applied: add_temporal_graph_fields

stderr | tests/api.smoke.test.ts > API smoke: ask_memory and graph_answer reachability > ask_memory returns structured response (not 404 / MethodNotFound)
[ask_memory] Failed: TypeError: fetch failed
    at node:internal/deps/undici/undici:13510:13
    at processTicksAndRejections (node:internal/process/task_queues:105:5)
    at auditedAiFetch (<repo>\brain-server\src\security\audited-ai-fetch.ts:114:22)
    at Object.handler (<repo>\brain-server\src\api\handlers\mcp.ts:1604:30)
    at ApiRouter.handle (<repo>\brain-server\src\api\routes.ts:133:11)
    at Server.<anonymous> (<repo>\brain-server\src\api\routes.ts:366:5) {
  [cause]: AggregateError:
      at internalConnectMultiple (node:net:1139:18)
      at afterConnectMultiple (node:net:1714:7) {
    code: 'ECONNREFUSED',
    [errors]: [ [Error], [Error] ]
  }
}

[90mstdout[2m | tests/auth.test.ts[2m > [22m[2mdevice token migration[2m > [22m[2mupgrades a database that has all migrations through v12[22m[39m
Migration applied: add_invalidation_reason_to_relationships

stderr | tests/api.smoke.test.ts > API smoke: ask_memory and graph_answer reachability > graph_answer returns structured response (not 404 / MethodNotFound)
[temporal] parseTemporalQuery: no temporal keyword in query "Should I use Project Alpha for the new feature?", defaulting to current mode

[90mstdout[2m | tests/auth.test.ts[2m > [22m[2mdevice token migration[2m > [22m[2mupgrades a database that has all migrations through v12[22m[39m
Migration applied: add_app_meta

stderr | tests/api.smoke.test.ts > API smoke: ask_memory and graph_answer reachability > graph_answer returns structured response (not 404 / MethodNotFound)
[analyze_decision] agentic enrich skipped (model may not support tools): TypeError: fetch failed
    at node:internal/deps/undici/undici:13510:13
    at processTicksAndRejections (node:internal/process/task_queues:105:5)
    at auditedAiFetch (<repo>\brain-server\src\security\audited-ai-fetch.ts:114:22)
    at agenticEnrichMemories (<repo>\brain-server\src\api\handlers\mcp.ts:631:22)
    at Object.handler (<repo>\brain-server\src\api\handlers\mcp.ts:1650:29)
    at ApiRouter.handle (<repo>\brain-server\src\api\routes.ts:133:11)
    at Server.<anonymous> (<repo>\brain-server\src\api\routes.ts:366:5) {
  [cause]: AggregateError:
      at internalConnectMultiple (node:net:1139:18)
      at afterConnectMultiple (node:net:1714:7) {
    code: 'ECONNREFUSED',
    [errors]: [ [Error], [Error] ]
  }
}
[temporal] parseTemporalQuery: no temporal keyword in query "Should I use Project Alpha for the new feature?", defaulting to current mode

stderr | tests/api.smoke.test.ts > API smoke: ask_memory and graph_answer reachability > graph_answer returns structured response (not 404 / MethodNotFound)
[graph_answer] Failed: TypeError: fetch failed
    at node:internal/deps/undici/undici:13510:13
    at processTicksAndRejections (node:internal/process/task_queues:105:5)
    at auditedAiFetch (<repo>\brain-server\src\security\audited-ai-fetch.ts:114:22)
    at Object.handler (<repo>\brain-server\src\api\handlers\mcp.ts:1748:32)
    at ApiRouter.handle (<repo>\brain-server\src\api\routes.ts:133:11)
    at Server.<anonymous> (<repo>\brain-server\src\api\routes.ts:366:5) {
  [cause]: AggregateError:
      at internalConnectMultiple (node:net:1139:18)
      at afterConnectMultiple (node:net:1714:7) {
    code: 'ECONNREFUSED',
    [errors]: [ [Error], [Error] ]
  }
}

[90mstdout[2m | tests/auth.test.ts[2m > [22m[2mdevice token migration[2m > [22m[2mupgrades a database that has all migrations through v12[22m[39m
Migration applied: add_discussions_table

[90mstdout[2m | tests/auth.test.ts[2m > [22m[2mdevice token migration[2m > [22m[2mupgrades a database that has all migrations through v12[22m[39m
Migration applied: add_mcp_usage_log

[90mstdout[2m | tests/auth.test.ts[2m > [22m[2mdevice token migration[2m > [22m[2mupgrades a database that has all migrations through v12[22m[39m
Migration applied: add_scoped_device_tokens

[90mstdout[2m | tests/failed-tasks.test.ts[2m > [22m[2mTask 5: POST /api/import/chat/failed/:batchId/retry[2m > [22m[2mretry job eventually resolves the failed task (mocked LLM)[22m[39m
[EmbeddingService] 正在加载本地模型: Xenova/multilingual-e5-small...

[90mstdout[2m | tests/auth.test.ts[2m > [22m[2mdevice token migration[2m > [22m[2mupgrades a database that has all migrations through v12[22m[39m
Migration applied: enforce_domain_type_constraints

[90mstdout[2m | tests/auth.test.ts[2m > [22m[2mdevice token migration[2m > [22m[2mupgrades a database that has all migrations through v12[22m[39m
Migration applied: add_temporal_assertions

[90mstdout[2m | tests/auth.test.ts[2m > [22m[2mdevice token migration[2m > [22m[2mupgrades a database that has all migrations through v12[22m[39m
Migration applied: add_ingestion_documents_and_chunks

[90mstdout[2m | tests/auth.test.ts[2m > [22m[2mdevice token migration[2m > [22m[2mupgrades a database that has all migrations through v12[22m[39m
Migration applied: add_entity_resolution_review_queue

[90mstdout[2m | tests/auth.test.ts[2m > [22m[2mdevice token migration[2m > [22m[2mupgrades a database that has all migrations through v12[22m[39m
Migration applied: add_assertion_conflict_audit

[90mstdout[2m | tests/auth.test.ts[2m > [22m[2mdevice token migration[2m > [22m[2mupgrades a database that has all migrations through v12[22m[39m
Migration applied: add_incremental_relationship_decay

[90mstdout[2m | tests/auth.test.ts[2m > [22m[2mdevice token migration[2m > [22m[2mupgrades a database that has all migrations through v12[22m[39m
Migration applied: add_behavior_events_and_proactive_insights

[90mstdout[2m | tests/auth.test.ts[2m > [22m[2mdevice token migration[2m > [22m[2mupgrades a database that has all migrations through v12[22m[39m
Migration applied: add_assertion_literal_type_versioning_fts

[90mstdout[2m | tests/auth.test.ts[2m > [22m[2mdevice token migration[2m > [22m[2mupgrades a database that has all migrations through v12[22m[39m
Migration applied: extend_entity_merge_audit_with_redirect_summary

[90mstdout[2m | tests/auth.test.ts[2m > [22m[2mdevice token migration[2m > [22m[2mupgrades a database that has all migrations through v12[22m[39m
Migration applied: add_failed_tasks_and_ingestion_provenance

[90mstdout[2m | tests/auth.test.ts[2m > [22m[2mdevice token migration[2m > [22m[2mupgrades a database that has all migrations through v12[22m[39m
[Database] sqlite-vec 扩展加载成功 ✓

[90mstdout[2m | tests/auth.test.ts[2m > [22m[2mdevice token migration[2m > [22m[2mupgrades a database that has all migrations through v12[22m[39m
Migration applied: add_scoped_device_tokens

 [32m✓[39m tests/auth.test.ts [2m ([22m[2m3 tests[22m[2m)[22m[33m 782[2mms[22m[39m
[90mstdout[2m | tests/failed-tasks.test.ts[2m > [22m[2mTask 5: POST /api/import/chat/failed/:batchId/retry[2m > [22m[2mretry job eventually resolves the failed task (mocked LLM)[22m[39m
[EmbeddingService] 本地模型加载完成

 [32m✓[39m tests/api.smoke.test.ts [2m ([22m[2m32 tests[22m[2m)[22m[33m 3629[2mms[22m[39m
 [32m✓[39m tests/failed-tasks.test.ts [2m ([22m[2m19 tests[22m[2m)[22m[33m 2136[2mms[22m[39m

[2m Test Files [22m [1m[32m28 passed[39m[22m[90m (28)[39m
[2m      Tests [22m [1m[32m241 passed[39m[22m[90m (241)[39m
[2m   Start at [22m 20:51:00
[2m   Duration [22m 16.92s[2m (transform 2.97s, setup 3ms, collect 69.75s, tests 36.62s, environment 9ms, prepare 31.82s)[22m
